gen_id,senaryo,growth,wt_buyume,oran,status,esansiyel
SRU_1045,Referans,0.2675676989539985,0.26756769895400023,0.9999999999999936,optimal,False
SRU_2766,Referans,0.0,0.26756769895400023,0.0,optimal,True
SRU_0542,Referans,0.26756769895402505,0.26756769895400023,1.0000000000000928,optimal,False
SRU_2127,Referans,2.905670538716465e-32,0.26756769895400023,1.0859571428373358e-31,optimal,True
SRU_2794,Referans,0.2675676989539908,0.26756769895400023,0.9999999999999647,optimal,False
SRU_2348,Referans,0.2675676989539997,0.26756769895400023,0.9999999999999979,optimal,False
SRU_0729,Referans,0.2675676989539997,0.26756769895400023,0.9999999999999979,optimal,False
SRU_2295,Referans,0.26194795117029823,0.26756769895400023,0.9789969125358882,optimal,False
SRU_1123,Referans,0.26756769895399934,0.26756769895400023,0.9999999999999967,optimal,False
SRU_2293,Referans,0.26194795117029757,0.26756769895400023,0.9789969125358857,optimal,False
SRU_1735,Referans,-9.245831988841097e-31,0.26756769895400023,-3.4555112687315165e-30,optimal,True
SRU_1448,Referans,0.26756769895400173,0.26756769895400023,1.0000000000000056,optimal,False
SRU_0529,Referans,0.26756769895400023,0.26756769895400023,1.0,optimal,False
SRU_0386,Referans,1.571673266188937e-16,0.26756769895400023,5.873927504452383e-16,optimal,True
SRU_1966,Referans,3.4666421795538055e-18,0.26756769895400023,1.2956131076755213e-17,optimal,True
SRU_1484,Referans,0.26756769895399934,0.26756769895400023,0.9999999999999967,optimal,False
SRU_0532,Referans,-7.229842034671746e-32,0.26756769895400023,-2.7020608477537822e-31,optimal,True
SRU_1862,Referans,-1.5598894841905471e-15,0.26756769895400023,-5.8298871287102584e-15,optimal,True
SRU_0728,Referans,5.179802995347431e-18,0.26756769895400023,1.935885017360759e-17,optimal,True
SRU_1342,Referans,0.2675676989540507,0.26756769895400023,1.0000000000001885,optimal,False
SRU_0959,Referans,0.26756769895400045,0.26756769895400023,1.0000000000000009,optimal,False
SRU_1912,Referans,0.0,0.26756769895400023,0.0,optimal,True
SRU_2846,Referans,0.2675676989540167,0.26756769895400023,1.0000000000000615,optimal,False
SRU_1053,Referans,0.26756769895399773,0.26756769895400023,0.9999999999999907,optimal,False
SRU_2160,Referans,0.26756769895399773,0.26756769895400023,0.9999999999999907,optimal,False
SRU_1835,Referans,0.26756769895399773,0.26756769895400023,0.9999999999999907,optimal,False
SRU_2080,Referans,0.26756769895399773,0.26756769895400023,0.9999999999999907,optimal,False
SRU_1233,Referans,0.26756769895399773,0.26756769895400023,0.9999999999999907,optimal,False
SRU_1609,Referans,0.0,0.26756769895400023,0.0,optimal,True
SRU_0804,Referans,0.0,0.26756769895400023,0.0,optimal,True
SRU_1116,Referans,0.0,0.26756769895400023,0.0,optimal,True
SRU_2426,Referans,0.0,0.26756769895400023,0.0,optimal,True
SRU_2239,Referans,0.0,0.26756769895400023,0.0,optimal,True
SRU_0396,Referans,0.2675676989539994,0.26756769895400023,0.9999999999999969,optimal,False
SRU_2430,Referans,0.2675676989539978,0.26756769895400023,0.9999999999999909,optimal,False
SRU_2743,Referans,0.2675676989539978,0.26756769895400023,0.9999999999999909,optimal,False
SRU_1130,Referans,0.2675676989539978,0.26756769895400023,0.9999999999999909,optimal,False
SRU_2787,Referans,0.26756769895399773,0.26756769895400023,0.9999999999999907,optimal,False
SRU_2111,Referans,0.2675676989540011,0.26756769895400023,1.0000000000000033,optimal,False
SRU_1961,Referans,0.26756769895399907,0.26756769895400023,0.9999999999999957,optimal,False
SRU_0905,Referans,0.26756769895399907,0.26756769895400023,0.9999999999999957,optimal,False
SRU_1503,Referans,0.26756769895399907,0.26756769895400023,0.9999999999999957,optimal,False
SRU_2076,Referans,0.26756769895399907,0.26756769895400023,0.9999999999999957,optimal,False
SRU_1456,Referans,0.26756769895399907,0.26756769895400023,0.9999999999999957,optimal,False
SRU_0521,Referans,0.0,0.26756769895400023,0.0,optimal,True
SRU_1594,Referans,0.2675676989539993,0.26756769895400023,0.9999999999999964,optimal,False
SRU_1142,Referans,0.26756769895399785,0.26756769895400023,0.9999999999999911,optimal,False
SRU_1014,Referans,0.26756769895399785,0.26756769895400023,0.9999999999999911,optimal,False
SRU_0558,Referans,0.0,0.26756769895400023,0.0,optimal,True
SRU_2100,Referans,0.2675676989539991,0.26756769895400023,0.9999999999999959,optimal,False
SRU_1303,Referans,0.2675676989540006,0.26756769895400023,1.0000000000000016,optimal,False
SRU_2784,Referans,0.2675676989540006,0.26756769895400023,1.0000000000000016,optimal,False
SRU_1791,Referans,0.2675676989540006,0.26756769895400023,1.0000000000000016,optimal,False
SRU_0824,Referans,9.5953668007049e-33,0.26756769895400023,3.586145427200657e-32,optimal,True
SRU_0855,Referans,0.2675676989541358,0.26756769895400023,1.0000000000005067,optimal,False
SRU_0674,Referans,0.0,0.26756769895400023,0.0,optimal,True
SRU_1970,Referans,0.2675676989539982,0.26756769895400023,0.9999999999999923,optimal,False
SRU_2199,Referans,0.2675676989539985,0.26756769895400023,0.9999999999999936,optimal,False
SRU_0600,Referans,0.2675676989539985,0.26756769895400023,0.9999999999999936,optimal,False
SRU_0505,Referans,0.2675676989539985,0.26756769895400023,0.9999999999999936,optimal,False
SRU_2184,Referans,0.0,0.26756769895400023,0.0,optimal,True
SRU_1366,Referans,0.26756769895399907,0.26756769895400023,0.9999999999999957,optimal,False
SRU_1670,Referans,0.26756769895400045,0.26756769895400023,1.0000000000000009,optimal,False
SRU_1701,Referans,0.26756769895400045,0.26756769895400023,1.0000000000000009,optimal,False
SRU_1042,Referans,0.26756769895400045,0.26756769895400023,1.0000000000000009,optimal,False
SRU_1963,Referans,0.26756769895400045,0.26756769895400023,1.0000000000000009,optimal,False
SRU_2202,Referans,0.26756769895400045,0.26756769895400023,1.0000000000000009,optimal,False
SRU_0756,Referans,0.26756769895400045,0.26756769895400023,1.0000000000000009,optimal,False
SRU_1705,Referans,0.26756769895400045,0.26756769895400023,1.0000000000000009,optimal,False
SRU_1906,Referans,0.26756769895399923,0.26756769895400023,0.9999999999999962,optimal,False
SRU_2296,Referans,0.2619479511703006,0.26756769895400023,0.9789969125358972,optimal,False
SRU_2444,Referans,0.26756769895400195,0.26756769895400023,1.0000000000000064,optimal,False
SRU_0383,Referans,0.2675676989539985,0.26756769895400023,0.9999999999999936,optimal,False
SRU_0414,Referans,0.267567698954,0.26756769895400023,0.9999999999999992,optimal,False
SRU_0022,Referans,0.267567698954,0.26756769895400023,0.9999999999999992,optimal,False
SRU_0670,Referans,0.26750157008156844,0.26756769895400023,0.999752851810251,optimal,False
SRU_2253,Referans,5.516869751345568e-18,0.26756769895400023,2.0618593996631926e-17,optimal,True
SRU_1349,Referans,0.2675676989540187,0.26756769895400023,1.000000000000069,optimal,False
SRU_0689,Referans,-3.097152399692485e-18,0.26756769895400023,-1.15752103553611e-17,optimal,True
SRU_1198,Referans,0.26756769895399996,0.26756769895400023,0.999999999999999,optimal,False
SRU_2701,Referans,-7.361827284801151e-31,0.26756769895400023,-2.751388644287285e-30,optimal,True
SRU_2695,Referans,0.2675676989539989,0.26756769895400023,0.999999999999995,optimal,False
SRU_1669,Referans,0.26756769895400107,0.26756769895400023,1.000000000000003,optimal,False
SRU_2042,Referans,0.26756769895400107,0.26756769895400023,1.000000000000003,optimal,False
SRU_1355,Referans,-4.834504577875026e-31,0.26756769895400023,-1.8068341570281117e-30,optimal,True
SRU_1497,Referans,0.2675676989540289,0.26756769895400023,1.000000000000107,optimal,False
SRU_0915,Referans,0.2675676989540002,0.26756769895400023,0.9999999999999998,optimal,False
SRU_1855,Referans,0.2675676989540002,0.26756769895400023,0.9999999999999998,optimal,False
SRU_1559,Referans,0.2675676989540002,0.26756769895400023,0.9999999999999998,optimal,False
SRU_1786,Referans,0.2675676989540004,0.26756769895400023,1.0000000000000007,optimal,False
SRU_0580,Referans,0.26756769895399835,0.26756769895400023,0.9999999999999929,optimal,False
SRU_1477,Referans,0.26756769895399835,0.26756769895400023,0.9999999999999929,optimal,False
SRU_1343,Referans,0.26756769895399835,0.26756769895400023,0.9999999999999929,optimal,False
SRU_1367,Referans,0.26756769895399835,0.26756769895400023,0.9999999999999929,optimal,False
SRU_0492,Referans,2.4795125446524676e-17,0.26756769895400023,9.266860515471791e-17,optimal,True
SRU_0960,Referans,0.2675676989539673,0.26756769895400023,0.999999999999877,optimal,False
SRU_0791,Referans,0.26756769895399957,0.26756769895400023,0.9999999999999976,optimal,False
SRU_2303,Referans,0.26756769895399957,0.26756769895400023,0.9999999999999976,optimal,False
SRU_2793,Referans,0.26756769895399957,0.26756769895400023,0.9999999999999976,optimal,False
SRU_2530,Referans,0.26756769895399957,0.26756769895400023,0.9999999999999976,optimal,False
SRU_0313,Referans,0.26756769895399957,0.26756769895400023,0.9999999999999976,optimal,False
SRU_0332,Referans,0.26756769895399957,0.26756769895400023,0.9999999999999976,optimal,False
SRU_0864,Referans,0.26756769895399957,0.26756769895400023,0.9999999999999976,optimal,False
SRU_0042,Referans,1.5009866746482098e-16,0.26756769895400023,5.609745423367627e-16,optimal,True
SRU_1081,Referans,0.0,0.26756769895400023,0.0,optimal,True
SRU_1162,Referans,0.26756769895399984,0.26756769895400023,0.9999999999999986,optimal,False
SRU_2420,Referans,0.2675676989540013,0.26756769895400023,1.000000000000004,optimal,False
SRU_1859,Referans,2.7523677902258315e-17,0.26756769895400023,1.0286622043638435e-16,optimal,True
SRU_1189,Referans,0.2675676989539973,0.26756769895400023,0.999999999999989,optimal,False
SRU_2210,Referans,0.267567698953996,0.26756769895400023,0.9999999999999842,optimal,False
SRU_0619,Referans,0.267567698953996,0.26756769895400023,0.9999999999999842,optimal,False
SRU_0348,Referans,0.267567698953996,0.26756769895400023,0.9999999999999842,optimal,False
SRU_0761,Referans,0.267567698953996,0.26756769895400023,0.9999999999999842,optimal,False
SRU_0398,Referans,0.267567698953996,0.26756769895400023,0.9999999999999842,optimal,False
SRU_0815,Referans,0.267567698953996,0.26756769895400023,0.9999999999999842,optimal,False
SRU_1138,Referans,0.267567698953996,0.26756769895400023,0.9999999999999842,optimal,False
SRU_0275,Referans,0.26756769895448396,0.26756769895400023,1.0000000000018079,optimal,False
SRU_0736,Referans,1.789125907805733e-17,0.26756769895400023,6.686628897284483e-17,optimal,True
SRU_1620,Referans,7.939208736466129e-32,0.26756769895400023,2.9671775657161904e-31,optimal,True
SRU_0936,Referans,0.2675676989539927,0.26756769895400023,0.9999999999999718,optimal,False
SRU_1724,Referans,0.2675676989540004,0.26756769895400023,1.0000000000000007,optimal,False
SRU_1842,Referans,0.2675676989540004,0.26756769895400023,1.0000000000000007,optimal,False
SRU_2277,Referans,4.3367688932036655e-17,0.26756769895400023,1.6208118207681095e-16,optimal,True
SRU_2075,Referans,0.2675676989539985,0.26756769895400023,0.9999999999999936,optimal,False
SRU_1854,Referans,0.2675676989539971,0.26756769895400023,0.9999999999999883,optimal,False
SRU_1286,Referans,0.2675676989539971,0.26756769895400023,0.9999999999999883,optimal,False
SRU_0080,Referans,1.686827953909398e-16,0.26756769895400023,6.304303398742441e-16,optimal,True
SRU_2405,Referans,0.26756769895400456,0.26756769895400023,1.0000000000000162,optimal,False
SRU_2367,Referans,0.2675676989539998,0.26756769895400023,0.9999999999999983,optimal,False
SRU_0692,Referans,0.2675676989539998,0.26756769895400023,0.9999999999999983,optimal,False
SRU_2197,Referans,0.0,0.26756769895400023,0.0,optimal,True
SRU_0576,Referans,0.0,0.26756769895400023,0.0,optimal,True
SRU_1971,Referans,0.26756769895399646,0.26756769895400023,0.9999999999999859,optimal,False
SRU_2317,Referans,1.5135839667430597e-17,0.26756769895400023,5.656826188886396e-17,optimal,True
SRU_1296,Referans,0.26756769895399957,0.26756769895400023,0.9999999999999976,optimal,False
SRU_1665,Referans,-2.097590835699305e-18,0.26756769895400023,-7.83947705160001e-18,optimal,True
SRU_1473,Referans,0.26756769895399984,0.26756769895400023,0.9999999999999986,optimal,False
SRU_0933,Referans,0.26756769895399696,0.26756769895400023,0.9999999999999878,optimal,False
SRU_1035,Referans,0.26756769895399696,0.26756769895400023,0.9999999999999878,optimal,False
SRU_0132,Referans,0.26756769895399696,0.26756769895400023,0.9999999999999878,optimal,False
SRU_0177,Referans,0.26756769895399696,0.26756769895400023,0.9999999999999878,optimal,False
SRU_1055,Referans,0.26756769895399696,0.26756769895400023,0.9999999999999878,optimal,False
SRU_1013,Referans,-1.3461719375967676e-17,0.26756769895400023,-5.0311451750691294e-17,optimal,True
SRU_0686,Referans,0.26756769895400184,0.26756769895400023,1.000000000000006,optimal,False
SRU_1430,Referans,8.92340803338777e-18,0.26756769895400023,3.3350094455616134e-17,optimal,True
SRU_0660,Referans,0.26756769895399685,0.26756769895400023,0.9999999999999873,optimal,False
SRU_1170,Referans,0.26756769895401916,0.26756769895400023,1.0000000000000708,optimal,False
SRU_1832,Referans,0.26756769895400057,0.26756769895400023,1.0000000000000013,optimal,False
SRU_2216,Referans,0.26756769895400057,0.26756769895400023,1.0000000000000013,optimal,False
SRU_1708,Referans,0.26756769895400057,0.26756769895400023,1.0000000000000013,optimal,False
SRU_1668,Referans,0.0,0.26756769895400023,0.0,optimal,True
SRU_1740,Referans,0.2675676989539979,0.26756769895400023,0.9999999999999913,optimal,False
SRU_2039,Referans,0.26756769895399807,0.26756769895400023,0.9999999999999919,optimal,False
SRU_2044,Referans,0.2675676989539965,0.26756769895400023,0.9999999999999861,optimal,False
SRU_0653,Referans,0.2675676989539965,0.26756769895400023,0.9999999999999861,optimal,False
SRU_1460,Referans,0.2675676989539965,0.26756769895400023,0.9999999999999861,optimal,False
SRU_1058,Referans,0.2675676989539965,0.26756769895400023,0.9999999999999861,optimal,False
SRU_0043,Referans,0.0,0.26756769895400023,0.0,optimal,True
SRU_1552,Referans,0.2675676989539985,0.26756769895400023,0.9999999999999936,optimal,False
SRU_0970,Referans,0.2675676989539985,0.26756769895400023,0.9999999999999936,optimal,False
SRU_0078,Referans,0.26756769895399846,0.26756769895400023,0.9999999999999933,optimal,False
SRU_2218,Referans,0.2675676989539973,0.26756769895400023,0.999999999999989,optimal,False
SRU_0846,Referans,0.2675676989539973,0.26756769895400023,0.999999999999989,optimal,False
SRU_2369,Referans,0.2675676989539973,0.26756769895400023,0.999999999999989,optimal,False
SRU_1457,Referans,0.2675676989539973,0.26756769895400023,0.999999999999989,optimal,False
SRU_1269,Referans,0.2675676989539973,0.26756769895400023,0.999999999999989,optimal,False
SRU_1553,Referans,0.0,0.26756769895400023,0.0,optimal,True
SRU_2450,Referans,0.2675676989539992,0.26756769895400023,0.999999999999996,optimal,False
SRU_2098,Referans,0.26756769895399696,0.26756769895400023,0.9999999999999878,optimal,False
SRU_2320,Referans,0.26756769895399696,0.26756769895400023,0.9999999999999878,optimal,False
SRU_1481,Referans,0.26756769895399696,0.26756769895400023,0.9999999999999878,optimal,False
SRU_1442,Referans,0.2675676989539977,0.26756769895400023,0.9999999999999905,optimal,False
SRU_0034,Referans,0.2675676989539977,0.26756769895400023,0.9999999999999905,optimal,False
SRU_1335,Referans,0.2675676989539977,0.26756769895400023,0.9999999999999905,optimal,False
SRU_2739,Referans,0.0,0.26756769895400023,0.0,optimal,True
SRU_1060,Referans,0.26756769895399873,0.26756769895400023,0.9999999999999944,optimal,False
SRU_1301,Referans,-2.9388567681034695e-32,0.26756769895400023,-1.0983600709623446e-31,optimal,True
SRU_2805,Referans,0.2675676989539691,0.26756769895400023,0.9999999999998836,optimal,False
SRU_1702,Referans,0.0,0.26756769895400023,0.0,optimal,True
SRU_1662,Referans,0.0,0.26756769895400023,0.0,optimal,True
SRU_1677,Referans,0.2675676989539973,0.26756769895400023,0.999999999999989,optimal,False
SRU_2373,Referans,0.267567698953998,0.26756769895400023,0.9999999999999917,optimal,False
SRU_0394,Referans,0.267567698953998,0.26756769895400023,0.9999999999999917,optimal,False
SRU_1036,Referans,0.267567698953998,0.26756769895400023,0.9999999999999917,optimal,False
SRU_1019,Referans,0.0,0.26756769895400023,0.0,optimal,True
SRU_0325,Referans,0.26756769895400145,0.26756769895400023,1.0000000000000047,optimal,False
SRU_1639,Referans,-5.312995738062468e-16,0.26756769895400023,-1.9856640987804246e-15,optimal,True
SRU_1626,Referans,0.2675676989539958,0.26756769895400023,0.9999999999999835,optimal,False
SRU_0785,Referans,0.2424530318850133,0.26756769895400023,0.9061371489639166,optimal,False
SRU_1839,Referans,5.796288267567187e-16,0.26756769895400023,2.166288490810572e-15,optimal,True
SRU_2386,Referans,0.04971168053815789,0.26756769895400023,0.18579103805315542,optimal,False
SRU_0427,Referans,0.2675676989539993,0.26756769895400023,0.9999999999999964,optimal,False
SRU_0079,Referans,0.2675676989539984,0.26756769895400023,0.9999999999999931,optimal,False
SRU_0666,Referans,0.2675676989540002,0.26756769895400023,0.9999999999999998,optimal,False
SRU_1471,Referans,0.2675676989540002,0.26756769895400023,0.9999999999999998,optimal,False
SRU_0571,Referans,0.26756769895399957,0.26756769895400023,0.9999999999999976,optimal,False
SRU_0038,Referans,0.26756769895399957,0.26756769895400023,0.9999999999999976,optimal,False
SRU_0431,Referans,0.26756769895399957,0.26756769895400023,0.9999999999999976,optimal,False
SRU_2804,Referans,0.26756769895399957,0.26756769895400023,0.9999999999999976,optimal,False
SRU_1526,Referans,0.0,0.26756769895400023,0.0,optimal,True
SRU_2302,Referans,0.2675676989540017,0.26756769895400023,1.0000000000000053,optimal,False
SRU_1560,Referans,4.640197743212818e-16,0.26756769895400023,1.7342144666014235e-15,optimal,True
SRU_1603,Referans,0.2675676989540157,0.26756769895400023,1.000000000000058,optimal,False
SRU_0902,Referans,0.2675676989539985,0.26756769895400023,0.9999999999999936,optimal,False
SRU_1770,Referans,0.26756769895399934,0.26756769895400023,0.9999999999999967,optimal,False
SRU_1760,Referans,0.26756769895399934,0.26756769895400023,0.9999999999999967,optimal,False
SRU_1657,Referans,0.2625960961035274,0.26756769895400023,0.9814192711978753,optimal,False
SRU_1474,Referans,0.26756769895399984,0.26756769895400023,0.9999999999999986,optimal,False
SRU_1059,Referans,0.26756769895399846,0.26756769895400023,0.9999999999999933,optimal,False
SRU_0030,Referans,3.49860603171651e-17,0.26756769895400023,1.3075591879713343e-16,optimal,True
SRU_0760,Referans,0.2675676989539923,0.26756769895400023,0.9999999999999704,optimal,False
SRU_2802,Referans,0.2675676989539963,0.26756769895400023,0.9999999999999852,optimal,False
SRU_1034,Referans,0.2675676989539963,0.26756769895400023,0.9999999999999852,optimal,False
SRU_1629,Referans,0.2675676989539963,0.26756769895400023,0.9999999999999852,optimal,False
SRU_0681,Referans,0.2675676989539963,0.26756769895400023,0.9999999999999852,optimal,False
SRU_0424,Referans,0.26756769895399635,0.26756769895400023,0.9999999999999855,optimal,False
SRU_0596,Referans,0.2675676989539976,0.26756769895400023,0.9999999999999902,optimal,False
SRU_1270,Referans,0.2675676989539976,0.26756769895400023,0.9999999999999902,optimal,False
SRU_0511,Referans,-2.1465763206046295e-16,0.26756769895400023,-8.022554026499534e-16,optimal,True
SRU_2198,Referans,-6.0023474151737895e-19,0.26756769895400023,-2.2433004576556537e-18,optimal,True
SRU_2255,Referans,0.2675676989539986,0.26756769895400023,0.999999999999994,optimal,False
SRU_1061,Referans,0.267567698953998,0.26756769895400023,0.9999999999999917,optimal,False
SRU_1253,Referans,0.267567698953998,0.26756769895400023,0.9999999999999917,optimal,False
SRU_1246,Referans,0.267567698953998,0.26756769895400023,0.9999999999999917,optimal,False
SRU_0074,Referans,0.267567698953998,0.26756769895400023,0.9999999999999917,optimal,False
SRU_0276,Referans,0.267567698953998,0.26756769895400023,0.9999999999999917,optimal,False
SRU_0647,Referans,0.267567698953998,0.26756769895400023,0.9999999999999917,optimal,False
SRU_1875,Referans,0.26756769895399807,0.26756769895400023,0.9999999999999919,optimal,False
SRU_1781,Referans,0.26756769895400023,0.26756769895400023,1.0,optimal,False
SRU_0962,Referans,0.0,0.26756769895400023,0.0,optimal,True
SRU_1831,Referans,0.26756769895399685,0.26756769895400023,0.9999999999999873,optimal,False
SRU_0362,Referans,0.2675676989540016,0.26756769895400023,1.000000000000005,optimal,False
SRU_1459,Referans,0.2675676989540016,0.26756769895400023,1.000000000000005,optimal,False
SRU_0531,Referans,0.2675676989540016,0.26756769895400023,1.000000000000005,optimal,False
SRU_1351,Referans,0.0,0.26756769895400023,0.0,optimal,True
SRU_0916,Referans,0.26756769895399735,0.26756769895400023,0.9999999999999892,optimal,False
SRU_1502,Referans,0.0,0.26756769895400023,0.0,optimal,True
SRU_0498,Referans,0.26756769895399823,0.26756769895400023,0.9999999999999926,optimal,False
SRU_0093,Referans,0.26756769895399957,0.26756769895400023,0.9999999999999976,optimal,False
SRU_0669,Referans,0.26756769895399957,0.26756769895400023,0.9999999999999976,optimal,False
SRU_0488,Referans,0.26756769895399957,0.26756769895400023,0.9999999999999976,optimal,False
SRU_1172,Referans,0.26756769895399957,0.26756769895400023,0.9999999999999976,optimal,False
SRU_1849,Referans,0.0,0.26756769895400023,0.0,optimal,True
SRU_0673,Referans,0.267567698953998,0.26756769895400023,0.9999999999999917,optimal,False
SRU_2206,Referans,0.26756769895399835,0.26756769895400023,0.9999999999999929,optimal,False
SRU_1667,Referans,0.0,0.26756769895400023,0.0,optimal,True
SRU_1291,Referans,0.26756769895399773,0.26756769895400023,0.9999999999999907,optimal,False
SRU_0588,Referans,0.2675676989540013,0.26756769895400023,1.000000000000004,optimal,False
SRU_2658,Referans,0.2675676989540013,0.26756769895400023,1.000000000000004,optimal,False
SRU_2145,Referans,-3.5506826526418734e-18,0.26756769895400023,-1.3270221579519957e-17,optimal,True
SRU_0480,Referans,0.0,0.26756769895400023,0.0,optimal,True
SRU_2656,Referans,0.0,0.26756769895400023,0.0,optimal,True
SRU_1447,Referans,0.267567698954,0.26756769895400023,0.9999999999999992,optimal,False
SRU_1119,Referans,0.26756769895399896,0.26756769895400023,0.9999999999999952,optimal,False
SRU_1778,Referans,0.26756769895399896,0.26756769895400023,0.9999999999999952,optimal,False
SRU_2740,Referans,0.26756769895399896,0.26756769895400023,0.9999999999999952,optimal,False
SRU_1874,Referans,0.0,0.26756769895400023,0.0,optimal,True
SRU_2019,Referans,0.2675676989539986,0.26756769895400023,0.999999999999994,optimal,False
SRU_1483,Referans,0.267567698953999,0.26756769895400023,0.9999999999999954,optimal,False
SRU_1075,Referans,0.26756769895399907,0.26756769895400023,0.9999999999999957,optimal,False
SRU_2287,Referans,0.2675676989539979,0.26756769895400023,0.9999999999999913,optimal,False
SRU_1611,Referans,0.2533784654550939,0.26756769895400023,0.9469695574078031,optimal,False
SRU_0727,Referans,-1.0454028566281404e-18,0.26756769895400023,-3.907059262814321e-18,optimal,True
SRU_1369,Referans,0.2675676989540088,0.26756769895400023,1.000000000000032,optimal,False
SRU_0482,Referans,0.2675676989539979,0.26756769895400023,0.9999999999999913,optimal,False
SRU_0581,Referans,0.2675676989539979,0.26756769895400023,0.9999999999999913,optimal,False
SRU_0618,Referans,0.2675676989539979,0.26756769895400023,0.9999999999999913,optimal,False
SRU_2437,Referans,0.2675676989539979,0.26756769895400023,0.9999999999999913,optimal,False
SRU_0937,Referans,0.2675676989539979,0.26756769895400023,0.9999999999999913,optimal,False
SRU_1550,Referans,0.2675676989539979,0.26756769895400023,0.9999999999999913,optimal,False
SRU_1969,Referans,0.2675676989539979,0.26756769895400023,0.9999999999999913,optimal,False
SRU_0432,Referans,0.2675676989539979,0.26756769895400023,0.9999999999999913,optimal,False
SRU_1005,Referans,0.2675676989539979,0.26756769895400023,0.9999999999999913,optimal,False
SRU_1446,Referans,0.26756769895399785,0.26756769895400023,0.9999999999999911,optimal,False
SRU_0397,Referans,0.26756769895399785,0.26756769895400023,0.9999999999999911,optimal,False
SRU_1047,Referans,0.26756769895399785,0.26756769895400023,0.9999999999999911,optimal,False
SRU_1419,Referans,0.26756769895399785,0.26756769895400023,0.9999999999999911,optimal,False
SRU_1495,Referans,0.26756769895399785,0.26756769895400023,0.9999999999999911,optimal,False
SRU_0528,Referans,0.26756769895399785,0.26756769895400023,0.9999999999999911,optimal,False
SRU_0382,Referans,0.26756769895399785,0.26756769895400023,0.9999999999999911,optimal,False
SRU_2173,Referans,1.6150259522472626e-31,0.26756769895400023,6.035952615210534e-31,optimal,True
SRU_1480,Referans,0.0,0.26756769895400023,0.0,optimal,True
SRU_1900,Referans,0.26756769895399324,0.26756769895400023,0.9999999999999739,optimal,False
SRU_1651,Referans,0.0,0.26756769895400023,0.0,optimal,True
SRU_0456,Referans,0.26756769895400406,0.26756769895400023,1.0000000000000142,optimal,False
SRU_1354,Referans,-6.280954593088146e-33,0.26756769895400023,-2.3474263215037613e-32,optimal,True
SRU_2753,Referans,0.0,0.26756769895400023,0.0,optimal,True
SRU_0395,Referans,0.26756769895399973,0.26756769895400023,0.9999999999999981,optimal,False
SRU_1623,Referans,0.26756769895399773,0.26756769895400023,0.9999999999999907,optimal,False
SRU_1949,Referans,0.26756769895399773,0.26756769895400023,0.9999999999999907,optimal,False
SRU_2063,Referans,7.840308510345376e-18,0.26756769895400023,2.930214873093956e-17,optimal,True
SRU_1772,Referans,0.2675676989540006,0.26756769895400023,1.0000000000000016,optimal,False
SRU_2204,Referans,0.26756769895399996,0.26756769895400023,0.999999999999999,optimal,False
SRU_0601,Referans,0.26756769895399996,0.26756769895400023,0.999999999999999,optimal,False
SRU_1031,Referans,0.26756769895399996,0.26756769895400023,0.999999999999999,optimal,False
SRU_0115,Referans,1.450821552924233e-16,0.26756769895400023,5.422259706967304e-16,optimal,True
SRU_0716,Referans,0.26756769895399835,0.26756769895400023,0.9999999999999929,optimal,False
SRU_1914,Referans,0.0,0.26756769895400023,0.0,optimal,True
SRU_0523,Referans,0.26756769895399757,0.26756769895400023,0.99999999999999,optimal,False
SRU_1929,Referans,0.0,0.26756769895400023,0.0,optimal,True
SRU_1041,Referans,0.26756769895400057,0.26756769895400023,1.0000000000000013,optimal,False
SRU_1235,Referans,0.2675676989539996,0.26756769895400023,0.9999999999999977,optimal,False
SRU_2334,Referans,0.2675676989539996,0.26756769895400023,0.9999999999999977,optimal,False
SRU_2072,Referans,0.2675676989539996,0.26756769895400023,0.9999999999999977,optimal,False
SRU_0981,Referans,0.2675676989539996,0.26756769895400023,0.9999999999999977,optimal,False
SRU_1774,Referans,0.2675676989539996,0.26756769895400023,0.9999999999999977,optimal,False
SRU_1955,Referans,0.2675676989539996,0.26756769895400023,0.9999999999999977,optimal,False
SRU_0314,Referans,0.2675676989539996,0.26756769895400023,0.9999999999999977,optimal,False
SRU_1139,Referans,0.0,0.26756769895400023,0.0,optimal,True
SRU_2375,Referans,0.26756769895402016,0.26756769895400023,1.0000000000000744,optimal,False
SRU_2489,Referans,0.0,0.26756769895400023,0.0,optimal,True
SRU_2557,Referans,0.2675676989540072,0.26756769895400023,1.0000000000000262,optimal,False
SRU_1214,Referans,0.26756769895400057,0.26756769895400023,1.0000000000000013,optimal,False
SRU_1782,Referans,0.26756769895400057,0.26756769895400023,1.0000000000000013,optimal,False
SRU_0007,Referans,0.26756769895400057,0.26756769895400023,1.0000000000000013,optimal,False
SRU_0591,Referans,0.26756769895400057,0.26756769895400023,1.0000000000000013,optimal,False
SRU_1039,Referans,0.2675676989539985,0.26756769895400023,0.9999999999999936,optimal,False
SRU_1741,Referans,0.2675676989539985,0.26756769895400023,0.9999999999999936,optimal,False
SRU_1344,Referans,0.2675676989539985,0.26756769895400023,0.9999999999999936,optimal,False
SRU_0961,Referans,0.0,0.26756769895400023,0.0,optimal,True
SRU_2082,Referans,0.26756769895398974,0.26756769895400023,0.9999999999999608,optimal,False
SRU_1866,Referans,0.26756769895399657,0.26756769895400023,0.9999999999999863,optimal,False
SRU_1758,Referans,0.26756769895399657,0.26756769895400023,0.9999999999999863,optimal,False
SRU_1062,Referans,0.26756769895399657,0.26756769895400023,0.9999999999999863,optimal,False
SRU_1125,Referans,0.26750157008156517,0.26756769895400023,0.9997528518102388,optimal,False
SRU_0412,Referans,6.935745946711224e-17,0.26756769895400023,2.5921462021854906e-16,optimal,True
SRU_1757,Referans,0.2675676989539995,0.26756769895400023,0.9999999999999973,optimal,False
SRU_1838,Referans,3.0852708304750866e-30,0.26756769895400023,1.1530804512414262e-29,optimal,True
SRU_1479,Referans,1.2638155143958528e-16,0.26756769895400023,4.723348593034489e-16,optimal,True
SRU_2246,Referans,0.26756769895399646,0.26756769895400023,0.9999999999999859,optimal,False
SRU_1538,Referans,0.26756769895399535,0.26756769895400023,0.9999999999999818,optimal,False
SRU_1287,Referans,0.26756769895399535,0.26756769895400023,0.9999999999999818,optimal,False
SRU_0850,Referans,0.26756769895399535,0.26756769895400023,0.9999999999999818,optimal,False
SRU_2708,Referans,0.26756769895399535,0.26756769895400023,0.9999999999999818,optimal,False
SRU_1334,Referans,0.0,0.26756769895400023,0.0,optimal,True
SRU_2171,Referans,0.26756769895398985,0.26756769895400023,0.9999999999999613,optimal,False
SRU_0036,Referans,0.2675676989539974,0.26756769895400023,0.9999999999999895,optimal,False
SRU_1443,Referans,0.2675676989539974,0.26756769895400023,0.9999999999999895,optimal,False
SRU_1858,Referans,0.2675676989539974,0.26756769895400023,0.9999999999999895,optimal,False
SRU_1513,Referans,0.2675676989539974,0.26756769895400023,0.9999999999999895,optimal,False
SRU_2380,Referans,0.2675676989539974,0.26756769895400023,0.9999999999999895,optimal,False
SRU_1827,Referans,-6.7080537452681645e-15,0.26756769895400023,-2.5070491585837502e-14,optimal,True
SRU_0459,Referans,0.26756769895399246,0.26756769895400023,0.9999999999999709,optimal,False
SRU_0975,Referans,0.26756769895399934,0.26756769895400023,0.9999999999999967,optimal,False
SRU_1153,Referans,-4.860800745855763e-31,0.26756769895400023,-1.8166620129627167e-30,optimal,True
SRU_1163,Referans,0.26756769895399174,0.26756769895400023,0.9999999999999682,optimal,False
SRU_0113,Referans,0.2675676989539969,0.26756769895400023,0.9999999999999876,optimal,False
SRU_2131,Referans,0.2675676989539969,0.26756769895400023,0.9999999999999876,optimal,False
SRU_0857,Referans,0.2675676989539969,0.26756769895400023,0.9999999999999876,optimal,False
SRU_1689,Referans,0.2675676989539969,0.26756769895400023,0.9999999999999876,optimal,False
SRU_0690,Referans,0.0,0.26756769895400023,0.0,optimal,True
SRU_2559,Referans,0.26756769895399835,0.26756769895400023,0.9999999999999929,optimal,False
SRU_0956,Referans,0.26756769895399846,0.26756769895400023,0.9999999999999933,optimal,False
SRU_1350,Referans,0.0,0.26756769895400023,0.0,optimal,True
SRU_1638,Referans,0.0,0.26756769895400023,0.0,optimal,True
SRU_2214,Referans,0.2675676989539974,0.26756769895400023,0.9999999999999895,optimal,False
SRU_1742,Referans,0.0,0.26756769895400023,0.0,optimal,True
SRU_2069,Referans,0.2547074315822466,0.26756769895400023,0.9519363980703646,optimal,False
SRU_0065,Referans,0.26756769895399685,0.26756769895400023,0.9999999999999873,optimal,False
SRU_0667,Referans,0.26756769895399907,0.26756769895400023,0.9999999999999957,optimal,False
SRU_0590,Referans,0.0,0.26756769895400023,0.0,optimal,True
SRU_1820,Referans,0.0,0.26756769895400023,0.0,optimal,True
SRU_1973,Referans,0.26756769895397486,0.26756769895400023,0.9999999999999052,optimal,False
SRU_2094,Referans,0.0,0.26756769895400023,0.0,optimal,True
SRU_0308,Referans,0.2675676989539979,0.26756769895400023,0.9999999999999913,optimal,False
SRU_2306,Referans,0.26756769895399757,0.26756769895400023,0.99999999999999,optimal,False
SRU_0368,Referans,0.26756769895399757,0.26756769895400023,0.99999999999999,optimal,False
SRU_2422,Referans,0.26756769895399757,0.26756769895400023,0.99999999999999,optimal,False
SRU_1433,Referans,0.26756769895399757,0.26756769895400023,0.99999999999999,optimal,False
SRU_0487,Referans,0.26755563772227936,0.26756769895400023,0.9999549226914608,optimal,False
SRU_1571,Referans,0.26756769895399907,0.26756769895400023,0.9999999999999957,optimal,False
SRU_1544,Referans,0.2675676989539996,0.26756769895400023,0.9999999999999977,optimal,False
SRU_1494,Referans,0.2675676989539996,0.26756769895400023,0.9999999999999977,optimal,False
SRU_1209,Referans,0.2675676989539996,0.26756769895400023,0.9999999999999977,optimal,False
SRU_1847,Referans,0.0,0.26756769895400023,0.0,optimal,True
SRU_0002,Referans,0.26756769895399724,0.26756769895400023,0.9999999999999888,optimal,False
SRU_1703,Referans,0.2675676989540005,0.26756769895400023,1.000000000000001,optimal,False
SRU_2058,Referans,0.2675676989540005,0.26756769895400023,1.000000000000001,optimal,False
SRU_1940,Referans,0.267567698954,0.26756769895400023,0.9999999999999992,optimal,False
SRU_2657,Referans,0.0,0.26756769895400023,0.0,optimal,True
SRU_0403,Referans,-2.743244781761286e-14,0.26756769895400023,-1.0252525968139748e-13,optimal,True
SRU_2077,Referans,-2.3233620445120324e-18,0.26756769895400023,-8.68326802373653e-18,optimal,True
SRU_2115,Referans,0.2675676989539986,0.26756769895400023,0.999999999999994,optimal,False
SRU_2146,Referans,1.4116554823462898e-31,0.26756769895400023,5.275881535270739e-31,optimal,True
SRU_2000,Referans,0.2675676989539964,0.26756769895400023,0.9999999999999857,optimal,False
SRU_1188,Referans,0.2675676989540005,0.26756769895400023,1.000000000000001,optimal,False
SRU_2355,Referans,0.2675676989540005,0.26756769895400023,1.000000000000001,optimal,False
SRU_1228,Referans,0.2675676989540005,0.26756769895400023,1.000000000000001,optimal,False
SRU_1501,Referans,0.0,0.26756769895400023,0.0,optimal,True
SRU_1066,Referans,0.2675676989540003,0.26756769895400023,1.0000000000000002,optimal,False
SRU_2551,Referans,0.26756769895400045,0.26756769895400023,1.0000000000000009,optimal,False
SRU_1564,Referans,0.0,0.26756769895400023,0.0,optimal,True
SRU_1561,Referans,0.0,0.26756769895400023,0.0,optimal,True
SRU_1843,Referans,0.2675676989540006,0.26756769895400023,1.0000000000000016,optimal,False
SRU_0796,Referans,0.267567698953998,0.26756769895400023,0.9999999999999917,optimal,False
SRU_1420,Referans,0.267567698953998,0.26756769895400023,0.9999999999999917,optimal,False
SRU_0634,Referans,0.267567698953998,0.26756769895400023,0.9999999999999917,optimal,False
SRU_2429,Referans,0.267567698953998,0.26756769895400023,0.9999999999999917,optimal,False
SRU_0485,Referans,0.267567698953998,0.26756769895400023,0.9999999999999917,optimal,False
SRU_0663,Referans,0.0,0.26756769895400023,0.0,optimal,True
SRU_0986,Referans,0.2675676989539982,0.26756769895400023,0.9999999999999923,optimal,False
SRU_1057,Referans,0.2675676989539975,0.26756769895400023,0.9999999999999898,optimal,False
SRU_1223,Referans,-3.084188026308446e-31,0.26756769895400023,-1.1526757670546302e-30,optimal,True
SRU_1052,Referans,0.2675676989540003,0.26756769895400023,1.0000000000000002,optimal,False
SRU_1618,Referans,0.2675676989539974,0.26756769895400023,0.9999999999999895,optimal,False
SRU_1761,Referans,0.2675676989539974,0.26756769895400023,0.9999999999999895,optimal,False
SRU_1265,Referans,0.2675676989539974,0.26756769895400023,0.9999999999999895,optimal,False
SRU_0131,Referans,0.0,0.26756769895400023,0.0,optimal,True
SRU_0746,Referans,0.26756769895399835,0.26756769895400023,0.9999999999999929,optimal,False
SRU_0709,Referans,0.2675676989539998,0.26756769895400023,0.9999999999999983,optimal,False
SRU_1199,Referans,0.2675676989539999,0.26756769895400023,0.9999999999999988,optimal,False
SRU_2845,Referans,0.2675676989540018,0.26756769895400023,1.0000000000000058,optimal,False
SRU_2301,Referans,-1.02964960165457e-30,0.26756769895400023,-3.8481834903083184e-30,optimal,True
SRU_1435,Referans,0.0,0.26756769895400023,0.0,optimal,True
SRU_2360,Referans,0.23802341791093826,0.26756769895400023,0.8895820341597318,optimal,False
SRU_1224,Referans,0.26756769895399846,0.26756769895400023,0.9999999999999933,optimal,False
SRU_2147,Referans,1.9238506831044726e-17,0.26756769895400023,7.190145487012681e-17,optimal,True
SRU_0400,Referans,0.2675676989540048,0.26756769895400023,1.000000000000017,optimal,False
SRU_1282,Referans,0.2675676989539978,0.26756769895400023,0.9999999999999909,optimal,False
SRU_2022,Referans,0.2675676989539978,0.26756769895400023,0.9999999999999909,optimal,False
SRU_0822,Referans,0.2675676989539978,0.26756769895400023,0.9999999999999909,optimal,False
SRU_0897,Referans,0.2675676989539978,0.26756769895400023,0.9999999999999909,optimal,False
SRU_1947,Referans,0.2675676989539978,0.26756769895400023,0.9999999999999909,optimal,False
SRU_1652,Referans,0.0,0.26756769895400023,0.0,optimal,True
SRU_1068,Referans,0.2675676989539896,0.26756769895400023,0.9999999999999601,optimal,False
SRU_1496,Referans,0.267567698953999,0.26756769895400023,0.9999999999999954,optimal,False
SRU_1046,Referans,0.267567698953999,0.26756769895400023,0.9999999999999954,optimal,False
SRU_1161,Referans,0.267567698953999,0.26756769895400023,0.9999999999999954,optimal,False
SRU_0567,Referans,0.267567698953999,0.26756769895400023,0.9999999999999954,optimal,False
SRU_0335,Referans,0.267567698953999,0.26756769895400023,0.9999999999999954,optimal,False
SRU_2408,Referans,0.267567698953999,0.26756769895400023,0.9999999999999954,optimal,False
SRU_1880,Referans,9.323753102366681e-17,0.26756769895400023,3.484633286759178e-16,optimal,True
SRU_2363,Referans,0.2675676989539949,0.26756769895400023,0.9999999999999801,optimal,False
SRU_1236,Referans,0.26756769895399846,0.26756769895400023,0.9999999999999933,optimal,False
SRU_2148,Referans,0.0,0.26756769895400023,0.0,optimal,True
SRU_2436,Referans,0.2675676989539955,0.26756769895400023,0.9999999999999823,optimal,False
SRU_2377,Referans,0.0,0.26756769895400023,0.0,optimal,True
SRU_0671,Referans,0.2675676989539965,0.26756769895400023,0.9999999999999861,optimal,False
SRU_1795,Referans,0.26756769895399807,0.26756769895400023,0.9999999999999919,optimal,False
SRU_0012,Referans,0.26756769895399807,0.26756769895400023,0.9999999999999919,optimal,False
SRU_1118,Referans,0.26756769895399807,0.26756769895400023,0.9999999999999919,optimal,False
SRU_0556,Referans,0.0,0.26756769895400023,0.0,optimal,True
SRU_1517,Referans,0.0,0.26756769895400023,0.0,optimal,True
SRU_2660,Referans,0.2675676989540088,0.26756769895400023,1.000000000000032,optimal,False
SRU_1155,Referans,0.2675676989539993,0.26756769895400023,0.9999999999999964,optimal,False
SRU_1555,Referans,0.2675676989540006,0.26756769895400023,1.0000000000000016,optimal,False
SRU_0847,Referans,0.26756769895399896,0.26756769895400023,0.9999999999999952,optimal,False
SRU_0938,Referans,0.26756769895399896,0.26756769895400023,0.9999999999999952,optimal,False
SRU_2294,Referans,0.2619479511702982,0.26756769895400023,0.978996912535888,optimal,False
SRU_0742,Referans,0.2675676989540026,0.26756769895400023,1.0000000000000089,optimal,False
SRU_0301,Referans,0.2675676989539996,0.26756769895400023,0.9999999999999977,optimal,False
SRU_0527,Referans,0.2675676989539996,0.26756769895400023,0.9999999999999977,optimal,False
SRU_2755,Referans,-2.8782056666945145e-32,0.26756769895400023,-1.0756924987381718e-31,optimal,True
SRU_0111,Referans,0.26756769895400057,0.26756769895400023,1.0000000000000013,optimal,False
SRU_1353,Referans,7.920595173862541e-17,0.26756769895400023,2.96022098512879e-16,optimal,True
SRU_1685,Referans,0.2675676989539946,0.26756769895400023,0.999999999999979,optimal,False
SRU_0703,Referans,0.26756769895400034,0.26756769895400023,1.0000000000000004,optimal,False
SRU_2099,Referans,0.26756769895400034,0.26756769895400023,1.0000000000000004,optimal,False
SRU_1463,Referans,0.26756769895400034,0.26756769895400023,1.0000000000000004,optimal,False
SRU_2097,Referans,0.26756769895400034,0.26756769895400023,1.0000000000000004,optimal,False
SRU_1370,Referans,0.2380234179109383,0.26756769895400023,0.8895820341597319,optimal,False
SRU_1445,Referans,0.2675676989539994,0.26756769895400023,0.9999999999999969,optimal,False
SRU_1725,Referans,0.26756769895399846,0.26756769895400023,0.9999999999999933,optimal,False
SRU_0568,Referans,0.0,0.26756769895400023,0.0,optimal,True
SRU_0787,Referans,0.26756769895399407,0.26756769895400023,0.999999999999977,optimal,False
SRU_2221,Referans,0.26756769895399846,0.26756769895400023,0.9999999999999933,optimal,False
SRU_1044,Referans,0.26756769895399846,0.26756769895400023,0.9999999999999933,optimal,False
SRU_1412,Referans,0.0,0.26756769895400023,0.0,optimal,True
SRU_1775,Referans,0.0,0.26756769895400023,0.0,optimal,True
SRU_1423,Referans,0.2675676989539936,0.26756769895400023,0.9999999999999754,optimal,False
SRU_1326,Referans,0.26756769895399807,0.26756769895400023,0.9999999999999919,optimal,False
SRU_1227,Referans,0.26756769895399807,0.26756769895400023,0.9999999999999919,optimal,False
SRU_1051,Referans,0.26756769895399807,0.26756769895400023,0.9999999999999919,optimal,False
SRU_0890,Referans,0.26756769895399807,0.26756769895400023,0.9999999999999919,optimal,False
SRU_2128,Referans,0.0,0.26756769895400023,0.0,optimal,True
SRU_1169,Referans,0.2675676989540043,0.26756769895400023,1.000000000000015,optimal,False
SRU_0238,Referans,0.26756769895399785,0.26756769895400023,0.9999999999999911,optimal,False
SRU_1788,Referans,0.2675676989539978,0.26756769895400023,0.9999999999999909,optimal,False
SRU_0989,Referans,0.2675676989539998,0.26756769895400023,0.9999999999999983,optimal,False
SRU_0682,Referans,1.7408637792094833e-16,0.26756769895400023,6.506255373929756e-16,optimal,True
SRU_0808,Referans,0.26756769895398913,0.26756769895400023,0.9999999999999585,optimal,False
SRU_0602,Referans,0.26756769895399957,0.26756769895400023,0.9999999999999976,optimal,False
SRU_2807,Referans,0.26756769895399957,0.26756769895400023,0.9999999999999976,optimal,False
SRU_0895,Referans,0.26756769895399957,0.26756769895400023,0.9999999999999976,optimal,False
SRU_1413,Referans,0.26756769895399957,0.26756769895400023,0.9999999999999976,optimal,False
SRU_1894,Referans,0.26756769895399957,0.26756769895400023,0.9999999999999976,optimal,False
SRU_0979,Referans,0.26756769895399957,0.26756769895400023,0.9999999999999976,optimal,False
SRU_0028,Referans,-1.7397560120391128e-31,0.26756769895400023,-6.502115236033063e-31,optimal,True
SRU_1621,Referans,-5.78259735453001e-16,0.26756769895400023,-2.161171687440547e-15,optimal,True
SRU_1260,Referans,0.26756769895400206,0.26756769895400023,1.0000000000000069,optimal,False
SRU_0323,Referans,0.2675676989539973,0.26756769895400023,0.999999999999989,optimal,False
SRU_1872,Referans,-3.139624681523829e-32,0.26756769895400023,-1.1733945068098774e-31,optimal,True
SRU_0326,Referans,0.26756769895400456,0.26756769895400023,1.0000000000000162,optimal,False
SRU_1210,Referans,0.2675676989539995,0.26756769895400023,0.9999999999999973,optimal,False
SRU_1745,Referans,0.2675676989539995,0.26756769895400023,0.9999999999999973,optimal,False
SRU_1684,Referans,0.0,0.26756769895400023,0.0,optimal,True
SRU_2068,Referans,0.2675676989540004,0.26756769895400023,1.0000000000000007,optimal,False
SRU_2152,Referans,0.2675676989540012,0.26756769895400023,1.0000000000000036,optimal,False
SRU_1027,Referans,0.2675676989540015,0.26756769895400023,1.0000000000000047,optimal,False
SRU_0479,Referans,0.26756769895400395,0.26756769895400023,1.000000000000014,optimal,False
SRU_0605,Referans,0.26756769895400395,0.26756769895400023,1.000000000000014,optimal,False
SRU_1133,Referans,0.2675676989540041,0.26756769895400023,1.0000000000000144,optimal,False
SRU_0597,Referans,0.26756769895399635,0.26756769895400023,0.9999999999999855,optimal,False
SRU_0538,Referans,0.26756769895399635,0.26756769895400023,0.9999999999999855,optimal,False
Unknown,Referans,0.23802341791093462,0.26756769895400023,0.8895820341597181,optimal,False
SRU_0947,Referans,0.26756769895399923,0.26756769895400023,0.9999999999999962,optimal,False
SRU_1257,Referans,0.26756769895399635,0.26756769895400023,0.9999999999999855,optimal,False
SRU_0544,Referans,0.26756769895399635,0.26756769895400023,0.9999999999999855,optimal,False
SRU_1913,Referans,4.19521356469779e-18,0.26756769895400023,1.5679073300320244e-17,optimal,True
SRU_0722,Referans,0.26756769895399446,0.26756769895400023,0.9999999999999785,optimal,False
SRU_0557,Referans,-1.306472590449098e-17,0.26756769895400023,-4.882773950504782e-17,optimal,True
SRU_2149,Referans,0.2675676989539954,0.26756769895400023,0.9999999999999819,optimal,False
SRU_0337,Referans,1.0281509858071627e-17,0.26756769895400023,3.842582605548066e-17,optimal,True
SRU_0001,Referans,0.26756769895399546,0.26756769895400023,0.9999999999999821,optimal,False
SRU_1664,Referans,0.2675676989539979,0.26756769895400023,0.9999999999999913,optimal,False
SRU_0041,Referans,4.3869594388167405e-18,0.26756769895400023,1.639569894261018e-17,optimal,True
SRU_0020,Referans,0.2675676989540001,0.26756769895400023,0.9999999999999996,optimal,False
SRU_0550,Referans,0.2675676989540042,0.26756769895400023,1.0000000000000147,optimal,False
SRU_1080,Referans,-4.878207435512421e-19,0.26756769895400023,-1.823167540245982e-18,optimal,True
SRU_1302,Referans,0.2675676989539942,0.26756769895400023,0.9999999999999774,optimal,False
SRU_1149,Referans,0.2675676989540038,0.26756769895400023,1.0000000000000133,optimal,False
SRU_0419,Referans,-4.2595620203167984e-18,0.26756769895400023,-1.5919567410299008e-17,optimal,True
SRU_1714,Referans,0.0,0.26756769895400023,0.0,optimal,True
SRU_0372,Referans,0.26756769895399074,0.26756769895400023,0.9999999999999645,optimal,False
SRU_0685,Referans,9.905486816652796e-18,0.26756769895400023,3.702048810591196e-17,optimal,True
SRU_1049,Referans,0.26756769895400406,0.26756769895400023,1.0000000000000142,optimal,False
SRU_1476,Referans,0.2675676989540038,0.26756769895400023,1.0000000000000133,optimal,False
SRU_1225,Referans,0.2675676989540038,0.26756769895400023,1.0000000000000133,optimal,False
SRU_1939,Referans,0.2675676989540038,0.26756769895400023,1.0000000000000133,optimal,False
SRU_1038,Referans,0.2675676989540038,0.26756769895400023,1.0000000000000133,optimal,False
SRU_0955,Referans,0.2675676989540038,0.26756769895400023,1.0000000000000133,optimal,False
SRU_2154,Referans,0.2675676989540038,0.26756769895400023,1.0000000000000133,optimal,False
SRU_1018,Referans,-3.920609831671326e-18,0.26756769895400023,-1.465277702427508e-17,optimal,True
SRU_0484,Referans,0.26755563772227364,0.26756769895400023,0.9999549226914395,optimal,False
SRU_2799,Referans,0.26756769895400095,0.26756769895400023,1.0000000000000027,optimal,False
SRU_1112,Referans,0.26756769895399907,0.26756769895400023,0.9999999999999957,optimal,False
SRU_1666,Referans,3.42438050094599e-18,0.26756769895400023,1.279818346658766e-17,optimal,True
SRU_2721,Referans,0.26756769895399335,0.26756769895400023,0.9999999999999742,optimal,False
SRU_1856,Referans,0.26756769895400134,0.26756769895400023,1.0000000000000042,optimal,False
SRU_0589,Referans,0.26756769895400134,0.26756769895400023,1.0000000000000042,optimal,False
SRU_0651,Referans,0.26756769895400134,0.26756769895400023,1.0000000000000042,optimal,False
SRU_1415,Referans,2.521008959119295e-19,0.26756769895400023,9.421948048941073e-19,optimal,True
SRU_0775,Referans,0.2675676989540013,0.26756769895400023,1.000000000000004,optimal,False
SRU_1411,Referans,5.0612170664892715e-18,0.26756769895400023,1.8915650455099916e-17,optimal,True
SRU_1285,Referans,0.2675676989540001,0.26756769895400023,0.9999999999999996,optimal,False
SRU_1252,Referans,0.26756769895399996,0.26756769895400023,0.999999999999999,optimal,False
SRU_0045,Referans,-3.063280002606242e-19,0.26756769895400023,-1.14486166102317e-18,optimal,True
SRU_1200,Referans,0.2675676989539883,0.26756769895400023,0.9999999999999554,optimal,False
SRU_1905,Referans,0.26756769895399857,0.26756769895400023,0.9999999999999938,optimal,False
SRU_1792,Referans,0.26756769895399923,0.26756769895400023,0.9999999999999962,optimal,False
SRU_0697,Referans,0.26756769895399923,0.26756769895400023,0.9999999999999962,optimal,False
SRU_1617,Referans,0.26756769895399923,0.26756769895400023,0.9999999999999962,optimal,False
SRU_1323,Referans,0.26756769895399923,0.26756769895400023,0.9999999999999962,optimal,False
SRU_0717,Referans,0.26756769895399923,0.26756769895400023,0.9999999999999962,optimal,False
SRU_2153,Referans,-2.0798278890118835e-17,0.26756769895400023,-7.773090313750629e-17,optimal,True
SRU_2806,Referans,0.26756769895400084,0.26756769895400023,1.0000000000000022,optimal,False
SRU_2497,Referans,0.26756769895399773,0.26756769895400023,0.9999999999999907,optimal,False
SRU_2319,Referans,0.26756769895399773,0.26756769895400023,0.9999999999999907,optimal,False
SRU_0969,Referans,-1.4926073878480845e-32,0.26756769895400023,-5.578428912320583e-32,optimal,True
SRU_1547,Referans,0.2675676989539999,0.26756769895400023,0.9999999999999988,optimal,False
SRU_0239,Referans,0.26756769895399934,0.26756769895400023,0.9999999999999967,optimal,False
SRU_0385,Referans,0.26756769895399934,0.26756769895400023,0.9999999999999967,optimal,False
SRU_0828,Referans,0.0,0.26756769895400023,0.0,optimal,True
SRU_0486,Referans,0.2675556377222819,0.26756769895400023,0.9999549226914703,optimal,False
SRU_1796,Referans,0.2675676989539995,0.26756769895400023,0.9999999999999973,optimal,False
SRU_0825,Referans,0.2675676989539998,0.26756769895400023,0.9999999999999983,optimal,False
SRU_0561,Referans,0.0,0.26756769895400023,0.0,optimal,True
SRU_1616,Referans,0.2675676989539705,0.26756769895400023,0.9999999999998888,optimal,False
SRU_1173,Referans,0.26756769895399934,0.26756769895400023,0.9999999999999967,optimal,False
SRU_0560,Referans,1.3806654981873307e-16,0.26756769895400023,5.160060439226233e-16,optimal,True
SRU_1215,Referans,8.993803846582938e-31,0.26756769895400023,3.361318978988244e-30,optimal,True
SRU_0496,Referans,0.2675676989540001,0.26756769895400023,0.9999999999999996,optimal,False
SRU_2207,Referans,0.26756769895399835,0.26756769895400023,0.9999999999999929,optimal,False
SRU_0838,Referans,0.26756769895399835,0.26756769895400023,0.9999999999999929,optimal,False
SRU_0569,Referans,0.0,0.26756769895400023,0.0,optimal,True
SRU_2791,Referans,0.0,0.26756769895400023,0.0,optimal,True
SRU_2150,Referans,0.2675676989539517,0.26756769895400023,0.9999999999998187,optimal,False
SRU_2681,Referans,0.2675676989539987,0.26756769895400023,0.9999999999999942,optimal,False
SRU_0422,Referans,4.22180259045051e-31,0.26756769895400023,1.5778446378074637e-30,optimal,True
SRU_0874,Referans,0.2675676989539964,0.26756769895400023,0.9999999999999857,optimal,False
SRU_0037,Referans,0.26756769895399773,0.26756769895400023,0.9999999999999907,optimal,False
SRU_2342,Referans,0.0,0.26756769895400023,0.0,optimal,True
SRU_1556,Referans,0.26756769895399685,0.26756769895400023,0.9999999999999873,optimal,False
SRU_0481,Referans,0.267567698953999,0.26756769895400023,0.9999999999999954,optimal,False
SRU_1630,Referans,0.267567698953999,0.26756769895400023,0.9999999999999954,optimal,False
SRU_1557,Referans,0.267567698953999,0.26756769895400023,0.9999999999999954,optimal,False
SRU_0300,Referans,0.267567698953999,0.26756769895400023,0.9999999999999954,optimal,False
SRU_1237,Referans,0.267567698953999,0.26756769895400023,0.9999999999999954,optimal,False
SRU_1267,Referans,0.267567698953999,0.26756769895400023,0.9999999999999954,optimal,False
SRU_1048,Referans,0.267567698953999,0.26756769895400023,0.9999999999999954,optimal,False
SRU_0364,Referans,0.267567698953999,0.26756769895400023,0.9999999999999954,optimal,False
SRU_0922,Referans,0.267567698953999,0.26756769895400023,0.9999999999999954,optimal,False
SRU_0839,Referans,0.267567698953999,0.26756769895400023,0.9999999999999954,optimal,False
SRU_0811,Referans,0.0,0.26756769895400023,0.0,optimal,True
SRU_1229,Referans,0.26756769895399957,0.26756769895400023,0.9999999999999976,optimal,False
SRU_0322,Referans,0.26756769895399773,0.26756769895400023,0.9999999999999907,optimal,False
SRU_0393,Referans,0.26756769895399773,0.26756769895400023,0.9999999999999907,optimal,False
SRU_0980,Referans,0.26756769895399773,0.26756769895400023,0.9999999999999907,optimal,False
SRU_1363,Referans,0.0,0.26756769895400023,0.0,optimal,True
SRU_1006,Referans,0.2675676989539999,0.26756769895400023,0.9999999999999988,optimal,False
SRU_2541,Referans,0.26756769895399957,0.26756769895400023,0.9999999999999976,optimal,False
SRU_2344,Referans,0.26756769895399957,0.26756769895400023,0.9999999999999976,optimal,False
SRU_0931,Referans,0.26756769895399957,0.26756769895400023,0.9999999999999976,optimal,False
SRU_2217,Referans,0.0,0.26756769895400023,0.0,optimal,True
SRU_1444,Referans,0.267567698954,0.26756769895400023,0.9999999999999992,optimal,False
SRU_1030,Referans,0.26756769895399957,0.26756769895400023,0.9999999999999976,optimal,False
SRU_2220,Referans,0.0,0.26756769895400023,0.0,optimal,True
SRU_1710,Referans,0.26756769895399957,0.26756769895400023,0.9999999999999976,optimal,False
SRU_0710,Referans,0.2675676989540008,0.26756769895400023,1.000000000000002,optimal,False
SRU_2060,Referans,-3.010704866604214e-32,0.26756769895400023,-1.125212377418475e-31,optimal,True
SRU_0963,Referans,-7.512155308587308e-16,0.26756769895400023,-2.807571817508056e-15,optimal,True
SRU_2693,Referans,0.26756769895414195,0.26756769895400023,1.0000000000005296,optimal,False
SRU_2205,Referans,0.2675676989539993,0.26756769895400023,0.9999999999999964,optimal,False
SRU_0423,Referans,0.2675676989539993,0.26756769895400023,0.9999999999999964,optimal,False
SRU_1709,Referans,0.26756769895399807,0.26756769895400023,0.9999999999999919,optimal,False
SRU_1211,Referans,0.26756769895399807,0.26756769895400023,0.9999999999999919,optimal,False
SRU_2219,Referans,0.26756769895399807,0.26756769895400023,0.9999999999999919,optimal,False
SRU_2812,Referans,0.26756769895399807,0.26756769895400023,0.9999999999999919,optimal,False
SRU_0608,Referans,0.26756769895399807,0.26756769895400023,0.9999999999999919,optimal,False
SRU_1514,Referans,0.26756769895399807,0.26756769895400023,0.9999999999999919,optimal,False
SRU_1614,Referans,0.26756769895399807,0.26756769895400023,0.9999999999999919,optimal,False
SRU_2709,Referans,0.26756769895399807,0.26756769895400023,0.9999999999999919,optimal,False
SRU_1050,Referans,0.26756769895399807,0.26756769895400023,0.9999999999999919,optimal,False
SRU_1744,Referans,0.26756769895399807,0.26756769895400023,0.9999999999999919,optimal,False
SRU_0573,Referans,0.26756769895399807,0.26756769895400023,0.9999999999999919,optimal,False
SRU_2761,Referans,0.2675676989539978,0.26756769895400023,0.9999999999999909,optimal,False
SRU_0691,Referans,0.2675676989539978,0.26756769895400023,0.9999999999999909,optimal,False
SRU_0461,Referans,0.2675676989539978,0.26756769895400023,0.9999999999999909,optimal,False
SRU_2203,Referans,0.2675676989539978,0.26756769895400023,0.9999999999999909,optimal,False
SRU_1554,Referans,0.0,0.26756769895400023,0.0,optimal,True
SRU_1384,Referans,0.267567698953999,0.26756769895400023,0.9999999999999954,optimal,False
SRU_1218,Referans,0.26756769895399796,0.26756769895400023,0.9999999999999915,optimal,False
SRU_1039,Mars_bakim_x1.5_orta,0.027960824540692555,0.027960824540692972,0.9999999999999851,optimal,False
SRU_1741,Mars_bakim_x1.5_orta,0.027960824540692555,0.027960824540692972,0.9999999999999851,optimal,False
SRU_1344,Mars_bakim_x1.5_orta,0.027960824540692555,0.027960824540692972,0.9999999999999851,optimal,False
SRU_0961,Mars_bakim_x1.5_orta,0.0,0.027960824540692972,0.0,optimal,True
SRU_2082,Mars_bakim_x1.5_orta,0.0279608245406925,0.027960824540692972,0.9999999999999831,optimal,False
SRU_1866,Mars_bakim_x1.5_orta,0.027960824540692483,0.027960824540692972,0.9999999999999825,optimal,False
SRU_1758,Mars_bakim_x1.5_orta,0.027960824540692483,0.027960824540692972,0.9999999999999825,optimal,False
SRU_1062,Mars_bakim_x1.5_orta,0.027960824540692483,0.027960824540692972,0.9999999999999825,optimal,False
SRU_1125,Mars_bakim_x1.5_orta,0.027953914073523396,0.027960824540692972,0.9997528518102348,optimal,False
SRU_0412,Mars_bakim_x1.5_orta,1.0403618920066837e-16,0.027960824540692972,3.720784022275831e-15,optimal,True
SRU_1757,Mars_bakim_x1.5_orta,0.027960824540693142,0.027960824540692972,1.000000000000006,optimal,False
SRU_1838,Mars_bakim_x1.5_orta,4.6296521757817005e-30,0.027960824540692972,1.6557638237899264e-28,optimal,True
SRU_1479,Mars_bakim_x1.5_orta,2.2891185160992314e-15,0.027960824540692972,8.186877725182058e-14,optimal,True
SRU_2246,Mars_bakim_x1.5_orta,0.027960824540692524,0.027960824540692972,0.999999999999984,optimal,False
SRU_1538,Mars_bakim_x1.5_orta,0.027960824540692424,0.027960824540692972,0.9999999999999803,optimal,False
SRU_1287,Mars_bakim_x1.5_orta,0.027960824540692424,0.027960824540692972,0.9999999999999803,optimal,False
SRU_0850,Mars_bakim_x1.5_orta,0.027960824540692424,0.027960824540692972,0.9999999999999803,optimal,False
SRU_2708,Mars_bakim_x1.5_orta,0.027960824540692424,0.027960824540692972,0.9999999999999803,optimal,False
SRU_1334,Mars_bakim_x1.5_orta,0.0,0.027960824540692972,0.0,optimal,True
SRU_2171,Mars_bakim_x1.5_orta,0.027960824540694165,0.027960824540692972,1.0000000000000426,optimal,False
SRU_0036,Mars_bakim_x1.5_orta,0.027960824540692812,0.027960824540692972,0.9999999999999943,optimal,False
SRU_1443,Mars_bakim_x1.5_orta,0.027960824540692812,0.027960824540692972,0.9999999999999943,optimal,False
SRU_1858,Mars_bakim_x1.5_orta,0.027960824540692812,0.027960824540692972,0.9999999999999943,optimal,False
SRU_1513,Mars_bakim_x1.5_orta,0.027960824540692812,0.027960824540692972,0.9999999999999943,optimal,False
SRU_2380,Mars_bakim_x1.5_orta,0.027960824540692812,0.027960824540692972,0.9999999999999943,optimal,False
SRU_1827,Mars_bakim_x1.5_orta,-1.0062080617902245e-14,0.027960824540692972,-3.598635155861848e-13,optimal,True
SRU_0459,Mars_bakim_x1.5_orta,0.027960824540691744,0.027960824540692972,0.999999999999956,optimal,False
SRU_0975,Mars_bakim_x1.5_orta,0.027960824540692868,0.027960824540692972,0.9999999999999962,optimal,False
SRU_1153,Mars_bakim_x1.5_orta,-7.345617202542026e-31,0.027960824540692972,-2.6271103671680113e-29,optimal,True
SRU_1163,Mars_bakim_x1.5_orta,0.027960824540691532,0.027960824540692972,0.9999999999999485,optimal,False
SRU_0113,Mars_bakim_x1.5_orta,0.027960824540692666,0.027960824540692972,0.9999999999999891,optimal,False
SRU_2131,Mars_bakim_x1.5_orta,0.027960824540692666,0.027960824540692972,0.9999999999999891,optimal,False
SRU_0857,Mars_bakim_x1.5_orta,0.027960824540692666,0.027960824540692972,0.9999999999999891,optimal,False
SRU_1689,Mars_bakim_x1.5_orta,0.027960824540692666,0.027960824540692972,0.9999999999999891,optimal,False
SRU_0690,Mars_bakim_x1.5_orta,0.0,0.027960824540692972,0.0,optimal,True
SRU_2559,Mars_bakim_x1.5_orta,0.02796082454069315,0.027960824540692972,1.0000000000000062,optimal,False
SRU_0956,Mars_bakim_x1.5_orta,0.027960824540692854,0.027960824540692972,0.9999999999999958,optimal,False
SRU_1350,Mars_bakim_x1.5_orta,0.0,0.027960824540692972,0.0,optimal,True
SRU_1638,Mars_bakim_x1.5_orta,0.0,0.027960824540692972,0.0,optimal,True
SRU_2214,Mars_bakim_x1.5_orta,0.02796082454069262,0.027960824540692972,0.9999999999999875,optimal,False
SRU_1742,Mars_bakim_x1.5_orta,0.0,0.027960824540692972,0.0,optimal,True
SRU_2069,Mars_bakim_x1.5_orta,0.026616926600344766,0.027960824540692972,0.9519363980703661,optimal,False
SRU_0065,Mars_bakim_x1.5_orta,0.02796082454069281,0.027960824540692972,0.9999999999999941,optimal,False
SRU_0667,Mars_bakim_x1.5_orta,0.027960824540692743,0.027960824540692972,0.9999999999999918,optimal,False
SRU_0590,Mars_bakim_x1.5_orta,0.0,0.027960824540692972,0.0,optimal,True
SRU_1820,Mars_bakim_x1.5_orta,0.0,0.027960824540692972,0.0,optimal,True
SRU_1973,Mars_bakim_x1.5_orta,0.027960824540690175,0.027960824540692972,0.9999999999999,optimal,False
SRU_2094,Mars_bakim_x1.5_orta,0.0,0.027960824540692972,0.0,optimal,True
SRU_0308,Mars_bakim_x1.5_orta,0.02796082454069286,0.027960824540692972,0.999999999999996,optimal,False
SRU_2306,Mars_bakim_x1.5_orta,0.027960824540692823,0.027960824540692972,0.9999999999999947,optimal,False
SRU_0368,Mars_bakim_x1.5_orta,0.027960824540692823,0.027960824540692972,0.9999999999999947,optimal,False
SRU_2422,Mars_bakim_x1.5_orta,0.027960824540692823,0.027960824540692972,0.9999999999999947,optimal,False
SRU_1433,Mars_bakim_x1.5_orta,0.027960824540692823,0.027960824540692972,0.9999999999999947,optimal,False
SRU_0487,Mars_bakim_x1.5_orta,0.02795956414197827,0.027960824540692972,0.9999549226914654,optimal,False
SRU_1571,Mars_bakim_x1.5_orta,0.02796082454069297,0.027960824540692972,0.9999999999999999,optimal,False
SRU_1544,Mars_bakim_x1.5_orta,0.02796082454069298,0.027960824540692972,1.0000000000000002,optimal,False
SRU_1494,Mars_bakim_x1.5_orta,0.02796082454069298,0.027960824540692972,1.0000000000000002,optimal,False
SRU_1209,Mars_bakim_x1.5_orta,0.02796082454069298,0.027960824540692972,1.0000000000000002,optimal,False
SRU_1847,Mars_bakim_x1.5_orta,0.0,0.027960824540692972,0.0,optimal,True
SRU_0002,Mars_bakim_x1.5_orta,0.027960824540692913,0.027960824540692972,0.9999999999999979,optimal,False
SRU_1703,Mars_bakim_x1.5_orta,0.02796082454069286,0.027960824540692972,0.999999999999996,optimal,False
SRU_2058,Mars_bakim_x1.5_orta,0.02796082454069286,0.027960824540692972,0.999999999999996,optimal,False
SRU_1940,Mars_bakim_x1.5_orta,0.02796082454069281,0.027960824540692972,0.9999999999999941,optimal,False
SRU_2657,Mars_bakim_x1.5_orta,0.0,0.027960824540692972,0.0,optimal,True
SRU_0403,Mars_bakim_x1.5_orta,-4.082953736257991e-14,0.027960824540692972,-1.4602408202647377e-12,optimal,True
SRU_2077,Mars_bakim_x1.5_orta,7.462588522444565e-18,0.027960824540692972,2.668944369499489e-16,optimal,True
SRU_2115,Mars_bakim_x1.5_orta,0.027960824540692854,0.027960824540692972,0.9999999999999958,optimal,False
SRU_2146,Mars_bakim_x1.5_orta,-3.37083336773758e-31,0.027960824540692972,-1.2055557813868526e-29,optimal,True
SRU_2000,Mars_bakim_x1.5_orta,0.027960824540692694,0.027960824540692972,0.9999999999999901,optimal,False
SRU_1188,Mars_bakim_x1.5_orta,0.02796082454069266,0.027960824540692972,0.9999999999999888,optimal,False
SRU_2355,Mars_bakim_x1.5_orta,0.02796082454069266,0.027960824540692972,0.9999999999999888,optimal,False
SRU_1228,Mars_bakim_x1.5_orta,0.02796082454069266,0.027960824540692972,0.9999999999999888,optimal,False
SRU_1501,Mars_bakim_x1.5_orta,0.0,0.027960824540692972,0.0,optimal,True
SRU_1066,Mars_bakim_x1.5_orta,0.02796082454069322,0.027960824540692972,1.0000000000000089,optimal,False
SRU_2551,Mars_bakim_x1.5_orta,0.027960824540692996,0.027960824540692972,1.0000000000000009,optimal,False
SRU_1564,Mars_bakim_x1.5_orta,0.0,0.027960824540692972,0.0,optimal,True
SRU_1561,Mars_bakim_x1.5_orta,0.0,0.027960824540692972,0.0,optimal,True
SRU_1843,Mars_bakim_x1.5_orta,0.027960824540692077,0.027960824540692972,0.999999999999968,optimal,False
SRU_0796,Mars_bakim_x1.5_orta,0.027960824540692802,0.027960824540692972,0.9999999999999939,optimal,False
SRU_1420,Mars_bakim_x1.5_orta,0.027960824540692802,0.027960824540692972,0.9999999999999939,optimal,False
SRU_0634,Mars_bakim_x1.5_orta,0.027960824540692802,0.027960824540692972,0.9999999999999939,optimal,False
SRU_2429,Mars_bakim_x1.5_orta,0.027960824540692802,0.027960824540692972,0.9999999999999939,optimal,False
SRU_0485,Mars_bakim_x1.5_orta,0.027960824540692802,0.027960824540692972,0.9999999999999939,optimal,False
SRU_0663,Mars_bakim_x1.5_orta,0.0,0.027960824540692972,0.0,optimal,True
SRU_0986,Mars_bakim_x1.5_orta,0.027960824540692805,0.027960824540692972,0.999999999999994,optimal,False
SRU_1057,Mars_bakim_x1.5_orta,0.027960824540692656,0.027960824540692972,0.9999999999999887,optimal,False
SRU_1223,Mars_bakim_x1.5_orta,-6.571805357477858e-32,0.027960824540692972,-2.3503617884778533e-30,optimal,True
SRU_1052,Mars_bakim_x1.5_orta,0.027960824540692937,0.027960824540692972,0.9999999999999988,optimal,False
SRU_1618,Mars_bakim_x1.5_orta,0.0279608245406924,0.027960824540692972,0.9999999999999796,optimal,False
SRU_1761,Mars_bakim_x1.5_orta,0.0279608245406924,0.027960824540692972,0.9999999999999796,optimal,False
SRU_1265,Mars_bakim_x1.5_orta,0.0279608245406924,0.027960824540692972,0.9999999999999796,optimal,False
SRU_0131,Mars_bakim_x1.5_orta,0.0,0.027960824540692972,0.0,optimal,True
SRU_0746,Mars_bakim_x1.5_orta,0.027960824540692774,0.027960824540692972,0.9999999999999929,optimal,False
SRU_0709,Mars_bakim_x1.5_orta,0.027960824540693086,0.027960824540692972,1.000000000000004,optimal,False
SRU_1199,Mars_bakim_x1.5_orta,0.0279608245406931,0.027960824540692972,1.0000000000000047,optimal,False
SRU_2845,Mars_bakim_x1.5_orta,0.027960824540693187,0.027960824540692972,1.0000000000000078,optimal,False
SRU_2301,Mars_bakim_x1.5_orta,-1.9389927761684483e-30,0.027960824540692972,-6.934676670019235e-29,optimal,True
SRU_1435,Mars_bakim_x1.5_orta,0.0,0.027960824540692972,0.0,optimal,True
SRU_2360,Mars_bakim_x1.5_orta,0.024873447171693285,0.027960824540692972,0.8895820341597419,optimal,False
SRU_1224,Mars_bakim_x1.5_orta,0.027960824540693135,0.027960824540692972,1.0000000000000058,optimal,False
SRU_2147,Mars_bakim_x1.5_orta,2.1810840709633192e-17,0.027960824540692972,7.800499830715163e-16,optimal,True
SRU_0400,Mars_bakim_x1.5_orta,0.02796082454069407,0.027960824540692972,1.0000000000000393,optimal,False
SRU_1282,Mars_bakim_x1.5_orta,0.027960824540693083,0.027960824540692972,1.000000000000004,optimal,False
SRU_2022,Mars_bakim_x1.5_orta,0.027960824540693083,0.027960824540692972,1.000000000000004,optimal,False
SRU_0822,Mars_bakim_x1.5_orta,0.027960824540693083,0.027960824540692972,1.000000000000004,optimal,False
SRU_0897,Mars_bakim_x1.5_orta,0.027960824540693083,0.027960824540692972,1.000000000000004,optimal,False
SRU_1947,Mars_bakim_x1.5_orta,0.027960824540693083,0.027960824540692972,1.000000000000004,optimal,False
SRU_1652,Mars_bakim_x1.5_orta,0.0,0.027960824540692972,0.0,optimal,True
SRU_1068,Mars_bakim_x1.5_orta,0.027960824540691966,0.027960824540692972,0.999999999999964,optimal,False
SRU_1496,Mars_bakim_x1.5_orta,0.027960824540692757,0.027960824540692972,0.9999999999999923,optimal,False
SRU_1046,Mars_bakim_x1.5_orta,0.027960824540692757,0.027960824540692972,0.9999999999999923,optimal,False
SRU_1161,Mars_bakim_x1.5_orta,0.027960824540692757,0.027960824540692972,0.9999999999999923,optimal,False
SRU_0567,Mars_bakim_x1.5_orta,0.027960824540692757,0.027960824540692972,0.9999999999999923,optimal,False
SRU_0335,Mars_bakim_x1.5_orta,0.027960824540692757,0.027960824540692972,0.9999999999999923,optimal,False
SRU_2408,Mars_bakim_x1.5_orta,0.027960824540692757,0.027960824540692972,0.9999999999999923,optimal,False
SRU_1880,Mars_bakim_x1.5_orta,1.3985629653550126e-16,0.027960824540692972,5.001865961855326e-15,optimal,True
SRU_2363,Mars_bakim_x1.5_orta,0.027960824540692833,0.027960824540692972,0.999999999999995,optimal,False
SRU_1236,Mars_bakim_x1.5_orta,0.027960824540692625,0.027960824540692972,0.9999999999999876,optimal,False
SRU_2148,Mars_bakim_x1.5_orta,0.0,0.027960824540692972,0.0,optimal,True
SRU_2436,Mars_bakim_x1.5_orta,0.027960824540693072,0.027960824540692972,1.0000000000000036,optimal,False
SRU_2377,Mars_bakim_x1.5_orta,0.0,0.027960824540692972,0.0,optimal,True
SRU_0671,Mars_bakim_x1.5_orta,0.027960824540692972,0.027960824540692972,1.0,optimal,False
SRU_1795,Mars_bakim_x1.5_orta,0.02796082454069245,0.027960824540692972,0.9999999999999813,optimal,False
SRU_0012,Mars_bakim_x1.5_orta,0.02796082454069245,0.027960824540692972,0.9999999999999813,optimal,False
SRU_1118,Mars_bakim_x1.5_orta,0.02796082454069245,0.027960824540692972,0.9999999999999813,optimal,False
SRU_0556,Mars_bakim_x1.5_orta,0.0,0.027960824540692972,0.0,optimal,True
SRU_1517,Mars_bakim_x1.5_orta,0.0,0.027960824540692972,0.0,optimal,True
SRU_2660,Mars_bakim_x1.5_orta,0.027960824540694092,0.027960824540692972,1.00000000000004,optimal,False
SRU_1155,Mars_bakim_x1.5_orta,0.02796082454069311,0.027960824540692972,1.0000000000000049,optimal,False
SRU_1555,Mars_bakim_x1.5_orta,0.027960824540693163,0.027960824540692972,1.0000000000000069,optimal,False
SRU_0847,Mars_bakim_x1.5_orta,0.02796082454069274,0.027960824540692972,0.9999999999999917,optimal,False
SRU_0938,Mars_bakim_x1.5_orta,0.02796082454069274,0.027960824540692972,0.9999999999999917,optimal,False
SRU_2294,Mars_bakim_x1.5_orta,0.027373560897295906,0.027960824540692972,0.9789969125358807,optimal,False
SRU_0742,Mars_bakim_x1.5_orta,0.027960824540693745,0.027960824540692972,1.0000000000000278,optimal,False
SRU_0301,Mars_bakim_x1.5_orta,0.027960824540692913,0.027960824540692972,0.9999999999999979,optimal,False
SRU_0527,Mars_bakim_x1.5_orta,0.027960824540692913,0.027960824540692972,0.9999999999999979,optimal,False
SRU_2755,Mars_bakim_x1.5_orta,-1.2792025185308955e-32,0.027960824540692972,-4.574981387509512e-31,optimal,True
SRU_0111,Mars_bakim_x1.5_orta,0.027960824540693336,0.027960824540692972,1.000000000000013,optimal,False
SRU_1353,Mars_bakim_x1.5_orta,1.1880892760793806e-16,0.027960824540692972,4.249121031285351e-15,optimal,True
SRU_1685,Mars_bakim_x1.5_orta,0.027960824540691678,0.027960824540692972,0.9999999999999537,optimal,False
SRU_0703,Mars_bakim_x1.5_orta,0.027960824540692635,0.027960824540692972,0.999999999999988,optimal,False
SRU_2099,Mars_bakim_x1.5_orta,0.027960824540692635,0.027960824540692972,0.999999999999988,optimal,False
SRU_1463,Mars_bakim_x1.5_orta,0.027960824540692635,0.027960824540692972,0.999999999999988,optimal,False
SRU_2097,Mars_bakim_x1.5_orta,0.027960824540692635,0.027960824540692972,0.999999999999988,optimal,False
SRU_1370,Mars_bakim_x1.5_orta,0.024873447171693045,0.027960824540692972,0.8895820341597334,optimal,False
SRU_1445,Mars_bakim_x1.5_orta,0.027960824540693013,0.027960824540692972,1.0000000000000016,optimal,False
SRU_1725,Mars_bakim_x1.5_orta,0.027960824540692413,0.027960824540692972,0.99999999999998,optimal,False
SRU_0568,Mars_bakim_x1.5_orta,0.0,0.027960824540692972,0.0,optimal,True
SRU_0787,Mars_bakim_x1.5_orta,0.02796082454069275,0.027960824540692972,0.999999999999992,optimal,False
SRU_2221,Mars_bakim_x1.5_orta,0.027960824540692413,0.027960824540692972,0.99999999999998,optimal,False
SRU_1044,Mars_bakim_x1.5_orta,0.027960824540692413,0.027960824540692972,0.99999999999998,optimal,False
SRU_1412,Mars_bakim_x1.5_orta,0.0,0.027960824540692972,0.0,optimal,True
SRU_1775,Mars_bakim_x1.5_orta,0.0,0.027960824540692972,0.0,optimal,True
SRU_1423,Mars_bakim_x1.5_orta,0.02796082454069157,0.027960824540692972,0.9999999999999498,optimal,False
SRU_1326,Mars_bakim_x1.5_orta,0.027960824540692777,0.027960824540692972,0.999999999999993,optimal,False
SRU_1227,Mars_bakim_x1.5_orta,0.027960824540692777,0.027960824540692972,0.999999999999993,optimal,False
SRU_1051,Mars_bakim_x1.5_orta,0.027960824540692777,0.027960824540692972,0.999999999999993,optimal,False
SRU_0890,Mars_bakim_x1.5_orta,0.027960824540692777,0.027960824540692972,0.999999999999993,optimal,False
SRU_1552,Mars_bakim_x1.5_orta,0.027960824540692555,0.027960824540692972,0.9999999999999851,optimal,False
SRU_0970,Mars_bakim_x1.5_orta,0.027960824540692555,0.027960824540692972,0.9999999999999851,optimal,False
SRU_0078,Mars_bakim_x1.5_orta,0.027960824540692566,0.027960824540692972,0.9999999999999855,optimal,False
SRU_2218,Mars_bakim_x1.5_orta,0.02796082454069195,0.027960824540692972,0.9999999999999635,optimal,False
SRU_0846,Mars_bakim_x1.5_orta,0.02796082454069195,0.027960824540692972,0.9999999999999635,optimal,False
SRU_2369,Mars_bakim_x1.5_orta,0.02796082454069195,0.027960824540692972,0.9999999999999635,optimal,False
SRU_1457,Mars_bakim_x1.5_orta,0.02796082454069195,0.027960824540692972,0.9999999999999635,optimal,False
SRU_1269,Mars_bakim_x1.5_orta,0.02796082454069195,0.027960824540692972,0.9999999999999635,optimal,False
SRU_1553,Mars_bakim_x1.5_orta,0.0,0.027960824540692972,0.0,optimal,True
SRU_2450,Mars_bakim_x1.5_orta,0.027960824540693006,0.027960824540692972,1.0000000000000013,optimal,False
SRU_2098,Mars_bakim_x1.5_orta,0.027960824540692347,0.027960824540692972,0.9999999999999777,optimal,False
SRU_2320,Mars_bakim_x1.5_orta,0.027960824540692347,0.027960824540692972,0.9999999999999777,optimal,False
SRU_1481,Mars_bakim_x1.5_orta,0.027960824540692344,0.027960824540692972,0.9999999999999776,optimal,False
SRU_1442,Mars_bakim_x1.5_orta,0.027960824540692722,0.027960824540692972,0.9999999999999911,optimal,False
SRU_0034,Mars_bakim_x1.5_orta,0.027960824540692722,0.027960824540692972,0.9999999999999911,optimal,False
SRU_1335,Mars_bakim_x1.5_orta,0.027960824540692722,0.027960824540692972,0.9999999999999911,optimal,False
SRU_2739,Mars_bakim_x1.5_orta,0.0,0.027960824540692972,0.0,optimal,True
SRU_1060,Mars_bakim_x1.5_orta,0.027960824540692878,0.027960824540692972,0.9999999999999967,optimal,False
SRU_1301,Mars_bakim_x1.5_orta,-5.3714308664730786e-31,0.027960824540692972,-1.9210559612273705e-29,optimal,True
SRU_2805,Mars_bakim_x1.5_orta,0.027960824540689554,0.027960824540692972,0.9999999999998778,optimal,False
SRU_1702,Mars_bakim_x1.5_orta,0.0,0.027960824540692972,0.0,optimal,True
SRU_1662,Mars_bakim_x1.5_orta,0.0,0.027960824540692972,0.0,optimal,True
SRU_1677,Mars_bakim_x1.5_orta,0.027960824540692847,0.027960824540692972,0.9999999999999956,optimal,False
SRU_2373,Mars_bakim_x1.5_orta,0.02796082454069252,0.027960824540692972,0.9999999999999839,optimal,False
SRU_0394,Mars_bakim_x1.5_orta,0.02796082454069252,0.027960824540692972,0.9999999999999839,optimal,False
SRU_1036,Mars_bakim_x1.5_orta,0.02796082454069252,0.027960824540692972,0.9999999999999839,optimal,False
SRU_1019,Mars_bakim_x1.5_orta,0.0,0.027960824540692972,0.0,optimal,True
SRU_0325,Mars_bakim_x1.5_orta,0.027960824540693523,0.027960824540692972,1.0000000000000198,optimal,False
SRU_1639,Mars_bakim_x1.5_orta,-3.4865810020497705e-16,0.027960824540692972,-1.2469521408338841e-14,optimal,True
SRU_1626,Mars_bakim_x1.5_orta,0.027960824540691962,0.027960824540692972,0.9999999999999639,optimal,False
SRU_0785,Mars_bakim_x1.5_orta,0.025336341831983678,0.027960824540692972,0.9061371489639107,optimal,False
SRU_1839,Mars_bakim_x1.5_orta,-5.770065255632087e-16,0.027960824540692972,-2.063624857426713e-14,optimal,True
SRU_2386,Mars_bakim_x1.5_orta,0.005194870616238762,0.027960824540692972,0.18579103805320094,optimal,False
SRU_0427,Mars_bakim_x1.5_orta,0.027960824540692895,0.027960824540692972,0.9999999999999972,optimal,False
SRU_0079,Mars_bakim_x1.5_orta,0.0279608245406926,0.027960824540692972,0.9999999999999867,optimal,False
SRU_0666,Mars_bakim_x1.5_orta,0.02796082454069283,0.027960824540692972,0.9999999999999949,optimal,False
SRU_1471,Mars_bakim_x1.5_orta,0.02796082454069283,0.027960824540692972,0.9999999999999949,optimal,False
SRU_0571,Mars_bakim_x1.5_orta,0.02796082454069253,0.027960824540692972,0.9999999999999842,optimal,False
SRU_0038,Mars_bakim_x1.5_orta,0.02796082454069253,0.027960824540692972,0.9999999999999842,optimal,False
SRU_0431,Mars_bakim_x1.5_orta,0.02796082454069253,0.027960824540692972,0.9999999999999842,optimal,False
SRU_2804,Mars_bakim_x1.5_orta,0.02796082454069253,0.027960824540692972,0.9999999999999842,optimal,False
SRU_1526,Mars_bakim_x1.5_orta,0.0,0.027960824540692972,0.0,optimal,True
SRU_2302,Mars_bakim_x1.5_orta,0.027960824540693412,0.027960824540692972,1.0000000000000158,optimal,False
SRU_1560,Mars_bakim_x1.5_orta,6.96029661481921e-16,0.027960824540692972,2.4893030621073052e-14,optimal,True
SRU_1603,Mars_bakim_x1.5_orta,0.02796082454069472,0.027960824540692972,1.0000000000000626,optimal,False
SRU_0902,Mars_bakim_x1.5_orta,0.027960824540692528,0.027960824540692972,0.9999999999999841,optimal,False
SRU_1770,Mars_bakim_x1.5_orta,0.02796082454069289,0.027960824540692972,0.999999999999997,optimal,False
SRU_1760,Mars_bakim_x1.5_orta,0.02796082454069289,0.027960824540692972,0.999999999999997,optimal,False
SRU_1657,Mars_bakim_x1.5_orta,0.027441292042818564,0.027960824540692972,0.9814192711978753,optimal,False
SRU_1474,Mars_bakim_x1.5_orta,0.027960824540692857,0.027960824540692972,0.9999999999999959,optimal,False
SRU_1059,Mars_bakim_x1.5_orta,0.02796082454069266,0.027960824540692972,0.9999999999999888,optimal,False
SRU_0030,Mars_bakim_x1.5_orta,5.247909047574765e-17,0.027960824540692972,1.876879217183737e-15,optimal,True
SRU_0760,Mars_bakim_x1.5_orta,0.027960824540692864,0.027960824540692972,0.9999999999999961,optimal,False
SRU_2802,Mars_bakim_x1.5_orta,0.027960824540692493,0.027960824540692972,0.9999999999999829,optimal,False
SRU_1034,Mars_bakim_x1.5_orta,0.027960824540692493,0.027960824540692972,0.9999999999999829,optimal,False
SRU_1629,Mars_bakim_x1.5_orta,0.027960824540692493,0.027960824540692972,0.9999999999999829,optimal,False
SRU_0681,Mars_bakim_x1.5_orta,0.027960824540692493,0.027960824540692972,0.9999999999999829,optimal,False
SRU_0424,Mars_bakim_x1.5_orta,0.027960824540692507,0.027960824540692972,0.9999999999999833,optimal,False
SRU_0596,Mars_bakim_x1.5_orta,0.027960824540692805,0.027960824540692972,0.999999999999994,optimal,False
SRU_1270,Mars_bakim_x1.5_orta,0.027960824540692805,0.027960824540692972,0.999999999999994,optimal,False
SRU_0511,Mars_bakim_x1.5_orta,-3.2198644809069607e-16,0.027960824540692972,-1.151562778923386e-14,optimal,True
SRU_2198,Mars_bakim_x1.5_orta,-4.213078395231397e-18,0.027960824540692972,-1.5067790254539401e-16,optimal,True
SRU_2255,Mars_bakim_x1.5_orta,0.027960824540692857,0.027960824540692972,0.9999999999999959,optimal,False
SRU_1061,Mars_bakim_x1.5_orta,0.027960824540692646,0.027960824540692972,0.9999999999999883,optimal,False
SRU_1253,Mars_bakim_x1.5_orta,0.027960824540692646,0.027960824540692972,0.9999999999999883,optimal,False
SRU_1246,Mars_bakim_x1.5_orta,0.027960824540692646,0.027960824540692972,0.9999999999999883,optimal,False
SRU_0074,Mars_bakim_x1.5_orta,0.027960824540692646,0.027960824540692972,0.9999999999999883,optimal,False
SRU_0276,Mars_bakim_x1.5_orta,0.027960824540692646,0.027960824540692972,0.9999999999999883,optimal,False
SRU_0647,Mars_bakim_x1.5_orta,0.027960824540692646,0.027960824540692972,0.9999999999999883,optimal,False
SRU_1875,Mars_bakim_x1.5_orta,0.027960824540692663,0.027960824540692972,0.999999999999989,optimal,False
SRU_1781,Mars_bakim_x1.5_orta,0.02796082454069285,0.027960824540692972,0.9999999999999957,optimal,False
SRU_0962,Mars_bakim_x1.5_orta,0.0,0.027960824540692972,0.0,optimal,True
SRU_1831,Mars_bakim_x1.5_orta,0.027960824540692642,0.027960824540692972,0.9999999999999882,optimal,False
SRU_0362,Mars_bakim_x1.5_orta,0.027960824540693173,0.027960824540692972,1.000000000000007,optimal,False
SRU_1459,Mars_bakim_x1.5_orta,0.027960824540693173,0.027960824540692972,1.000000000000007,optimal,False
SRU_0531,Mars_bakim_x1.5_orta,0.027960824540693173,0.027960824540692972,1.000000000000007,optimal,False
SRU_1351,Mars_bakim_x1.5_orta,0.0,0.027960824540692972,0.0,optimal,True
SRU_0916,Mars_bakim_x1.5_orta,0.02796082454069272,0.027960824540692972,0.9999999999999909,optimal,False
SRU_1502,Mars_bakim_x1.5_orta,0.0,0.027960824540692972,0.0,optimal,True
SRU_0498,Mars_bakim_x1.5_orta,0.027960824540692816,0.027960824540692972,0.9999999999999944,optimal,False
SRU_0093,Mars_bakim_x1.5_orta,0.027960824540692743,0.027960824540692972,0.9999999999999918,optimal,False
SRU_0669,Mars_bakim_x1.5_orta,0.027960824540692743,0.027960824540692972,0.9999999999999918,optimal,False
SRU_0488,Mars_bakim_x1.5_orta,0.027960824540692743,0.027960824540692972,0.9999999999999918,optimal,False
SRU_1172,Mars_bakim_x1.5_orta,0.027960824540692743,0.027960824540692972,0.9999999999999918,optimal,False
SRU_1849,Mars_bakim_x1.5_orta,0.0,0.027960824540692972,0.0,optimal,True
SRU_0673,Mars_bakim_x1.5_orta,0.027960824540692646,0.027960824540692972,0.9999999999999883,optimal,False
SRU_2206,Mars_bakim_x1.5_orta,0.027960824540692805,0.027960824540692972,0.999999999999994,optimal,False
SRU_1667,Mars_bakim_x1.5_orta,0.0,0.027960824540692972,0.0,optimal,True
SRU_1291,Mars_bakim_x1.5_orta,0.027960824540692767,0.027960824540692972,0.9999999999999927,optimal,False
SRU_0588,Mars_bakim_x1.5_orta,0.027960824540693412,0.027960824540692972,1.0000000000000158,optimal,False
SRU_2658,Mars_bakim_x1.5_orta,0.027960824540693412,0.027960824540692972,1.0000000000000158,optimal,False
SRU_2145,Mars_bakim_x1.5_orta,-1.508690135874274e-17,0.027960824540692972,-5.395728347275996e-16,optimal,True
SRU_0480,Mars_bakim_x1.5_orta,0.0,0.027960824540692972,0.0,optimal,True
SRU_2656,Mars_bakim_x1.5_orta,0.0,0.027960824540692972,0.0,optimal,True
SRU_1447,Mars_bakim_x1.5_orta,0.027960824540692916,0.027960824540692972,0.999999999999998,optimal,False
SRU_1119,Mars_bakim_x1.5_orta,0.0279608245406932,0.027960824540692972,1.0000000000000082,optimal,False
SRU_1778,Mars_bakim_x1.5_orta,0.0279608245406932,0.027960824540692972,1.0000000000000082,optimal,False
SRU_2740,Mars_bakim_x1.5_orta,0.0279608245406932,0.027960824540692972,1.0000000000000082,optimal,False
SRU_1874,Mars_bakim_x1.5_orta,0.0,0.027960824540692972,0.0,optimal,True
SRU_2019,Mars_bakim_x1.5_orta,0.027960824540692843,0.027960824540692972,0.9999999999999954,optimal,False
SRU_1483,Mars_bakim_x1.5_orta,0.027960824540693048,0.027960824540692972,1.0000000000000027,optimal,False
SRU_1075,Mars_bakim_x1.5_orta,0.027960824540693048,0.027960824540692972,1.0000000000000027,optimal,False
SRU_2287,Mars_bakim_x1.5_orta,0.02796082454069247,0.027960824540692972,0.999999999999982,optimal,False
SRU_1611,Mars_bakim_x1.5_orta,0.02647804964005725,0.027960824540692972,0.9469695574078026,optimal,False
SRU_0727,Mars_bakim_x1.5_orta,-2.123565750609109e-17,0.027960824540692972,-7.594789443775392e-16,optimal,True
SRU_1369,Mars_bakim_x1.5_orta,0.027960824540693933,0.027960824540692972,1.0000000000000344,optimal,False
SRU_0482,Mars_bakim_x1.5_orta,0.027960824540692767,0.027960824540692972,0.9999999999999927,optimal,False
SRU_0581,Mars_bakim_x1.5_orta,0.027960824540692767,0.027960824540692972,0.9999999999999927,optimal,False
SRU_0618,Mars_bakim_x1.5_orta,0.027960824540692767,0.027960824540692972,0.9999999999999927,optimal,False
SRU_2437,Mars_bakim_x1.5_orta,0.027960824540692767,0.027960824540692972,0.9999999999999927,optimal,False
SRU_0937,Mars_bakim_x1.5_orta,0.027960824540692767,0.027960824540692972,0.9999999999999927,optimal,False
SRU_1550,Mars_bakim_x1.5_orta,0.027960824540692767,0.027960824540692972,0.9999999999999927,optimal,False
SRU_1969,Mars_bakim_x1.5_orta,0.027960824540692767,0.027960824540692972,0.9999999999999927,optimal,False
SRU_0432,Mars_bakim_x1.5_orta,0.027960824540692767,0.027960824540692972,0.9999999999999927,optimal,False
SRU_1005,Mars_bakim_x1.5_orta,0.027960824540692767,0.027960824540692972,0.9999999999999927,optimal,False
SRU_1446,Mars_bakim_x1.5_orta,0.027960824540692743,0.027960824540692972,0.9999999999999918,optimal,False
SRU_0397,Mars_bakim_x1.5_orta,0.027960824540692545,0.027960824540692972,0.9999999999999848,optimal,False
SRU_1047,Mars_bakim_x1.5_orta,0.027960824540692545,0.027960824540692972,0.9999999999999848,optimal,False
SRU_1419,Mars_bakim_x1.5_orta,0.027960824540692545,0.027960824540692972,0.9999999999999848,optimal,False
SRU_1495,Mars_bakim_x1.5_orta,0.027960824540692545,0.027960824540692972,0.9999999999999848,optimal,False
SRU_0528,Mars_bakim_x1.5_orta,0.027960824540692545,0.027960824540692972,0.9999999999999848,optimal,False
SRU_0382,Mars_bakim_x1.5_orta,0.027960824540692545,0.027960824540692972,0.9999999999999848,optimal,False
SRU_2173,Mars_bakim_x1.5_orta,-6.586696501466437e-32,0.027960824540692972,-2.3556875055241824e-30,optimal,True
SRU_1480,Mars_bakim_x1.5_orta,0.0,0.027960824540692972,0.0,optimal,True
SRU_1900,Mars_bakim_x1.5_orta,0.027960824540692413,0.027960824540692972,0.99999999999998,optimal,False
SRU_1651,Mars_bakim_x1.5_orta,0.0,0.027960824540692972,0.0,optimal,True
SRU_0456,Mars_bakim_x1.5_orta,0.027960824540693416,0.027960824540692972,1.000000000000016,optimal,False
SRU_1354,Mars_bakim_x1.5_orta,-5.024763674470517e-32,0.027960824540692972,-1.7970727820124523e-30,optimal,True
SRU_2753,Mars_bakim_x1.5_orta,0.0,0.027960824540692972,0.0,optimal,True
SRU_0395,Mars_bakim_x1.5_orta,0.02796082454069324,0.027960824540692972,1.0000000000000095,optimal,False
SRU_1623,Mars_bakim_x1.5_orta,0.02796082454069266,0.027960824540692972,0.9999999999999888,optimal,False
SRU_1949,Mars_bakim_x1.5_orta,0.02796082454069266,0.027960824540692972,0.9999999999999888,optimal,False
SRU_2063,Mars_bakim_x1.5_orta,-5.695741674963141e-18,0.027960824540692972,-2.0370435309136918e-16,optimal,True
SRU_1772,Mars_bakim_x1.5_orta,0.02796082454069316,0.027960824540692972,1.0000000000000067,optimal,False
SRU_2204,Mars_bakim_x1.5_orta,0.0279608245406931,0.027960824540692972,1.0000000000000047,optimal,False
SRU_0601,Mars_bakim_x1.5_orta,0.0279608245406931,0.027960824540692972,1.0000000000000047,optimal,False
SRU_1031,Mars_bakim_x1.5_orta,0.0279608245406931,0.027960824540692972,1.0000000000000047,optimal,False
SRU_0115,Mars_bakim_x1.5_orta,2.176232329386357e-16,0.027960824540692972,7.783147904737798e-15,optimal,True
SRU_0716,Mars_bakim_x1.5_orta,0.02796082454069256,0.027960824540692972,0.9999999999999852,optimal,False
SRU_1914,Mars_bakim_x1.5_orta,0.0,0.027960824540692972,0.0,optimal,True
SRU_0523,Mars_bakim_x1.5_orta,0.0279608245406927,0.027960824540692972,0.9999999999999903,optimal,False
SRU_1929,Mars_bakim_x1.5_orta,0.0,0.027960824540692972,0.0,optimal,True
SRU_1041,Mars_bakim_x1.5_orta,0.02796082454069333,0.027960824540692972,1.0000000000000129,optimal,False
SRU_1235,Mars_bakim_x1.5_orta,0.02796082454069272,0.027960824540692972,0.9999999999999909,optimal,False
SRU_2334,Mars_bakim_x1.5_orta,0.02796082454069272,0.027960824540692972,0.9999999999999909,optimal,False
SRU_2072,Mars_bakim_x1.5_orta,0.02796082454069272,0.027960824540692972,0.9999999999999909,optimal,False
SRU_0981,Mars_bakim_x1.5_orta,0.02796082454069272,0.027960824540692972,0.9999999999999909,optimal,False
SRU_1774,Mars_bakim_x1.5_orta,0.02796082454069272,0.027960824540692972,0.9999999999999909,optimal,False
SRU_1955,Mars_bakim_x1.5_orta,0.02796082454069272,0.027960824540692972,0.9999999999999909,optimal,False
SRU_0314,Mars_bakim_x1.5_orta,0.02796082454069272,0.027960824540692972,0.9999999999999909,optimal,False
SRU_1139,Mars_bakim_x1.5_orta,0.0,0.027960824540692972,0.0,optimal,True
SRU_2375,Mars_bakim_x1.5_orta,0.027960824540692625,0.027960824540692972,0.9999999999999876,optimal,False
SRU_2489,Mars_bakim_x1.5_orta,0.0,0.027960824540692972,0.0,optimal,True
SRU_2557,Mars_bakim_x1.5_orta,0.027960824540694276,0.027960824540692972,1.0000000000000466,optimal,False
SRU_1214,Mars_bakim_x1.5_orta,0.027960824540692972,0.027960824540692972,1.0,optimal,False
SRU_1782,Mars_bakim_x1.5_orta,0.027960824540692972,0.027960824540692972,1.0,optimal,False
SRU_0007,Mars_bakim_x1.5_orta,0.027960824540692972,0.027960824540692972,1.0,optimal,False
SRU_0591,Mars_bakim_x1.5_orta,0.027960824540692972,0.027960824540692972,1.0,optimal,False
SRU_2128,Mars_bakim_x1.5_orta,0.0,0.027960824540692972,0.0,optimal,True
SRU_1169,Mars_bakim_x1.5_orta,0.027960824540693714,0.027960824540692972,1.0000000000000266,optimal,False
SRU_0238,Mars_bakim_x1.5_orta,0.027960824540692444,0.027960824540692972,0.9999999999999811,optimal,False
SRU_1788,Mars_bakim_x1.5_orta,0.02796082454069244,0.027960824540692972,0.999999999999981,optimal,False
SRU_0989,Mars_bakim_x1.5_orta,0.027960824540692784,0.027960824540692972,0.9999999999999933,optimal,False
SRU_0682,Mars_bakim_x1.5_orta,2.611295668814227e-16,0.027960824540692972,9.33912254631068e-15,optimal,True
SRU_0808,Mars_bakim_x1.5_orta,0.02796082454069282,0.027960824540692972,0.9999999999999946,optimal,False
SRU_0602,Mars_bakim_x1.5_orta,0.02796082454069293,0.027960824540692972,0.9999999999999986,optimal,False
SRU_2807,Mars_bakim_x1.5_orta,0.02796082454069293,0.027960824540692972,0.9999999999999986,optimal,False
SRU_0895,Mars_bakim_x1.5_orta,0.02796082454069293,0.027960824540692972,0.9999999999999986,optimal,False
SRU_1413,Mars_bakim_x1.5_orta,0.02796082454069293,0.027960824540692972,0.9999999999999986,optimal,False
SRU_1894,Mars_bakim_x1.5_orta,0.02796082454069293,0.027960824540692972,0.9999999999999986,optimal,False
SRU_0979,Mars_bakim_x1.5_orta,0.02796082454069293,0.027960824540692972,0.9999999999999986,optimal,False
SRU_0028,Mars_bakim_x1.5_orta,-1.3918048096312903e-30,0.027960824540692972,-4.977695874475082e-29,optimal,True
SRU_1621,Mars_bakim_x1.5_orta,0.0,0.027960824540692972,0.0,optimal,True
SRU_1260,Mars_bakim_x1.5_orta,0.027960824540693024,0.027960824540692972,1.0000000000000018,optimal,False
SRU_0323,Mars_bakim_x1.5_orta,0.027960824540692642,0.027960824540692972,0.9999999999999882,optimal,False
SRU_1872,Mars_bakim_x1.5_orta,4.39547455413336e-31,0.027960824540692972,1.5720117794582122e-29,optimal,True
SRU_0326,Mars_bakim_x1.5_orta,0.027960824540693513,0.027960824540692972,1.0000000000000193,optimal,False
SRU_1210,Mars_bakim_x1.5_orta,0.02796082454069296,0.027960824540692972,0.9999999999999997,optimal,False
SRU_1745,Mars_bakim_x1.5_orta,0.02796082454069296,0.027960824540692972,0.9999999999999997,optimal,False
SRU_1684,Mars_bakim_x1.5_orta,0.0,0.027960824540692972,0.0,optimal,True
SRU_2068,Mars_bakim_x1.5_orta,0.027960824540693378,0.027960824540692972,1.0000000000000144,optimal,False
SRU_2152,Mars_bakim_x1.5_orta,0.027960824540693128,0.027960824540692972,1.0000000000000056,optimal,False
SRU_1027,Mars_bakim_x1.5_orta,0.027960824540693152,0.027960824540692972,1.0000000000000064,optimal,False
SRU_0479,Mars_bakim_x1.5_orta,0.027960824540692934,0.027960824540692972,0.9999999999999987,optimal,False
SRU_0605,Mars_bakim_x1.5_orta,0.027960824540692934,0.027960824540692972,0.9999999999999987,optimal,False
SRU_1133,Mars_bakim_x1.5_orta,0.027960824540692944,0.027960824540692972,0.999999999999999,optimal,False
SRU_0597,Mars_bakim_x1.5_orta,0.027960824540692764,0.027960824540692972,0.9999999999999926,optimal,False
SRU_0538,Mars_bakim_x1.5_orta,0.027960824540692764,0.027960824540692972,0.9999999999999926,optimal,False
Unknown,Mars_bakim_x1.5_orta,0.024873447171692785,0.027960824540692972,0.889582034159724,optimal,False
SRU_0947,Mars_bakim_x1.5_orta,0.027960824540692673,0.027960824540692972,0.9999999999999893,optimal,False
SRU_1257,Mars_bakim_x1.5_orta,0.027960824540692764,0.027960824540692972,0.9999999999999926,optimal,False
SRU_0544,Mars_bakim_x1.5_orta,0.027960824540692764,0.027960824540692972,0.9999999999999926,optimal,False
SRU_1913,Mars_bakim_x1.5_orta,-1.284818952023455e-17,0.027960824540692972,-4.595068182462163e-16,optimal,True
SRU_0722,Mars_bakim_x1.5_orta,0.027960824540691837,0.027960824540692972,0.9999999999999595,optimal,False
SRU_0557,Mars_bakim_x1.5_orta,-1.397004547341697e-18,0.027960824540692972,-4.9962923851138833e-17,optimal,True
SRU_2149,Mars_bakim_x1.5_orta,0.027960824540691827,0.027960824540692972,0.999999999999959,optimal,False
SRU_0337,Mars_bakim_x1.5_orta,-6.224673094150399e-19,0.027960824540692972,-2.2262122796455016e-17,optimal,True
SRU_0001,Mars_bakim_x1.5_orta,0.027960824540691827,0.027960824540692972,0.999999999999959,optimal,False
SRU_1664,Mars_bakim_x1.5_orta,0.027960824540692555,0.027960824540692972,0.9999999999999851,optimal,False
SRU_0041,Mars_bakim_x1.5_orta,7.843375063086405e-18,0.027960824540692972,2.8051301032526766e-16,optimal,True
SRU_0020,Mars_bakim_x1.5_orta,0.027960824540693027,0.027960824540692972,1.000000000000002,optimal,False
SRU_0550,Mars_bakim_x1.5_orta,0.02796082454069367,0.027960824540692972,1.0000000000000249,optimal,False
SRU_1080,Mars_bakim_x1.5_orta,-7.627306662172945e-18,0.027960824540692972,-2.727854699375011e-16,optimal,True
SRU_1302,Mars_bakim_x1.5_orta,0.027960824540691695,0.027960824540692972,0.9999999999999544,optimal,False
SRU_1149,Mars_bakim_x1.5_orta,0.027960824540693378,0.027960824540692972,1.0000000000000144,optimal,False
SRU_0419,Mars_bakim_x1.5_orta,2.159466146006021e-19,0.027960824540692972,7.723184782563288e-18,optimal,True
SRU_1714,Mars_bakim_x1.5_orta,0.0,0.027960824540692972,0.0,optimal,True
SRU_0372,Mars_bakim_x1.5_orta,0.02796082454069151,0.027960824540692972,0.9999999999999477,optimal,False
SRU_0685,Mars_bakim_x1.5_orta,-2.0861393668160602e-18,0.027960824540692972,-7.460936510581022e-17,optimal,True
SRU_1049,Mars_bakim_x1.5_orta,0.02796082454069411,0.027960824540692972,1.0000000000000406,optimal,False
SRU_1476,Mars_bakim_x1.5_orta,0.027960824540693378,0.027960824540692972,1.0000000000000144,optimal,False
SRU_1225,Mars_bakim_x1.5_orta,0.027960824540693378,0.027960824540692972,1.0000000000000144,optimal,False
SRU_1939,Mars_bakim_x1.5_orta,0.027960824540693378,0.027960824540692972,1.0000000000000144,optimal,False
SRU_1038,Mars_bakim_x1.5_orta,0.027960824540693378,0.027960824540692972,1.0000000000000144,optimal,False
SRU_0955,Mars_bakim_x1.5_orta,0.027960824540693378,0.027960824540692972,1.0000000000000144,optimal,False
SRU_2154,Mars_bakim_x1.5_orta,0.027960824540693378,0.027960824540692972,1.0000000000000144,optimal,False
SRU_1018,Mars_bakim_x1.5_orta,-1.967479761259463e-17,0.027960824540692972,-7.036558447681248e-16,optimal,True
SRU_0484,Mars_bakim_x1.5_orta,0.027959564141976898,0.027960824540692972,0.9999549226914164,optimal,False
SRU_2799,Mars_bakim_x1.5_orta,0.02796082454069271,0.027960824540692972,0.9999999999999907,optimal,False
SRU_1112,Mars_bakim_x1.5_orta,0.027960824540692507,0.027960824540692972,0.9999999999999833,optimal,False
SRU_1666,Mars_bakim_x1.5_orta,-2.143657092812403e-18,0.027960824540692972,-7.666644771840035e-17,optimal,True
SRU_2721,Mars_bakim_x1.5_orta,0.0279608245406914,0.027960824540692972,0.9999999999999438,optimal,False
SRU_1856,Mars_bakim_x1.5_orta,0.02796082454069299,0.027960824540692972,1.0000000000000007,optimal,False
SRU_0589,Mars_bakim_x1.5_orta,0.02796082454069299,0.027960824540692972,1.0000000000000007,optimal,False
SRU_0651,Mars_bakim_x1.5_orta,0.02796082454069299,0.027960824540692972,1.0000000000000007,optimal,False
SRU_1415,Mars_bakim_x1.5_orta,-8.817031590431179e-18,0.027960824540692972,-3.153351782455218e-16,optimal,True
SRU_0775,Mars_bakim_x1.5_orta,0.027960824540693426,0.027960824540692972,1.0000000000000162,optimal,False
SRU_1411,Mars_bakim_x1.5_orta,6.341632560233146e-19,0.027960824540692972,2.2680420425384126e-17,optimal,True
SRU_1285,Mars_bakim_x1.5_orta,0.027960824540693017,0.027960824540692972,1.0000000000000016,optimal,False
SRU_1252,Mars_bakim_x1.5_orta,0.02796082454069275,0.027960824540692972,0.999999999999992,optimal,False
SRU_0045,Mars_bakim_x1.5_orta,7.500233534714868e-18,0.027960824540692972,2.682407853816812e-16,optimal,True
SRU_1200,Mars_bakim_x1.5_orta,0.02796082454069261,0.027960824540692972,0.9999999999999871,optimal,False
SRU_1905,Mars_bakim_x1.5_orta,0.027960824540692854,0.027960824540692972,0.9999999999999958,optimal,False
SRU_1792,Mars_bakim_x1.5_orta,0.027960824540692337,0.027960824540692972,0.9999999999999772,optimal,False
SRU_0697,Mars_bakim_x1.5_orta,0.027960824540692337,0.027960824540692972,0.9999999999999772,optimal,False
SRU_1617,Mars_bakim_x1.5_orta,0.027960824540692337,0.027960824540692972,0.9999999999999772,optimal,False
SRU_1323,Mars_bakim_x1.5_orta,0.027960824540692337,0.027960824540692972,0.9999999999999772,optimal,False
SRU_0717,Mars_bakim_x1.5_orta,0.027960824540692337,0.027960824540692972,0.9999999999999772,optimal,False
SRU_2153,Mars_bakim_x1.5_orta,-3.119741833517827e-17,0.027960824540692972,-1.1157545904905238e-15,optimal,True
SRU_2806,Mars_bakim_x1.5_orta,0.02796082454069307,0.027960824540692972,1.0000000000000036,optimal,False
SRU_2497,Mars_bakim_x1.5_orta,0.02796082454069242,0.027960824540692972,0.9999999999999802,optimal,False
SRU_2319,Mars_bakim_x1.5_orta,0.02796082454069242,0.027960824540692972,0.9999999999999802,optimal,False
SRU_0969,Mars_bakim_x1.5_orta,-1.5177750908344176e-32,0.027960824540692972,-5.42822007493203e-31,optimal,True
SRU_1547,Mars_bakim_x1.5_orta,0.027960824540693013,0.027960824540692972,1.0000000000000016,optimal,False
SRU_0239,Mars_bakim_x1.5_orta,0.0279608245406927,0.027960824540692972,0.9999999999999903,optimal,False
SRU_0385,Mars_bakim_x1.5_orta,0.0279608245406927,0.027960824540692972,0.9999999999999903,optimal,False
SRU_0828,Mars_bakim_x1.5_orta,0.0,0.027960824540692972,0.0,optimal,True
SRU_0486,Mars_bakim_x1.5_orta,0.027959564141978324,0.027960824540692972,0.9999549226914674,optimal,False
SRU_1796,Mars_bakim_x1.5_orta,0.0279608245406927,0.027960824540692972,0.9999999999999903,optimal,False
SRU_0825,Mars_bakim_x1.5_orta,0.027960824540692736,0.027960824540692972,0.9999999999999916,optimal,False
SRU_0561,Mars_bakim_x1.5_orta,0.0,0.027960824540692972,0.0,optimal,True
SRU_1616,Mars_bakim_x1.5_orta,0.027960824540689936,0.027960824540692972,0.9999999999998914,optimal,False
SRU_1173,Mars_bakim_x1.5_orta,0.027960824540693124,0.027960824540692972,1.0000000000000056,optimal,False
SRU_0560,Mars_bakim_x1.5_orta,2.0709982472809948e-16,0.027960824540692972,7.4067853194635e-15,optimal,True
SRU_1215,Mars_bakim_x1.5_orta,8.993803846582938e-31,0.027960824540692972,3.216573185634689e-29,optimal,True
SRU_0496,Mars_bakim_x1.5_orta,0.0279608245406932,0.027960824540692972,1.0000000000000082,optimal,False
SRU_2207,Mars_bakim_x1.5_orta,0.027960824540692895,0.027960824540692972,0.9999999999999972,optimal,False
SRU_0838,Mars_bakim_x1.5_orta,0.027960824540692895,0.027960824540692972,0.9999999999999972,optimal,False
SRU_0569,Mars_bakim_x1.5_orta,0.0,0.027960824540692972,0.0,optimal,True
SRU_2791,Mars_bakim_x1.5_orta,0.0,0.027960824540692972,0.0,optimal,True
SRU_2150,Mars_bakim_x1.5_orta,0.027960824540687955,0.027960824540692972,0.9999999999998206,optimal,False
SRU_2681,Mars_bakim_x1.5_orta,0.02796082454069273,0.027960824540692972,0.9999999999999913,optimal,False
SRU_0422,Mars_bakim_x1.5_orta,-3.9350524793281376e-31,0.027960824540692972,-1.4073449349110692e-29,optimal,True
SRU_0874,Mars_bakim_x1.5_orta,0.027960824540692777,0.027960824540692972,0.999999999999993,optimal,False
SRU_0037,Mars_bakim_x1.5_orta,0.027960824540692698,0.027960824540692972,0.9999999999999902,optimal,False
SRU_2342,Mars_bakim_x1.5_orta,0.0,0.027960824540692972,0.0,optimal,True
SRU_1556,Mars_bakim_x1.5_orta,0.02796082454069256,0.027960824540692972,0.9999999999999852,optimal,False
SRU_0481,Mars_bakim_x1.5_orta,0.02796082454069293,0.027960824540692972,0.9999999999999986,optimal,False
SRU_1630,Mars_bakim_x1.5_orta,0.02796082454069293,0.027960824540692972,0.9999999999999986,optimal,False
SRU_1557,Mars_bakim_x1.5_orta,0.02796082454069293,0.027960824540692972,0.9999999999999986,optimal,False
SRU_0300,Mars_bakim_x1.5_orta,0.02796082454069293,0.027960824540692972,0.9999999999999986,optimal,False
SRU_1237,Mars_bakim_x1.5_orta,0.02796082454069293,0.027960824540692972,0.9999999999999986,optimal,False
SRU_1267,Mars_bakim_x1.5_orta,0.02796082454069293,0.027960824540692972,0.9999999999999986,optimal,False
SRU_1048,Mars_bakim_x1.5_orta,0.02796082454069293,0.027960824540692972,0.9999999999999986,optimal,False
SRU_0364,Mars_bakim_x1.5_orta,0.02796082454069293,0.027960824540692972,0.9999999999999986,optimal,False
SRU_0922,Mars_bakim_x1.5_orta,0.02796082454069293,0.027960824540692972,0.9999999999999986,optimal,False
SRU_0839,Mars_bakim_x1.5_orta,0.02796082454069293,0.027960824540692972,0.9999999999999986,optimal,False
SRU_0811,Mars_bakim_x1.5_orta,0.0,0.027960824540692972,0.0,optimal,True
SRU_1229,Mars_bakim_x1.5_orta,0.027960824540692954,0.027960824540692972,0.9999999999999993,optimal,False
SRU_0322,Mars_bakim_x1.5_orta,0.027960824540692698,0.027960824540692972,0.9999999999999902,optimal,False
SRU_0393,Mars_bakim_x1.5_orta,0.027960824540692698,0.027960824540692972,0.9999999999999902,optimal,False
SRU_0980,Mars_bakim_x1.5_orta,0.027960824540692698,0.027960824540692972,0.9999999999999902,optimal,False
SRU_1363,Mars_bakim_x1.5_orta,0.0,0.027960824540692972,0.0,optimal,True
SRU_1006,Mars_bakim_x1.5_orta,0.02796082454069346,0.027960824540692972,1.0000000000000175,optimal,False
SRU_2541,Mars_bakim_x1.5_orta,0.027960824540693364,0.027960824540692972,1.000000000000014,optimal,False
SRU_2344,Mars_bakim_x1.5_orta,0.027960824540693364,0.027960824540692972,1.000000000000014,optimal,False
SRU_0931,Mars_bakim_x1.5_orta,0.027960824540693364,0.027960824540692972,1.000000000000014,optimal,False
SRU_2217,Mars_bakim_x1.5_orta,0.0,0.027960824540692972,0.0,optimal,True
SRU_1444,Mars_bakim_x1.5_orta,0.02796082454069319,0.027960824540692972,1.0000000000000078,optimal,False
SRU_1030,Mars_bakim_x1.5_orta,0.027960824540693364,0.027960824540692972,1.000000000000014,optimal,False
SRU_2220,Mars_bakim_x1.5_orta,0.0,0.027960824540692972,0.0,optimal,True
SRU_1710,Mars_bakim_x1.5_orta,0.02796082454069314,0.027960824540692972,1.000000000000006,optimal,False
SRU_0710,Mars_bakim_x1.5_orta,0.027960824540692972,0.027960824540692972,1.0,optimal,False
SRU_2060,Mars_bakim_x1.5_orta,-6.183513016138086e-32,0.027960824540692972,-2.211491655812535e-30,optimal,True
SRU_0963,Mars_bakim_x1.5_orta,-1.5024310617174617e-15,0.027960824540692972,-5.3733431914029884e-14,optimal,True
SRU_2693,Mars_bakim_x1.5_orta,0.02796082454070776,0.027960824540692972,1.000000000000529,optimal,False
SRU_2205,Mars_bakim_x1.5_orta,0.027960824540692732,0.027960824540692972,0.9999999999999915,optimal,False
SRU_0423,Mars_bakim_x1.5_orta,0.027960824540692732,0.027960824540692972,0.9999999999999915,optimal,False
SRU_1709,Mars_bakim_x1.5_orta,0.027960824540692816,0.027960824540692972,0.9999999999999944,optimal,False
SRU_1211,Mars_bakim_x1.5_orta,0.027960824540692816,0.027960824540692972,0.9999999999999944,optimal,False
SRU_2219,Mars_bakim_x1.5_orta,0.027960824540692816,0.027960824540692972,0.9999999999999944,optimal,False
SRU_2812,Mars_bakim_x1.5_orta,0.027960824540692816,0.027960824540692972,0.9999999999999944,optimal,False
SRU_0608,Mars_bakim_x1.5_orta,0.027960824540692816,0.027960824540692972,0.9999999999999944,optimal,False
SRU_1514,Mars_bakim_x1.5_orta,0.027960824540692816,0.027960824540692972,0.9999999999999944,optimal,False
SRU_1614,Mars_bakim_x1.5_orta,0.027960824540692816,0.027960824540692972,0.9999999999999944,optimal,False
SRU_2709,Mars_bakim_x1.5_orta,0.027960824540692816,0.027960824540692972,0.9999999999999944,optimal,False
SRU_1050,Mars_bakim_x1.5_orta,0.027960824540692816,0.027960824540692972,0.9999999999999944,optimal,False
SRU_1744,Mars_bakim_x1.5_orta,0.027960824540692816,0.027960824540692972,0.9999999999999944,optimal,False
SRU_0573,Mars_bakim_x1.5_orta,0.027960824540692816,0.027960824540692972,0.9999999999999944,optimal,False
SRU_2761,Mars_bakim_x1.5_orta,0.027960824540692816,0.027960824540692972,0.9999999999999944,optimal,False
SRU_0691,Mars_bakim_x1.5_orta,0.027960824540692816,0.027960824540692972,0.9999999999999944,optimal,False
SRU_0461,Mars_bakim_x1.5_orta,0.027960824540692816,0.027960824540692972,0.9999999999999944,optimal,False
SRU_2203,Mars_bakim_x1.5_orta,0.027960824540692816,0.027960824540692972,0.9999999999999944,optimal,False
SRU_1554,Mars_bakim_x1.5_orta,0.0,0.027960824540692972,0.0,optimal,True
SRU_1384,Mars_bakim_x1.5_orta,0.027960824540692892,0.027960824540692972,0.9999999999999971,optimal,False
SRU_1218,Mars_bakim_x1.5_orta,0.027960824540692708,0.027960824540692972,0.9999999999999906,optimal,False
SRU_1045,Mars_bakim_x1.5_orta,0.027960824540692555,0.027960824540692972,0.9999999999999851,optimal,False
SRU_2766,Mars_bakim_x1.5_orta,0.0,0.027960824540692972,0.0,optimal,True
SRU_0542,Mars_bakim_x1.5_orta,0.02796082454069611,0.027960824540692972,1.0000000000001124,optimal,False
SRU_2127,Mars_bakim_x1.5_orta,1.1084148472724771e-31,0.027960824540692972,3.964170819280877e-30,optimal,True
SRU_2794,Mars_bakim_x1.5_orta,0.027960824540691875,0.027960824540692972,0.9999999999999608,optimal,False
SRU_2348,Mars_bakim_x1.5_orta,0.027960824540692802,0.027960824540692972,0.9999999999999939,optimal,False
SRU_0729,Mars_bakim_x1.5_orta,0.027960824540692802,0.027960824540692972,0.9999999999999939,optimal,False
SRU_2295,Mars_bakim_x1.5_orta,0.027373560897295972,0.027960824540692972,0.9789969125358832,optimal,False
SRU_1123,Mars_bakim_x1.5_orta,0.027960824540692604,0.027960824540692972,0.9999999999999869,optimal,False
SRU_2293,Mars_bakim_x1.5_orta,0.02737356089729549,0.027960824540692972,0.9789969125358658,optimal,False
SRU_1735,Mars_bakim_x1.5_orta,-7.8372708196194345e-31,0.027960824540692972,-2.8029469618155965e-29,optimal,True
SRU_1448,Mars_bakim_x1.5_orta,0.027960824540693256,0.027960824540692972,1.0000000000000102,optimal,False
SRU_0529,Mars_bakim_x1.5_orta,0.027960824540693142,0.027960824540692972,1.000000000000006,optimal,False
SRU_0386,Mars_bakim_x1.5_orta,2.3575098992834047e-16,0.027960824540692972,8.431474886773768e-15,optimal,True
SRU_1966,Mars_bakim_x1.5_orta,8.398821174223528e-18,0.027960824540692972,3.00378165243312e-16,optimal,True
SRU_1484,Mars_bakim_x1.5_orta,0.027960824540693166,0.027960824540692972,1.0000000000000069,optimal,False
SRU_0532,Mars_bakim_x1.5_orta,3.4148736619158507e-31,0.027960824540692972,1.221306495073488e-29,optimal,True
SRU_1862,Mars_bakim_x1.5_orta,4.456827097687278e-16,0.027960824540692972,1.5939541021764234e-14,optimal,True
SRU_0728,Mars_bakim_x1.5_orta,-5.42628620638257e-18,0.027960824540692972,-1.9406746029557847e-16,optimal,True
SRU_1342,Mars_bakim_x1.5_orta,0.02796082454069854,0.027960824540692972,1.0000000000001992,optimal,False
SRU_0959,Mars_bakim_x1.5_orta,0.02796082454069277,0.027960824540692972,0.9999999999999928,optimal,False
SRU_1912,Mars_bakim_x1.5_orta,0.0,0.027960824540692972,0.0,optimal,True
SRU_2846,Mars_bakim_x1.5_orta,0.02796082454069462,0.027960824540692972,1.0000000000000588,optimal,False
SRU_1053,Mars_bakim_x1.5_orta,0.027960824540692347,0.027960824540692972,0.9999999999999777,optimal,False
SRU_2160,Mars_bakim_x1.5_orta,0.027960824540692347,0.027960824540692972,0.9999999999999777,optimal,False
SRU_1835,Mars_bakim_x1.5_orta,0.027960824540692347,0.027960824540692972,0.9999999999999777,optimal,False
SRU_2080,Mars_bakim_x1.5_orta,0.027960824540692347,0.027960824540692972,0.9999999999999777,optimal,False
SRU_1233,Mars_bakim_x1.5_orta,0.027960824540692347,0.027960824540692972,0.9999999999999777,optimal,False
SRU_1609,Mars_bakim_x1.5_orta,0.0,0.027960824540692972,0.0,optimal,True
SRU_0804,Mars_bakim_x1.5_orta,0.0,0.027960824540692972,0.0,optimal,True
SRU_1116,Mars_bakim_x1.5_orta,0.0,0.027960824540692972,0.0,optimal,True
SRU_2426,Mars_bakim_x1.5_orta,0.0,0.027960824540692972,0.0,optimal,True
SRU_2239,Mars_bakim_x1.5_orta,0.0,0.027960824540692972,0.0,optimal,True
SRU_0396,Mars_bakim_x1.5_orta,0.027960824540692913,0.027960824540692972,0.9999999999999979,optimal,False
SRU_2430,Mars_bakim_x1.5_orta,0.0279608245406931,0.027960824540692972,1.0000000000000047,optimal,False
SRU_2743,Mars_bakim_x1.5_orta,0.0279608245406931,0.027960824540692972,1.0000000000000047,optimal,False
SRU_1130,Mars_bakim_x1.5_orta,0.0279608245406931,0.027960824540692972,1.0000000000000047,optimal,False
SRU_2787,Mars_bakim_x1.5_orta,0.0279608245406931,0.027960824540692972,1.0000000000000047,optimal,False
SRU_2111,Mars_bakim_x1.5_orta,0.027960824540692982,0.027960824540692972,1.0000000000000004,optimal,False
SRU_1961,Mars_bakim_x1.5_orta,0.027960824540693013,0.027960824540692972,1.0000000000000016,optimal,False
SRU_0905,Mars_bakim_x1.5_orta,0.027960824540693013,0.027960824540692972,1.0000000000000016,optimal,False
SRU_1503,Mars_bakim_x1.5_orta,0.027960824540693013,0.027960824540692972,1.0000000000000016,optimal,False
SRU_2076,Mars_bakim_x1.5_orta,0.027960824540693013,0.027960824540692972,1.0000000000000016,optimal,False
SRU_1456,Mars_bakim_x1.5_orta,0.027960824540693013,0.027960824540692972,1.0000000000000016,optimal,False
SRU_0521,Mars_bakim_x1.5_orta,0.0,0.027960824540692972,0.0,optimal,True
SRU_1594,Mars_bakim_x1.5_orta,0.02796082454069267,0.027960824540692972,0.9999999999999892,optimal,False
SRU_1142,Mars_bakim_x1.5_orta,0.027960824540692555,0.027960824540692972,0.9999999999999851,optimal,False
SRU_1014,Mars_bakim_x1.5_orta,0.027960824540692555,0.027960824540692972,0.9999999999999851,optimal,False
SRU_0558,Mars_bakim_x1.5_orta,0.0,0.027960824540692972,0.0,optimal,True
SRU_2100,Mars_bakim_x1.5_orta,0.027960824540692906,0.027960824540692972,0.9999999999999977,optimal,False
SRU_1303,Mars_bakim_x1.5_orta,0.027960824540692965,0.027960824540692972,0.9999999999999998,optimal,False
SRU_2784,Mars_bakim_x1.5_orta,0.027960824540692965,0.027960824540692972,0.9999999999999998,optimal,False
SRU_1791,Mars_bakim_x1.5_orta,0.027960824540692965,0.027960824540692972,0.9999999999999998,optimal,False
SRU_0824,Mars_bakim_x1.5_orta,-7.05259459851818e-31,0.027960824540692972,-2.522312812433031e-29,optimal,True
SRU_0855,Mars_bakim_x1.5_orta,0.02796082454070744,0.027960824540692972,1.0000000000005174,optimal,False
SRU_0674,Mars_bakim_x1.5_orta,0.0,0.027960824540692972,0.0,optimal,True
SRU_1970,Mars_bakim_x1.5_orta,0.027960824540692965,0.027960824540692972,0.9999999999999998,optimal,False
SRU_2199,Mars_bakim_x1.5_orta,0.02796082454069271,0.027960824540692972,0.9999999999999907,optimal,False
SRU_0600,Mars_bakim_x1.5_orta,0.02796082454069271,0.027960824540692972,0.9999999999999907,optimal,False
SRU_0505,Mars_bakim_x1.5_orta,0.02796082454069271,0.027960824540692972,0.9999999999999907,optimal,False
SRU_2184,Mars_bakim_x1.5_orta,0.0,0.027960824540692972,0.0,optimal,True
SRU_1366,Mars_bakim_x1.5_orta,0.0279608245406929,0.027960824540692972,0.9999999999999974,optimal,False
SRU_1670,Mars_bakim_x1.5_orta,0.027960824540692965,0.027960824540692972,0.9999999999999998,optimal,False
SRU_1701,Mars_bakim_x1.5_orta,0.027960824540692965,0.027960824540692972,0.9999999999999998,optimal,False
SRU_1042,Mars_bakim_x1.5_orta,0.027960824540692965,0.027960824540692972,0.9999999999999998,optimal,False
SRU_1963,Mars_bakim_x1.5_orta,0.027960824540692965,0.027960824540692972,0.9999999999999998,optimal,False
SRU_2202,Mars_bakim_x1.5_orta,0.027960824540692965,0.027960824540692972,0.9999999999999998,optimal,False
SRU_0756,Mars_bakim_x1.5_orta,0.027960824540692965,0.027960824540692972,0.9999999999999998,optimal,False
SRU_1705,Mars_bakim_x1.5_orta,0.027960824540692965,0.027960824540692972,0.9999999999999998,optimal,False
SRU_1906,Mars_bakim_x1.5_orta,0.02796082454069308,0.027960824540692972,1.0000000000000038,optimal,False
SRU_2296,Mars_bakim_x1.5_orta,0.027373560897297,0.027960824540692972,0.9789969125359198,optimal,False
SRU_2444,Mars_bakim_x1.5_orta,0.02796082454069336,0.027960824540692972,1.000000000000014,optimal,False
SRU_0383,Mars_bakim_x1.5_orta,0.027960824540692597,0.027960824540692972,0.9999999999999866,optimal,False
SRU_0414,Mars_bakim_x1.5_orta,0.027960824540693197,0.027960824540692972,1.000000000000008,optimal,False
SRU_0022,Mars_bakim_x1.5_orta,0.027960824540693197,0.027960824540692972,1.000000000000008,optimal,False
SRU_0670,Mars_bakim_x1.5_orta,0.027953914073524103,0.027960824540692972,0.9997528518102601,optimal,False
SRU_2253,Mars_bakim_x1.5_orta,9.006400274483594e-18,0.027960824540692972,3.2210782129747535e-16,optimal,True
SRU_1349,Mars_bakim_x1.5_orta,0.02796082454069492,0.027960824540692972,1.0000000000000697,optimal,False
SRU_0689,Mars_bakim_x1.5_orta,9.451908154134483e-18,0.027960824540692972,3.380411096381863e-16,optimal,True
SRU_1198,Mars_bakim_x1.5_orta,0.02796082454069335,0.027960824540692972,1.0000000000000135,optimal,False
SRU_2701,Mars_bakim_x1.5_orta,3.3461105184632483e-31,0.027960824540692972,1.1967138213658414e-29,optimal,True
SRU_2695,Mars_bakim_x1.5_orta,0.02796082454069275,0.027960824540692972,0.999999999999992,optimal,False
SRU_1669,Mars_bakim_x1.5_orta,0.027960824540693076,0.027960824540692972,1.0000000000000038,optimal,False
SRU_2042,Mars_bakim_x1.5_orta,0.027960824540693076,0.027960824540692972,1.0000000000000038,optimal,False
SRU_1355,Mars_bakim_x1.5_orta,-2.212168337052326e-30,0.027960824540692972,-7.911670608400093e-29,optimal,True
SRU_1497,Mars_bakim_x1.5_orta,0.02796082454069601,0.027960824540692972,1.0000000000001088,optimal,False
SRU_0915,Mars_bakim_x1.5_orta,0.027960824540692746,0.027960824540692972,0.9999999999999919,optimal,False
SRU_1855,Mars_bakim_x1.5_orta,0.027960824540692746,0.027960824540692972,0.9999999999999919,optimal,False
SRU_1559,Mars_bakim_x1.5_orta,0.027960824540692746,0.027960824540692972,0.9999999999999919,optimal,False
SRU_1786,Mars_bakim_x1.5_orta,0.02796082454069278,0.027960824540692972,0.9999999999999932,optimal,False
SRU_0580,Mars_bakim_x1.5_orta,0.027960824540692337,0.027960824540692972,0.9999999999999772,optimal,False
SRU_1477,Mars_bakim_x1.5_orta,0.027960824540692337,0.027960824540692972,0.9999999999999772,optimal,False
SRU_1343,Mars_bakim_x1.5_orta,0.027960824540692337,0.027960824540692972,0.9999999999999772,optimal,False
SRU_1367,Mars_bakim_x1.5_orta,0.027960824540692337,0.027960824540692972,0.9999999999999772,optimal,False
SRU_0492,Mars_bakim_x1.5_orta,3.719268816978808e-17,0.027960824540692972,1.3301713658572355e-15,optimal,True
SRU_0960,Mars_bakim_x1.5_orta,0.027960824540690207,0.027960824540692972,0.9999999999999011,optimal,False
SRU_0791,Mars_bakim_x1.5_orta,0.02796082454069304,0.027960824540692972,1.0000000000000024,optimal,False
SRU_2303,Mars_bakim_x1.5_orta,0.02796082454069304,0.027960824540692972,1.0000000000000024,optimal,False
SRU_2793,Mars_bakim_x1.5_orta,0.02796082454069304,0.027960824540692972,1.0000000000000024,optimal,False
SRU_2530,Mars_bakim_x1.5_orta,0.02796082454069304,0.027960824540692972,1.0000000000000024,optimal,False
SRU_0313,Mars_bakim_x1.5_orta,0.02796082454069304,0.027960824540692972,1.0000000000000024,optimal,False
SRU_0332,Mars_bakim_x1.5_orta,0.02796082454069304,0.027960824540692972,1.0000000000000024,optimal,False
SRU_0864,Mars_bakim_x1.5_orta,0.02796082454069304,0.027960824540692972,1.0000000000000024,optimal,False
SRU_0042,Mars_bakim_x1.5_orta,2.251480011972314e-16,0.027960824540692972,8.052266157943975e-15,optimal,True
SRU_1081,Mars_bakim_x1.5_orta,0.0,0.027960824540692972,0.0,optimal,True
SRU_1162,Mars_bakim_x1.5_orta,0.027960824540693197,0.027960824540692972,1.000000000000008,optimal,False
SRU_2420,Mars_bakim_x1.5_orta,0.02796082454069326,0.027960824540692972,1.0000000000000102,optimal,False
SRU_1859,Mars_bakim_x1.5_orta,4.128551685339723e-17,0.027960824540692972,1.4765486187044334e-15,optimal,True
SRU_1189,Mars_bakim_x1.5_orta,0.02796082454069271,0.027960824540692972,0.9999999999999907,optimal,False
SRU_2210,Mars_bakim_x1.5_orta,0.027960824540692195,0.027960824540692972,0.9999999999999722,optimal,False
SRU_0619,Mars_bakim_x1.5_orta,0.027960824540692195,0.027960824540692972,0.9999999999999722,optimal,False
SRU_0348,Mars_bakim_x1.5_orta,0.027960824540692195,0.027960824540692972,0.9999999999999722,optimal,False
SRU_0761,Mars_bakim_x1.5_orta,0.027960824540692195,0.027960824540692972,0.9999999999999722,optimal,False
SRU_0398,Mars_bakim_x1.5_orta,0.027960824540692195,0.027960824540692972,0.9999999999999722,optimal,False
SRU_0815,Mars_bakim_x1.5_orta,0.027960824540692195,0.027960824540692972,0.9999999999999722,optimal,False
SRU_1138,Mars_bakim_x1.5_orta,0.027960824540692195,0.027960824540692972,0.9999999999999722,optimal,False
SRU_0275,Mars_bakim_x1.5_orta,0.027960824540689662,0.027960824540692972,0.9999999999998817,optimal,False
SRU_0736,Mars_bakim_x1.5_orta,1.2741821006723812e-16,0.027960824540692972,4.557026202206562e-15,optimal,True
SRU_1620,Mars_bakim_x1.5_orta,-4.77662107726166e-15,0.027960824540692972,-1.7083262585157218e-13,optimal,True
SRU_0936,Mars_bakim_x1.5_orta,0.02796082454069298,0.027960824540692972,1.0000000000000002,optimal,False
SRU_1724,Mars_bakim_x1.5_orta,0.027960824540692625,0.027960824540692972,0.9999999999999876,optimal,False
SRU_1842,Mars_bakim_x1.5_orta,0.027960824540692625,0.027960824540692972,0.9999999999999876,optimal,False
SRU_2277,Mars_bakim_x1.5_orta,0.0,0.027960824540692972,0.0,optimal,True
SRU_2075,Mars_bakim_x1.5_orta,0.027960824540691882,0.027960824540692972,0.999999999999961,optimal,False
SRU_1854,Mars_bakim_x1.5_orta,0.027960824540692247,0.027960824540692972,0.999999999999974,optimal,False
SRU_1286,Mars_bakim_x1.5_orta,0.027960824540692247,0.027960824540692972,0.999999999999974,optimal,False
SRU_0080,Mars_bakim_x1.5_orta,4.784367021695639e-17,0.027960824540692972,1.7110965432126934e-15,optimal,True
SRU_2405,Mars_bakim_x1.5_orta,0.02796082454069392,0.027960824540692972,1.000000000000034,optimal,False
SRU_2367,Mars_bakim_x1.5_orta,0.027960824540692666,0.027960824540692972,0.9999999999999891,optimal,False
SRU_0692,Mars_bakim_x1.5_orta,0.027960824540692666,0.027960824540692972,0.9999999999999891,optimal,False
SRU_2197,Mars_bakim_x1.5_orta,2.5382176813988812e-17,0.027960824540692972,9.077764061302517e-16,optimal,True
SRU_0576,Mars_bakim_x1.5_orta,0.0,0.027960824540692972,0.0,optimal,True
SRU_1971,Mars_bakim_x1.5_orta,0.027960824540693003,0.027960824540692972,1.000000000000001,optimal,False
SRU_2317,Mars_bakim_x1.5_orta,5.141001224312384e-34,0.027960824540692972,1.838644356438915e-32,optimal,True
SRU_1296,Mars_bakim_x1.5_orta,0.027960824540691286,0.027960824540692972,0.9999999999999397,optimal,False
SRU_1665,Mars_bakim_x1.5_orta,0.0,0.027960824540692972,0.0,optimal,True
SRU_1473,Mars_bakim_x1.5_orta,0.027960824540692118,0.027960824540692972,0.9999999999999695,optimal,False
SRU_0933,Mars_bakim_x1.5_orta,0.027960824540692774,0.027960824540692972,0.9999999999999929,optimal,False
SRU_1035,Mars_bakim_x1.5_orta,0.027960824540692774,0.027960824540692972,0.9999999999999929,optimal,False
SRU_0132,Mars_bakim_x1.5_orta,0.027960824540692774,0.027960824540692972,0.9999999999999929,optimal,False
SRU_0177,Mars_bakim_x1.5_orta,0.027960824540692774,0.027960824540692972,0.9999999999999929,optimal,False
SRU_1055,Mars_bakim_x1.5_orta,0.027960824540692774,0.027960824540692972,0.9999999999999929,optimal,False
SRU_1013,Mars_bakim_x1.5_orta,2.085311698143106e-17,0.027960824540692972,7.457976409487617e-16,optimal,True
SRU_0686,Mars_bakim_x1.5_orta,0.027960824540692878,0.027960824540692972,0.9999999999999967,optimal,False
SRU_1430,Mars_bakim_x1.5_orta,-1.3314774401743019e-17,0.027960824540692972,-4.7619391131922e-16,optimal,True
SRU_0660,Mars_bakim_x1.5_orta,0.027960824540693128,0.027960824540692972,1.0000000000000056,optimal,False
SRU_1170,Mars_bakim_x1.5_orta,0.027960824540706464,0.027960824540692972,1.0000000000004825,optimal,False
SRU_1832,Mars_bakim_x1.5_orta,0.027960824540693416,0.027960824540692972,1.000000000000016,optimal,False
SRU_2216,Mars_bakim_x1.5_orta,0.027960824540693416,0.027960824540692972,1.000000000000016,optimal,False
SRU_1708,Mars_bakim_x1.5_orta,0.027960824540693416,0.027960824540692972,1.000000000000016,optimal,False
SRU_1668,Mars_bakim_x1.5_orta,1.7165193534144457e-16,0.027960824540692972,6.1390155033386015e-15,optimal,True
SRU_1740,Mars_bakim_x1.5_orta,0.027960824540692812,0.027960824540692972,0.9999999999999943,optimal,False
SRU_2039,Mars_bakim_x1.5_orta,0.02796082454069293,0.027960824540692972,0.9999999999999986,optimal,False
SRU_2044,Mars_bakim_x1.5_orta,0.027960824540692757,0.027960824540692972,0.9999999999999923,optimal,False
SRU_0653,Mars_bakim_x1.5_orta,0.027960824540692757,0.027960824540692972,0.9999999999999923,optimal,False
SRU_1460,Mars_bakim_x1.5_orta,0.027960824540692757,0.027960824540692972,0.9999999999999923,optimal,False
SRU_1058,Mars_bakim_x1.5_orta,0.027960824540692757,0.027960824540692972,0.9999999999999923,optimal,False
SRU_0043,Mars_bakim_x1.5_orta,0.0,0.027960824540692972,0.0,optimal,True
SRU_1039,Mars_bakim_x1.5_sert,0.006662435703954332,0.006662435703954464,0.9999999999999802,optimal,False
SRU_1741,Mars_bakim_x1.5_sert,0.006662435703954332,0.006662435703954464,0.9999999999999802,optimal,False
SRU_1344,Mars_bakim_x1.5_sert,0.006662435703954332,0.006662435703954464,0.9999999999999802,optimal,False
SRU_0961,Mars_bakim_x1.5_sert,0.0,0.006662435703954464,0.0,optimal,True
SRU_2082,Mars_bakim_x1.5_sert,0.0066624357039545634,0.006662435703954464,1.0000000000000149,optimal,False
SRU_1866,Mars_bakim_x1.5_sert,0.006662435703954767,0.006662435703954464,1.0000000000000455,optimal,False
SRU_1758,Mars_bakim_x1.5_sert,0.006662435703954767,0.006662435703954464,1.0000000000000455,optimal,False
SRU_1062,Mars_bakim_x1.5_sert,0.006662435703954767,0.006662435703954464,1.0000000000000455,optimal,False
SRU_1125,Mars_bakim_x1.5_sert,0.00666078909503123,0.006662435703954464,0.9997528518102986,optimal,False
SRU_0412,Mars_bakim_x1.5_sert,1.0403618920066837e-16,0.006662435703954464,1.5615338567382808e-14,optimal,True
SRU_1757,Mars_bakim_x1.5_sert,0.00666243570395453,0.006662435703954464,1.00000000000001,optimal,False
SRU_1838,Mars_bakim_x1.5_sert,4.6296521757817005e-30,0.006662435703954464,6.948888336789183e-28,optimal,True
SRU_1479,Mars_bakim_x1.5_sert,2.2891185160992314e-15,0.006662435703954464,3.4358583224158303e-13,optimal,True
SRU_2246,Mars_bakim_x1.5_sert,0.006662435703954474,0.006662435703954464,1.0000000000000016,optimal,False
SRU_1538,Mars_bakim_x1.5_sert,0.006662435703954671,0.006662435703954464,1.000000000000031,optimal,False
SRU_1287,Mars_bakim_x1.5_sert,0.006662435703954671,0.006662435703954464,1.000000000000031,optimal,False
SRU_0850,Mars_bakim_x1.5_sert,0.006662435703954671,0.006662435703954464,1.000000000000031,optimal,False
SRU_2708,Mars_bakim_x1.5_sert,0.006662435703954671,0.006662435703954464,1.000000000000031,optimal,False
SRU_1334,Mars_bakim_x1.5_sert,0.0,0.006662435703954464,0.0,optimal,True
SRU_2171,Mars_bakim_x1.5_sert,0.00666243570395472,0.006662435703954464,1.0000000000000384,optimal,False
SRU_0036,Mars_bakim_x1.5_sert,0.006662435703954834,0.006662435703954464,1.0000000000000555,optimal,False
SRU_1443,Mars_bakim_x1.5_sert,0.006662435703954834,0.006662435703954464,1.0000000000000555,optimal,False
SRU_1858,Mars_bakim_x1.5_sert,0.006662435703954834,0.006662435703954464,1.0000000000000555,optimal,False
SRU_1513,Mars_bakim_x1.5_sert,0.006662435703954834,0.006662435703954464,1.0000000000000555,optimal,False
SRU_2380,Mars_bakim_x1.5_sert,0.006662435703954834,0.006662435703954464,1.0000000000000555,optimal,False
SRU_1827,Mars_bakim_x1.5_sert,-1.0062080617902245e-14,0.006662435703954464,-1.5102705774601223e-12,optimal,True
SRU_0459,Mars_bakim_x1.5_sert,0.006662435703954153,0.006662435703954464,0.9999999999999534,optimal,False
SRU_0975,Mars_bakim_x1.5_sert,0.006662435703955265,0.006662435703954464,1.0000000000001203,optimal,False
SRU_1153,Mars_bakim_x1.5_sert,-7.345617202542026e-31,0.006662435703954464,-1.102542302686998e-28,optimal,True
SRU_1163,Mars_bakim_x1.5_sert,0.006662435703954497,0.006662435703954464,1.0000000000000049,optimal,False
SRU_0113,Mars_bakim_x1.5_sert,0.006662435703954566,0.006662435703954464,1.0000000000000153,optimal,False
SRU_2131,Mars_bakim_x1.5_sert,0.006662435703954566,0.006662435703954464,1.0000000000000153,optimal,False
SRU_0857,Mars_bakim_x1.5_sert,0.006662435703954566,0.006662435703954464,1.0000000000000153,optimal,False
SRU_1689,Mars_bakim_x1.5_sert,0.006662435703954566,0.006662435703954464,1.0000000000000153,optimal,False
SRU_0690,Mars_bakim_x1.5_sert,0.0,0.006662435703954464,0.0,optimal,True
SRU_2559,Mars_bakim_x1.5_sert,0.0066624357039548904,0.006662435703954464,1.000000000000064,optimal,False
SRU_0956,Mars_bakim_x1.5_sert,0.006662435703954666,0.006662435703954464,1.0000000000000304,optimal,False
SRU_1350,Mars_bakim_x1.5_sert,0.0,0.006662435703954464,0.0,optimal,True
SRU_1638,Mars_bakim_x1.5_sert,0.0,0.006662435703954464,0.0,optimal,True
SRU_2214,Mars_bakim_x1.5_sert,0.0066624357039545,0.006662435703954464,1.0000000000000056,optimal,False
SRU_1742,Mars_bakim_x1.5_sert,0.0,0.006662435703954464,0.0,optimal,True
SRU_2069,Mars_bakim_x1.5_sert,0.006342215046397942,0.006662435703954464,0.951936398070385,optimal,False
SRU_0065,Mars_bakim_x1.5_sert,0.006662435703953765,0.006662435703954464,0.9999999999998951,optimal,False
SRU_0667,Mars_bakim_x1.5_sert,0.006662435703954793,0.006662435703954464,1.0000000000000495,optimal,False
SRU_0590,Mars_bakim_x1.5_sert,0.0,0.006662435703954464,0.0,optimal,True
SRU_1820,Mars_bakim_x1.5_sert,0.0,0.006662435703954464,0.0,optimal,True
SRU_1973,Mars_bakim_x1.5_sert,0.006662435703953908,0.006662435703954464,0.9999999999999165,optimal,False
SRU_2094,Mars_bakim_x1.5_sert,0.0,0.006662435703954464,0.0,optimal,True
SRU_0308,Mars_bakim_x1.5_sert,0.006662435703954554,0.006662435703954464,1.0000000000000135,optimal,False
SRU_2306,Mars_bakim_x1.5_sert,0.006662435703954691,0.006662435703954464,1.0000000000000342,optimal,False
SRU_0368,Mars_bakim_x1.5_sert,0.006662435703954691,0.006662435703954464,1.0000000000000342,optimal,False
SRU_2422,Mars_bakim_x1.5_sert,0.006662435703954691,0.006662435703954464,1.0000000000000342,optimal,False
SRU_1433,Mars_bakim_x1.5_sert,0.006662435703954691,0.006662435703954464,1.0000000000000342,optimal,False
SRU_0487,Mars_bakim_x1.5_sert,0.0066621353792849095,0.006662435703954464,0.9999549226915052,optimal,False
SRU_1571,Mars_bakim_x1.5_sert,0.006662435703954877,0.006662435703954464,1.000000000000062,optimal,False
SRU_1544,Mars_bakim_x1.5_sert,0.006662435703954672,0.006662435703954464,1.0000000000000313,optimal,False
SRU_1494,Mars_bakim_x1.5_sert,0.006662435703954672,0.006662435703954464,1.0000000000000313,optimal,False
SRU_1209,Mars_bakim_x1.5_sert,0.006662435703954672,0.006662435703954464,1.0000000000000313,optimal,False
SRU_1847,Mars_bakim_x1.5_sert,0.0,0.006662435703954464,0.0,optimal,True
SRU_0002,Mars_bakim_x1.5_sert,0.006662435703954844,0.006662435703954464,1.000000000000057,optimal,False
SRU_1703,Mars_bakim_x1.5_sert,0.006662435703955081,0.006662435703954464,1.0000000000000926,optimal,False
SRU_2058,Mars_bakim_x1.5_sert,0.006662435703955081,0.006662435703954464,1.0000000000000926,optimal,False
SRU_1940,Mars_bakim_x1.5_sert,0.006662435703955069,0.006662435703954464,1.0000000000000908,optimal,False
SRU_2657,Mars_bakim_x1.5_sert,0.0,0.006662435703954464,0.0,optimal,True
SRU_0403,Mars_bakim_x1.5_sert,-4.082953736257991e-14,0.006662435703954464,-6.128319908340083e-12,optimal,True
SRU_2077,Mars_bakim_x1.5_sert,7.462588522444565e-18,0.006662435703954464,1.1200991430228998e-15,optimal,True
SRU_2115,Mars_bakim_x1.5_sert,0.006662435703954552,0.006662435703954464,1.0000000000000133,optimal,False
SRU_2146,Mars_bakim_x1.5_sert,-3.37083336773758e-31,0.006662435703954464,-5.059461010238094e-29,optimal,True
SRU_2000,Mars_bakim_x1.5_sert,0.006662435703954591,0.006662435703954464,1.000000000000019,optimal,False
SRU_1188,Mars_bakim_x1.5_sert,0.006662435703954854,0.006662435703954464,1.0000000000000586,optimal,False
SRU_2355,Mars_bakim_x1.5_sert,0.006662435703954854,0.006662435703954464,1.0000000000000586,optimal,False
SRU_1228,Mars_bakim_x1.5_sert,0.006662435703954854,0.006662435703954464,1.0000000000000586,optimal,False
SRU_1501,Mars_bakim_x1.5_sert,0.0,0.006662435703954464,0.0,optimal,True
SRU_1066,Mars_bakim_x1.5_sert,0.006662435703954814,0.006662435703954464,1.0000000000000526,optimal,False
SRU_2551,Mars_bakim_x1.5_sert,0.006662435703954886,0.006662435703954464,1.0000000000000635,optimal,False
SRU_1564,Mars_bakim_x1.5_sert,0.0,0.006662435703954464,0.0,optimal,True
SRU_1561,Mars_bakim_x1.5_sert,0.0,0.006662435703954464,0.0,optimal,True
SRU_1843,Mars_bakim_x1.5_sert,0.006662435703954768,0.006662435703954464,1.0000000000000457,optimal,False
SRU_0796,Mars_bakim_x1.5_sert,0.00666243570395444,0.006662435703954464,0.9999999999999964,optimal,False
SRU_1420,Mars_bakim_x1.5_sert,0.00666243570395444,0.006662435703954464,0.9999999999999964,optimal,False
SRU_0634,Mars_bakim_x1.5_sert,0.00666243570395444,0.006662435703954464,0.9999999999999964,optimal,False
SRU_2429,Mars_bakim_x1.5_sert,0.00666243570395444,0.006662435703954464,0.9999999999999964,optimal,False
SRU_0485,Mars_bakim_x1.5_sert,0.00666243570395444,0.006662435703954464,0.9999999999999964,optimal,False
SRU_0663,Mars_bakim_x1.5_sert,0.0,0.006662435703954464,0.0,optimal,True
SRU_0986,Mars_bakim_x1.5_sert,0.006662435703954552,0.006662435703954464,1.0000000000000133,optimal,False
SRU_1057,Mars_bakim_x1.5_sert,0.006662435703954345,0.006662435703954464,0.9999999999999821,optimal,False
SRU_1223,Mars_bakim_x1.5_sert,-6.571805357477858e-32,0.006662435703954464,-9.863968148431343e-30,optimal,True
SRU_1052,Mars_bakim_x1.5_sert,0.00666243570395458,0.006662435703954464,1.0000000000000175,optimal,False
SRU_1618,Mars_bakim_x1.5_sert,0.006662435703954457,0.006662435703954464,0.999999999999999,optimal,False
SRU_1761,Mars_bakim_x1.5_sert,0.006662435703954457,0.006662435703954464,0.999999999999999,optimal,False
SRU_1265,Mars_bakim_x1.5_sert,0.006662435703954457,0.006662435703954464,0.999999999999999,optimal,False
SRU_0131,Mars_bakim_x1.5_sert,0.0,0.006662435703954464,0.0,optimal,True
SRU_0746,Mars_bakim_x1.5_sert,0.006662435703954637,0.006662435703954464,1.000000000000026,optimal,False
SRU_0709,Mars_bakim_x1.5_sert,0.006662435703954863,0.006662435703954464,1.00000000000006,optimal,False
SRU_1199,Mars_bakim_x1.5_sert,0.006662435703954864,0.006662435703954464,1.0000000000000602,optimal,False
SRU_2845,Mars_bakim_x1.5_sert,0.006662435703955296,0.006662435703954464,1.000000000000125,optimal,False
SRU_2301,Mars_bakim_x1.5_sert,-1.9389927761684483e-30,0.006662435703954464,-2.910336192839454e-28,optimal,True
SRU_1435,Mars_bakim_x1.5_sert,0.0,0.006662435703954464,0.0,optimal,True
SRU_2360,Mars_bakim_x1.5_sert,0.005926783105982566,0.006662435703954464,0.8895820341597813,optimal,False
SRU_1224,Mars_bakim_x1.5_sert,0.006662435703954937,0.006662435703954464,1.000000000000071,optimal,False
SRU_2147,Mars_bakim_x1.5_sert,2.1810840709633192e-17,0.006662435703954464,3.2737037442158652e-15,optimal,True
SRU_0400,Mars_bakim_x1.5_sert,0.006662435703955199,0.006662435703954464,1.0000000000001104,optimal,False
SRU_1282,Mars_bakim_x1.5_sert,0.006662435703954774,0.006662435703954464,1.0000000000000466,optimal,False
SRU_2022,Mars_bakim_x1.5_sert,0.006662435703954774,0.006662435703954464,1.0000000000000466,optimal,False
SRU_0822,Mars_bakim_x1.5_sert,0.006662435703954774,0.006662435703954464,1.0000000000000466,optimal,False
SRU_0897,Mars_bakim_x1.5_sert,0.006662435703954774,0.006662435703954464,1.0000000000000466,optimal,False
SRU_1947,Mars_bakim_x1.5_sert,0.006662435703954774,0.006662435703954464,1.0000000000000466,optimal,False
SRU_1652,Mars_bakim_x1.5_sert,0.0,0.006662435703954464,0.0,optimal,True
SRU_1068,Mars_bakim_x1.5_sert,0.006662435703954737,0.006662435703954464,1.000000000000041,optimal,False
SRU_1496,Mars_bakim_x1.5_sert,0.006662435703954617,0.006662435703954464,1.000000000000023,optimal,False
SRU_1046,Mars_bakim_x1.5_sert,0.006662435703954617,0.006662435703954464,1.000000000000023,optimal,False
SRU_1161,Mars_bakim_x1.5_sert,0.006662435703954617,0.006662435703954464,1.000000000000023,optimal,False
SRU_0567,Mars_bakim_x1.5_sert,0.006662435703954617,0.006662435703954464,1.000000000000023,optimal,False
SRU_0335,Mars_bakim_x1.5_sert,0.006662435703954617,0.006662435703954464,1.000000000000023,optimal,False
SRU_2408,Mars_bakim_x1.5_sert,0.006662435703954617,0.006662435703954464,1.000000000000023,optimal,False
SRU_1880,Mars_bakim_x1.5_sert,1.3985629653550126e-16,0.006662435703954464,2.0991766787706494e-14,optimal,True
SRU_2363,Mars_bakim_x1.5_sert,0.006662435703954412,0.006662435703954464,0.9999999999999922,optimal,False
SRU_1236,Mars_bakim_x1.5_sert,0.00666243570395467,0.006662435703954464,1.000000000000031,optimal,False
SRU_2148,Mars_bakim_x1.5_sert,0.0,0.006662435703954464,0.0,optimal,True
SRU_2436,Mars_bakim_x1.5_sert,0.006662435703954758,0.006662435703954464,1.0000000000000442,optimal,False
SRU_2377,Mars_bakim_x1.5_sert,0.0,0.006662435703954464,0.0,optimal,True
SRU_0671,Mars_bakim_x1.5_sert,0.006662435703954397,0.006662435703954464,0.99999999999999,optimal,False
SRU_1795,Mars_bakim_x1.5_sert,0.006662435703954566,0.006662435703954464,1.0000000000000153,optimal,False
SRU_0012,Mars_bakim_x1.5_sert,0.006662435703954566,0.006662435703954464,1.0000000000000153,optimal,False
SRU_1118,Mars_bakim_x1.5_sert,0.006662435703954566,0.006662435703954464,1.0000000000000153,optimal,False
SRU_0556,Mars_bakim_x1.5_sert,0.0,0.006662435703954464,0.0,optimal,True
SRU_1517,Mars_bakim_x1.5_sert,0.0,0.006662435703954464,0.0,optimal,True
SRU_2660,Mars_bakim_x1.5_sert,0.006662435703955013,0.006662435703954464,1.0000000000000824,optimal,False
SRU_1155,Mars_bakim_x1.5_sert,0.006662435703954881,0.006662435703954464,1.0000000000000626,optimal,False
SRU_1555,Mars_bakim_x1.5_sert,0.006662435703955099,0.006662435703954464,1.0000000000000953,optimal,False
SRU_0847,Mars_bakim_x1.5_sert,0.006662435703954792,0.006662435703954464,1.0000000000000493,optimal,False
SRU_0938,Mars_bakim_x1.5_sert,0.006662435703954792,0.006662435703954464,1.0000000000000493,optimal,False
SRU_2294,Mars_bakim_x1.5_sert,0.006522503984140749,0.006662435703954464,0.9789969125359576,optimal,False
SRU_0742,Mars_bakim_x1.5_sert,0.006662435703955558,0.006662435703954464,1.0000000000001643,optimal,False
SRU_0301,Mars_bakim_x1.5_sert,0.0066624357039551906,0.006662435703954464,1.000000000000109,optimal,False
SRU_0527,Mars_bakim_x1.5_sert,0.0066624357039551906,0.006662435703954464,1.000000000000109,optimal,False
SRU_2755,Mars_bakim_x1.5_sert,-1.2792025185308955e-32,0.006662435703954464,-1.9200223092158767e-30,optimal,True
SRU_0111,Mars_bakim_x1.5_sert,0.00666243570395583,0.006662435703954464,1.000000000000205,optimal,False
SRU_1353,Mars_bakim_x1.5_sert,1.1880892760793806e-16,0.006662435703954464,1.7832656536920795e-14,optimal,True
SRU_1685,Mars_bakim_x1.5_sert,0.00666243570395361,0.006662435703954464,0.9999999999998719,optimal,False
SRU_0703,Mars_bakim_x1.5_sert,0.006662435703954909,0.006662435703954464,1.0000000000000668,optimal,False
SRU_2099,Mars_bakim_x1.5_sert,0.006662435703954909,0.006662435703954464,1.0000000000000668,optimal,False
SRU_1463,Mars_bakim_x1.5_sert,0.006662435703954909,0.006662435703954464,1.0000000000000668,optimal,False
SRU_2097,Mars_bakim_x1.5_sert,0.006662435703954909,0.006662435703954464,1.0000000000000668,optimal,False
SRU_1370,Mars_bakim_x1.5_sert,0.0059267831059821585,0.006662435703954464,0.8895820341597201,optimal,False
SRU_1445,Mars_bakim_x1.5_sert,0.006662435703954959,0.006662435703954464,1.0000000000000744,optimal,False
SRU_1725,Mars_bakim_x1.5_sert,0.006662435703954968,0.006662435703954464,1.0000000000000757,optimal,False
SRU_0568,Mars_bakim_x1.5_sert,0.0,0.006662435703954464,0.0,optimal,True
SRU_0787,Mars_bakim_x1.5_sert,0.006662435703954821,0.006662435703954464,1.0000000000000537,optimal,False
SRU_2221,Mars_bakim_x1.5_sert,0.006662435703954968,0.006662435703954464,1.0000000000000757,optimal,False
SRU_1044,Mars_bakim_x1.5_sert,0.006662435703954968,0.006662435703954464,1.0000000000000757,optimal,False
SRU_1412,Mars_bakim_x1.5_sert,0.0,0.006662435703954464,0.0,optimal,True
SRU_1775,Mars_bakim_x1.5_sert,0.0,0.006662435703954464,0.0,optimal,True
SRU_1423,Mars_bakim_x1.5_sert,0.006662435703953788,0.006662435703954464,0.9999999999998986,optimal,False
SRU_1326,Mars_bakim_x1.5_sert,0.006662435703954689,0.006662435703954464,1.0000000000000338,optimal,False
SRU_1227,Mars_bakim_x1.5_sert,0.006662435703954689,0.006662435703954464,1.0000000000000338,optimal,False
SRU_1051,Mars_bakim_x1.5_sert,0.006662435703954689,0.006662435703954464,1.0000000000000338,optimal,False
SRU_0890,Mars_bakim_x1.5_sert,0.006662435703954689,0.006662435703954464,1.0000000000000338,optimal,False
SRU_1552,Mars_bakim_x1.5_sert,0.006662435703954332,0.006662435703954464,0.9999999999999802,optimal,False
SRU_0970,Mars_bakim_x1.5_sert,0.006662435703954332,0.006662435703954464,0.9999999999999802,optimal,False
SRU_0078,Mars_bakim_x1.5_sert,0.006662435703954333,0.006662435703954464,0.9999999999999803,optimal,False
SRU_2218,Mars_bakim_x1.5_sert,0.006662435703954713,0.006662435703954464,1.0000000000000373,optimal,False
SRU_0846,Mars_bakim_x1.5_sert,0.006662435703954713,0.006662435703954464,1.0000000000000373,optimal,False
SRU_2369,Mars_bakim_x1.5_sert,0.006662435703954713,0.006662435703954464,1.0000000000000373,optimal,False
SRU_1457,Mars_bakim_x1.5_sert,0.006662435703954713,0.006662435703954464,1.0000000000000373,optimal,False
SRU_1269,Mars_bakim_x1.5_sert,0.006662435703954713,0.006662435703954464,1.0000000000000373,optimal,False
SRU_1553,Mars_bakim_x1.5_sert,0.0,0.006662435703954464,0.0,optimal,True
SRU_2450,Mars_bakim_x1.5_sert,0.006662435703954682,0.006662435703954464,1.0000000000000329,optimal,False
SRU_2098,Mars_bakim_x1.5_sert,0.006662435703954803,0.006662435703954464,1.0000000000000508,optimal,False
SRU_2320,Mars_bakim_x1.5_sert,0.006662435703954803,0.006662435703954464,1.0000000000000508,optimal,False
SRU_1481,Mars_bakim_x1.5_sert,0.006662435703954803,0.006662435703954464,1.0000000000000508,optimal,False
SRU_1442,Mars_bakim_x1.5_sert,0.006662435703954713,0.006662435703954464,1.0000000000000373,optimal,False
SRU_0034,Mars_bakim_x1.5_sert,0.006662435703954713,0.006662435703954464,1.0000000000000373,optimal,False
SRU_1335,Mars_bakim_x1.5_sert,0.006662435703954713,0.006662435703954464,1.0000000000000373,optimal,False
SRU_2739,Mars_bakim_x1.5_sert,0.0,0.006662435703954464,0.0,optimal,True
SRU_1060,Mars_bakim_x1.5_sert,0.006662435703954545,0.006662435703954464,1.0000000000000122,optimal,False
SRU_1301,Mars_bakim_x1.5_sert,-5.3714308664730786e-31,0.006662435703954464,-8.062262969809804e-29,optimal,True
SRU_2805,Mars_bakim_x1.5_sert,0.006662435703953921,0.006662435703954464,0.9999999999999185,optimal,False
SRU_1702,Mars_bakim_x1.5_sert,0.0,0.006662435703954464,0.0,optimal,True
SRU_1662,Mars_bakim_x1.5_sert,0.0,0.006662435703954464,0.0,optimal,True
SRU_1677,Mars_bakim_x1.5_sert,0.006662435703954662,0.006662435703954464,1.0000000000000298,optimal,False
SRU_2373,Mars_bakim_x1.5_sert,0.0066624357039547,0.006662435703954464,1.0000000000000353,optimal,False
SRU_0394,Mars_bakim_x1.5_sert,0.0066624357039547,0.006662435703954464,1.0000000000000353,optimal,False
SRU_1036,Mars_bakim_x1.5_sert,0.0066624357039547,0.006662435703954464,1.0000000000000353,optimal,False
SRU_1019,Mars_bakim_x1.5_sert,0.0,0.006662435703954464,0.0,optimal,True
SRU_0325,Mars_bakim_x1.5_sert,0.006662435703954837,0.006662435703954464,1.000000000000056,optimal,False
SRU_1639,Mars_bakim_x1.5_sert,-3.4865810020497705e-16,0.006662435703954464,-5.233192719563993e-14,optimal,True
SRU_1626,Mars_bakim_x1.5_sert,0.006662435703954351,0.006662435703954464,0.9999999999999831,optimal,False
SRU_0785,Mars_bakim_x1.5_sert,0.00603708049393655,0.006662435703954464,0.9061371489638937,optimal,False
SRU_1839,Mars_bakim_x1.5_sert,-5.770065255632087e-16,0.006662435703954464,-8.660594281168502e-14,optimal,True
SRU_2386,Mars_bakim_x1.5_sert,0.001237820845400145,0.006662435703954464,0.1857910380531614,optimal,False
SRU_0427,Mars_bakim_x1.5_sert,0.006662435703954947,0.006662435703954464,1.0000000000000726,optimal,False
SRU_0079,Mars_bakim_x1.5_sert,0.006662435703954376,0.006662435703954464,0.9999999999999869,optimal,False
SRU_0666,Mars_bakim_x1.5_sert,0.006662435703954413,0.006662435703954464,0.9999999999999925,optimal,False
SRU_1471,Mars_bakim_x1.5_sert,0.006662435703954413,0.006662435703954464,0.9999999999999925,optimal,False
SRU_0571,Mars_bakim_x1.5_sert,0.006662435703954807,0.006662435703954464,1.0000000000000515,optimal,False
SRU_0038,Mars_bakim_x1.5_sert,0.006662435703954807,0.006662435703954464,1.0000000000000515,optimal,False
SRU_0431,Mars_bakim_x1.5_sert,0.006662435703954807,0.006662435703954464,1.0000000000000515,optimal,False
SRU_2804,Mars_bakim_x1.5_sert,0.006662435703954807,0.006662435703954464,1.0000000000000515,optimal,False
SRU_1526,Mars_bakim_x1.5_sert,0.0,0.006662435703954464,0.0,optimal,True
SRU_2302,Mars_bakim_x1.5_sert,0.006662435703954885,0.006662435703954464,1.0000000000000633,optimal,False
SRU_1560,Mars_bakim_x1.5_sert,6.96029661481921e-16,0.006662435703954464,1.0447075100008774e-13,optimal,True
SRU_1603,Mars_bakim_x1.5_sert,0.006662435703955109,0.006662435703954464,1.0000000000000968,optimal,False
SRU_0902,Mars_bakim_x1.5_sert,0.006662435703954605,0.006662435703954464,1.0000000000000213,optimal,False
SRU_1770,Mars_bakim_x1.5_sert,0.006662435703954745,0.006662435703954464,1.0000000000000422,optimal,False
SRU_1760,Mars_bakim_x1.5_sert,0.006662435703954745,0.006662435703954464,1.0000000000000422,optimal,False
SRU_1657,Mars_bakim_x1.5_sert,0.006538642792977999,0.006662435703954464,0.9814192711979213,optimal,False
SRU_1474,Mars_bakim_x1.5_sert,0.006662435703955023,0.006662435703954464,1.000000000000084,optimal,False
SRU_1059,Mars_bakim_x1.5_sert,0.00666243570395471,0.006662435703954464,1.000000000000037,optimal,False
SRU_0030,Mars_bakim_x1.5_sert,5.247909047574765e-17,0.006662435703954464,7.876862578140736e-15,optimal,True
SRU_0760,Mars_bakim_x1.5_sert,0.0066624357039543995,0.006662435703954464,0.9999999999999903,optimal,False
SRU_2802,Mars_bakim_x1.5_sert,0.006662435703954411,0.006662435703954464,0.999999999999992,optimal,False
SRU_1034,Mars_bakim_x1.5_sert,0.006662435703954411,0.006662435703954464,0.999999999999992,optimal,False
SRU_1629,Mars_bakim_x1.5_sert,0.006662435703954411,0.006662435703954464,0.999999999999992,optimal,False
SRU_0681,Mars_bakim_x1.5_sert,0.006662435703954411,0.006662435703954464,0.999999999999992,optimal,False
SRU_0424,Mars_bakim_x1.5_sert,0.0066624357039544125,0.006662435703954464,0.9999999999999923,optimal,False
SRU_0596,Mars_bakim_x1.5_sert,0.006662435703954379,0.006662435703954464,0.9999999999999872,optimal,False
SRU_1270,Mars_bakim_x1.5_sert,0.006662435703954379,0.006662435703954464,0.9999999999999872,optimal,False
SRU_0511,Mars_bakim_x1.5_sert,-3.2198644809069607e-16,0.006662435703954464,-4.832863871385389e-14,optimal,True
SRU_2198,Mars_bakim_x1.5_sert,-4.213078395231397e-18,0.006662435703954464,-6.32363084979678e-16,optimal,True
SRU_2255,Mars_bakim_x1.5_sert,0.006662435703954588,0.006662435703954464,1.0000000000000187,optimal,False
SRU_1061,Mars_bakim_x1.5_sert,0.006662435703954676,0.006662435703954464,1.000000000000032,optimal,False
SRU_1253,Mars_bakim_x1.5_sert,0.006662435703954676,0.006662435703954464,1.000000000000032,optimal,False
SRU_1246,Mars_bakim_x1.5_sert,0.006662435703954676,0.006662435703954464,1.000000000000032,optimal,False
SRU_0074,Mars_bakim_x1.5_sert,0.006662435703954676,0.006662435703954464,1.000000000000032,optimal,False
SRU_0276,Mars_bakim_x1.5_sert,0.006662435703954676,0.006662435703954464,1.000000000000032,optimal,False
SRU_0647,Mars_bakim_x1.5_sert,0.006662435703954676,0.006662435703954464,1.000000000000032,optimal,False
SRU_1875,Mars_bakim_x1.5_sert,0.006662435703954677,0.006662435703954464,1.000000000000032,optimal,False
SRU_1781,Mars_bakim_x1.5_sert,0.006662435703954533,0.006662435703954464,1.0000000000000104,optimal,False
SRU_0962,Mars_bakim_x1.5_sert,0.0,0.006662435703954464,0.0,optimal,True
SRU_1831,Mars_bakim_x1.5_sert,0.0066624357039545045,0.006662435703954464,1.0000000000000062,optimal,False
SRU_0362,Mars_bakim_x1.5_sert,0.006662435703954796,0.006662435703954464,1.00000000000005,optimal,False
SRU_1459,Mars_bakim_x1.5_sert,0.006662435703954796,0.006662435703954464,1.00000000000005,optimal,False
SRU_0531,Mars_bakim_x1.5_sert,0.006662435703954796,0.006662435703954464,1.00000000000005,optimal,False
SRU_1351,Mars_bakim_x1.5_sert,0.0,0.006662435703954464,0.0,optimal,True
SRU_0916,Mars_bakim_x1.5_sert,0.006662435703954531,0.006662435703954464,1.0000000000000102,optimal,False
SRU_1502,Mars_bakim_x1.5_sert,0.0,0.006662435703954464,0.0,optimal,True
SRU_0498,Mars_bakim_x1.5_sert,0.0066624357039545565,0.006662435703954464,1.000000000000014,optimal,False
SRU_0093,Mars_bakim_x1.5_sert,0.006662435703954731,0.006662435703954464,1.0000000000000402,optimal,False
SRU_0669,Mars_bakim_x1.5_sert,0.006662435703954731,0.006662435703954464,1.0000000000000402,optimal,False
SRU_0488,Mars_bakim_x1.5_sert,0.006662435703954731,0.006662435703954464,1.0000000000000402,optimal,False
SRU_1172,Mars_bakim_x1.5_sert,0.006662435703954731,0.006662435703954464,1.0000000000000402,optimal,False
SRU_1849,Mars_bakim_x1.5_sert,0.0,0.006662435703954464,0.0,optimal,True
SRU_0673,Mars_bakim_x1.5_sert,0.006662435703954443,0.006662435703954464,0.9999999999999969,optimal,False
SRU_2206,Mars_bakim_x1.5_sert,0.0066624357039544585,0.006662435703954464,0.9999999999999992,optimal,False
SRU_1667,Mars_bakim_x1.5_sert,0.0,0.006662435703954464,0.0,optimal,True
SRU_1291,Mars_bakim_x1.5_sert,0.006662435703954557,0.006662435703954464,1.000000000000014,optimal,False
SRU_0588,Mars_bakim_x1.5_sert,0.00666243570395479,0.006662435703954464,1.0000000000000488,optimal,False
SRU_2658,Mars_bakim_x1.5_sert,0.00666243570395479,0.006662435703954464,1.0000000000000488,optimal,False
SRU_2145,Mars_bakim_x1.5_sert,-1.508690135874274e-17,0.006662435703954464,-2.264472338515472e-15,optimal,True
SRU_0480,Mars_bakim_x1.5_sert,0.0,0.006662435703954464,0.0,optimal,True
SRU_2656,Mars_bakim_x1.5_sert,0.0,0.006662435703954464,0.0,optimal,True
SRU_1447,Mars_bakim_x1.5_sert,0.006662435703954425,0.006662435703954464,0.9999999999999941,optimal,False
SRU_1119,Mars_bakim_x1.5_sert,0.00666243570395429,0.006662435703954464,0.9999999999999739,optimal,False
SRU_1778,Mars_bakim_x1.5_sert,0.00666243570395429,0.006662435703954464,0.9999999999999739,optimal,False
SRU_2740,Mars_bakim_x1.5_sert,0.00666243570395429,0.006662435703954464,0.9999999999999739,optimal,False
SRU_1874,Mars_bakim_x1.5_sert,0.0,0.006662435703954464,0.0,optimal,True
SRU_2019,Mars_bakim_x1.5_sert,0.006662435703954564,0.006662435703954464,1.000000000000015,optimal,False
SRU_1483,Mars_bakim_x1.5_sert,0.006662435703954561,0.006662435703954464,1.0000000000000147,optimal,False
SRU_1075,Mars_bakim_x1.5_sert,0.006662435703954561,0.006662435703954464,1.0000000000000147,optimal,False
SRU_2287,Mars_bakim_x1.5_sert,0.006662435703954605,0.006662435703954464,1.0000000000000213,optimal,False
SRU_1611,Mars_bakim_x1.5_sert,0.006309123789831771,0.006662435703954464,0.9469695574078132,optimal,False
SRU_0727,Mars_bakim_x1.5_sert,-2.123565750609109e-17,0.006662435703954464,-3.1873714733917427e-15,optimal,True
SRU_1369,Mars_bakim_x1.5_sert,0.006662435703954833,0.006662435703954464,1.0000000000000555,optimal,False
SRU_0482,Mars_bakim_x1.5_sert,0.006662435703954863,0.006662435703954464,1.00000000000006,optimal,False
SRU_0581,Mars_bakim_x1.5_sert,0.006662435703954863,0.006662435703954464,1.00000000000006,optimal,False
SRU_0618,Mars_bakim_x1.5_sert,0.006662435703954863,0.006662435703954464,1.00000000000006,optimal,False
SRU_2437,Mars_bakim_x1.5_sert,0.006662435703954863,0.006662435703954464,1.00000000000006,optimal,False
SRU_0937,Mars_bakim_x1.5_sert,0.006662435703954863,0.006662435703954464,1.00000000000006,optimal,False
SRU_1550,Mars_bakim_x1.5_sert,0.006662435703954863,0.006662435703954464,1.00000000000006,optimal,False
SRU_1969,Mars_bakim_x1.5_sert,0.006662435703954863,0.006662435703954464,1.00000000000006,optimal,False
SRU_0432,Mars_bakim_x1.5_sert,0.006662435703954863,0.006662435703954464,1.00000000000006,optimal,False
SRU_1005,Mars_bakim_x1.5_sert,0.006662435703954863,0.006662435703954464,1.00000000000006,optimal,False
SRU_1446,Mars_bakim_x1.5_sert,0.006662435703954837,0.006662435703954464,1.000000000000056,optimal,False
SRU_0397,Mars_bakim_x1.5_sert,0.006662435703954523,0.006662435703954464,1.0000000000000089,optimal,False
SRU_1047,Mars_bakim_x1.5_sert,0.006662435703954523,0.006662435703954464,1.0000000000000089,optimal,False
SRU_1419,Mars_bakim_x1.5_sert,0.006662435703954523,0.006662435703954464,1.0000000000000089,optimal,False
SRU_1495,Mars_bakim_x1.5_sert,0.006662435703954523,0.006662435703954464,1.0000000000000089,optimal,False
SRU_0528,Mars_bakim_x1.5_sert,0.006662435703954523,0.006662435703954464,1.0000000000000089,optimal,False
SRU_0382,Mars_bakim_x1.5_sert,0.006662435703954523,0.006662435703954464,1.0000000000000089,optimal,False
SRU_2173,Mars_bakim_x1.5_sert,-6.586696501466437e-32,0.006662435703954464,-9.886319049288428e-30,optimal,True
SRU_1480,Mars_bakim_x1.5_sert,0.0,0.006662435703954464,0.0,optimal,True
SRU_1900,Mars_bakim_x1.5_sert,0.006662435703954511,0.006662435703954464,1.000000000000007,optimal,False
SRU_1651,Mars_bakim_x1.5_sert,0.0,0.006662435703954464,0.0,optimal,True
SRU_0456,Mars_bakim_x1.5_sert,0.00666243570395481,0.006662435703954464,1.000000000000052,optimal,False
SRU_1354,Mars_bakim_x1.5_sert,-5.024763674470517e-32,0.006662435703954464,-7.541931956638752e-30,optimal,True
SRU_2753,Mars_bakim_x1.5_sert,0.0,0.006662435703954464,0.0,optimal,True
SRU_0395,Mars_bakim_x1.5_sert,0.006662435703954847,0.006662435703954464,1.0000000000000575,optimal,False
SRU_1623,Mars_bakim_x1.5_sert,0.006662435703954492,0.006662435703954464,1.0000000000000042,optimal,False
SRU_1949,Mars_bakim_x1.5_sert,0.006662435703954492,0.006662435703954464,1.0000000000000042,optimal,False
SRU_2063,Mars_bakim_x1.5_sert,-5.695741674963141e-18,0.006662435703954464,-8.549038111666061e-16,optimal,True
SRU_1772,Mars_bakim_x1.5_sert,0.006662435703954709,0.006662435703954464,1.0000000000000369,optimal,False
SRU_2204,Mars_bakim_x1.5_sert,0.0066624357039547265,0.006662435703954464,1.0000000000000395,optimal,False
SRU_0601,Mars_bakim_x1.5_sert,0.0066624357039547265,0.006662435703954464,1.0000000000000395,optimal,False
SRU_1031,Mars_bakim_x1.5_sert,0.0066624357039547265,0.006662435703954464,1.0000000000000395,optimal,False
SRU_0115,Mars_bakim_x1.5_sert,2.176232329386357e-16,0.006662435703954464,3.2664215102213485e-14,optimal,True
SRU_0716,Mars_bakim_x1.5_sert,0.006662435703954539,0.006662435703954464,1.0000000000000113,optimal,False
SRU_1914,Mars_bakim_x1.5_sert,0.0,0.006662435703954464,0.0,optimal,True
SRU_0523,Mars_bakim_x1.5_sert,0.006662435703954402,0.006662435703954464,0.9999999999999908,optimal,False
SRU_1929,Mars_bakim_x1.5_sert,0.0,0.006662435703954464,0.0,optimal,True
SRU_1041,Mars_bakim_x1.5_sert,0.00666243570395474,0.006662435703954464,1.0000000000000415,optimal,False
SRU_1235,Mars_bakim_x1.5_sert,0.006662435703954768,0.006662435703954464,1.0000000000000457,optimal,False
SRU_2334,Mars_bakim_x1.5_sert,0.006662435703954768,0.006662435703954464,1.0000000000000457,optimal,False
SRU_2072,Mars_bakim_x1.5_sert,0.006662435703954768,0.006662435703954464,1.0000000000000457,optimal,False
SRU_0981,Mars_bakim_x1.5_sert,0.006662435703954768,0.006662435703954464,1.0000000000000457,optimal,False
SRU_1774,Mars_bakim_x1.5_sert,0.006662435703954768,0.006662435703954464,1.0000000000000457,optimal,False
SRU_1955,Mars_bakim_x1.5_sert,0.006662435703954768,0.006662435703954464,1.0000000000000457,optimal,False
SRU_0314,Mars_bakim_x1.5_sert,0.006662435703954768,0.006662435703954464,1.0000000000000457,optimal,False
SRU_1139,Mars_bakim_x1.5_sert,0.0,0.006662435703954464,0.0,optimal,True
SRU_2375,Mars_bakim_x1.5_sert,0.006662435703954558,0.006662435703954464,1.0000000000000142,optimal,False
SRU_2489,Mars_bakim_x1.5_sert,0.0,0.006662435703954464,0.0,optimal,True
SRU_2557,Mars_bakim_x1.5_sert,0.00666243570395494,0.006662435703954464,1.0000000000000715,optimal,False
SRU_1214,Mars_bakim_x1.5_sert,0.006662435703954733,0.006662435703954464,1.0000000000000404,optimal,False
SRU_1782,Mars_bakim_x1.5_sert,0.006662435703954733,0.006662435703954464,1.0000000000000404,optimal,False
SRU_0007,Mars_bakim_x1.5_sert,0.006662435703954733,0.006662435703954464,1.0000000000000404,optimal,False
SRU_0591,Mars_bakim_x1.5_sert,0.006662435703954733,0.006662435703954464,1.0000000000000404,optimal,False
SRU_2128,Mars_bakim_x1.5_sert,0.0,0.006662435703954464,0.0,optimal,True
SRU_1169,Mars_bakim_x1.5_sert,0.006662435703954709,0.006662435703954464,1.0000000000000369,optimal,False
SRU_0238,Mars_bakim_x1.5_sert,0.006662435703954951,0.006662435703954464,1.0000000000000733,optimal,False
SRU_1788,Mars_bakim_x1.5_sert,0.006662435703954953,0.006662435703954464,1.0000000000000735,optimal,False
SRU_0989,Mars_bakim_x1.5_sert,0.006662435703954982,0.006662435703954464,1.000000000000078,optimal,False
SRU_0682,Mars_bakim_x1.5_sert,2.611295668814227e-16,0.006662435703954464,3.9194309481505426e-14,optimal,True
SRU_0808,Mars_bakim_x1.5_sert,0.006662435703954418,0.006662435703954464,0.9999999999999931,optimal,False
SRU_0602,Mars_bakim_x1.5_sert,0.006662435703955288,0.006662435703954464,1.0000000000001237,optimal,False
SRU_2807,Mars_bakim_x1.5_sert,0.006662435703955288,0.006662435703954464,1.0000000000001237,optimal,False
SRU_0895,Mars_bakim_x1.5_sert,0.006662435703955288,0.006662435703954464,1.0000000000001237,optimal,False
SRU_1413,Mars_bakim_x1.5_sert,0.006662435703955288,0.006662435703954464,1.0000000000001237,optimal,False
SRU_1894,Mars_bakim_x1.5_sert,0.006662435703955288,0.006662435703954464,1.0000000000001237,optimal,False
SRU_0979,Mars_bakim_x1.5_sert,0.006662435703955288,0.006662435703954464,1.0000000000001237,optimal,False
SRU_0028,Mars_bakim_x1.5_sert,-1.3918048096312903e-30,0.006662435703954464,-2.0890330075608683e-28,optimal,True
SRU_1621,Mars_bakim_x1.5_sert,0.0,0.006662435703954464,0.0,optimal,True
SRU_1260,Mars_bakim_x1.5_sert,0.006662435703954625,0.006662435703954464,1.0000000000000242,optimal,False
SRU_0323,Mars_bakim_x1.5_sert,0.00666243570395449,0.006662435703954464,1.000000000000004,optimal,False
SRU_1872,Mars_bakim_x1.5_sert,4.39547455413336e-31,0.006662435703954464,6.597398833469331e-29,optimal,True
SRU_0326,Mars_bakim_x1.5_sert,0.00666243570395487,0.006662435703954464,1.0000000000000608,optimal,False
SRU_1210,Mars_bakim_x1.5_sert,0.00666243570395502,0.006662435703954464,1.0000000000000835,optimal,False
SRU_1745,Mars_bakim_x1.5_sert,0.00666243570395502,0.006662435703954464,1.0000000000000835,optimal,False
SRU_1684,Mars_bakim_x1.5_sert,0.0,0.006662435703954464,0.0,optimal,True
SRU_2068,Mars_bakim_x1.5_sert,0.0066624357039547,0.006662435703954464,1.0000000000000353,optimal,False
SRU_2152,Mars_bakim_x1.5_sert,0.006662435703954556,0.006662435703954464,1.0000000000000138,optimal,False
SRU_1027,Mars_bakim_x1.5_sert,0.006662435703954556,0.006662435703954464,1.0000000000000138,optimal,False
SRU_0479,Mars_bakim_x1.5_sert,0.006662435703955157,0.006662435703954464,1.000000000000104,optimal,False
SRU_0605,Mars_bakim_x1.5_sert,0.006662435703955157,0.006662435703954464,1.000000000000104,optimal,False
SRU_1133,Mars_bakim_x1.5_sert,0.006662435703955144,0.006662435703954464,1.0000000000001021,optimal,False
SRU_0597,Mars_bakim_x1.5_sert,0.006662435703954788,0.006662435703954464,1.0000000000000486,optimal,False
SRU_0538,Mars_bakim_x1.5_sert,0.006662435703954788,0.006662435703954464,1.0000000000000486,optimal,False
Unknown,Mars_bakim_x1.5_sert,0.005926783105982325,0.006662435703954464,0.8895820341597451,optimal,False
SRU_0947,Mars_bakim_x1.5_sert,0.006662435703954324,0.006662435703954464,0.999999999999979,optimal,False
SRU_1257,Mars_bakim_x1.5_sert,0.006662435703954788,0.006662435703954464,1.0000000000000486,optimal,False
SRU_0544,Mars_bakim_x1.5_sert,0.006662435703954788,0.006662435703954464,1.0000000000000486,optimal,False
SRU_1913,Mars_bakim_x1.5_sert,-1.284818952023455e-17,0.006662435703954464,-1.9284523095072506e-15,optimal,True
SRU_0722,Mars_bakim_x1.5_sert,0.006662435703953921,0.006662435703954464,0.9999999999999185,optimal,False
SRU_0557,Mars_bakim_x1.5_sert,-1.397004547341697e-18,0.006662435703954464,-2.0968375672466306e-16,optimal,True
SRU_2149,Mars_bakim_x1.5_sert,0.006662435703953764,0.006662435703954464,0.999999999999895,optimal,False
SRU_0337,Mars_bakim_x1.5_sert,-6.224673094150399e-19,0.006662435703954464,-9.342939085259416e-17,optimal,True
SRU_0001,Mars_bakim_x1.5_sert,0.006662435703953767,0.006662435703954464,0.9999999999998954,optimal,False
SRU_1664,Mars_bakim_x1.5_sert,0.006662435703954721,0.006662435703954464,1.0000000000000386,optimal,False
SRU_0041,Mars_bakim_x1.5_sert,7.843375063086405e-18,0.006662435703954464,1.1772533967466281e-15,optimal,True
SRU_0020,Mars_bakim_x1.5_sert,0.006662435703954589,0.006662435703954464,1.0000000000000187,optimal,False
SRU_0550,Mars_bakim_x1.5_sert,0.006662435703955047,0.006662435703954464,1.0000000000000875,optimal,False
SRU_1080,Mars_bakim_x1.5_sert,-7.627306662172945e-18,0.006662435703954464,-1.1448225545570048e-15,optimal,True
SRU_1302,Mars_bakim_x1.5_sert,0.006662435703953734,0.006662435703954464,0.9999999999998905,optimal,False
SRU_1149,Mars_bakim_x1.5_sert,0.006662435703955243,0.006662435703954464,1.000000000000117,optimal,False
SRU_0419,Mars_bakim_x1.5_sert,2.159466146006021e-19,0.006662435703954464,3.2412562641681896e-17,optimal,True
SRU_1714,Mars_bakim_x1.5_sert,0.0,0.006662435703954464,0.0,optimal,True
SRU_0372,Mars_bakim_x1.5_sert,0.006662435703953656,0.006662435703954464,0.9999999999998788,optimal,False
SRU_0685,Mars_bakim_x1.5_sert,-2.0861393668160602e-18,0.006662435703954464,-3.131196246408562e-16,optimal,True
SRU_1049,Mars_bakim_x1.5_sert,0.006662435703955421,0.006662435703954464,1.0000000000001437,optimal,False
SRU_1476,Mars_bakim_x1.5_sert,0.006662435703955243,0.006662435703954464,1.000000000000117,optimal,False
SRU_1225,Mars_bakim_x1.5_sert,0.006662435703955243,0.006662435703954464,1.000000000000117,optimal,False
SRU_1939,Mars_bakim_x1.5_sert,0.006662435703955243,0.006662435703954464,1.000000000000117,optimal,False
SRU_1038,Mars_bakim_x1.5_sert,0.006662435703955243,0.006662435703954464,1.000000000000117,optimal,False
SRU_0955,Mars_bakim_x1.5_sert,0.006662435703955243,0.006662435703954464,1.000000000000117,optimal,False
SRU_2154,Mars_bakim_x1.5_sert,0.006662435703955243,0.006662435703954464,1.000000000000117,optimal,False
SRU_1018,Mars_bakim_x1.5_sert,-1.967479761259463e-17,0.006662435703954464,-2.9530938063562437e-15,optimal,True
SRU_0484,Mars_bakim_x1.5_sert,0.006662135379283891,0.006662435703954464,0.9999549226913523,optimal,False
SRU_2799,Mars_bakim_x1.5_sert,0.006662435703954871,0.006662435703954464,1.0000000000000613,optimal,False
SRU_1112,Mars_bakim_x1.5_sert,0.006662435703954647,0.006662435703954464,1.0000000000000275,optimal,False
SRU_1666,Mars_bakim_x1.5_sert,-2.143657092812403e-18,0.006662435703954464,-3.217527625129716e-16,optimal,True
SRU_2721,Mars_bakim_x1.5_sert,0.006662435703953713,0.006662435703954464,0.9999999999998873,optimal,False
SRU_1856,Mars_bakim_x1.5_sert,0.0066624357039547655,0.006662435703954464,1.0000000000000453,optimal,False
SRU_0589,Mars_bakim_x1.5_sert,0.0066624357039547655,0.006662435703954464,1.0000000000000453,optimal,False
SRU_0651,Mars_bakim_x1.5_sert,0.0066624357039547655,0.006662435703954464,1.0000000000000453,optimal,False
SRU_1415,Mars_bakim_x1.5_sert,-8.817031590431179e-18,0.006662435703954464,-1.3233946235605489e-15,optimal,True
SRU_0775,Mars_bakim_x1.5_sert,0.006662435703954929,0.006662435703954464,1.0000000000000697,optimal,False
SRU_1411,Mars_bakim_x1.5_sert,6.341632560233146e-19,0.006662435703954464,9.518489696597137e-17,optimal,True
SRU_1285,Mars_bakim_x1.5_sert,0.0066624357039548054,0.006662435703954464,1.0000000000000513,optimal,False
SRU_1252,Mars_bakim_x1.5_sert,0.006662435703954415,0.006662435703954464,0.9999999999999927,optimal,False
SRU_0045,Mars_bakim_x1.5_sert,7.500233534714868e-18,0.006662435703954464,1.1257494808187241e-15,optimal,True
SRU_1200,Mars_bakim_x1.5_sert,0.006662435703954576,0.006662435703954464,1.0000000000000169,optimal,False
SRU_1905,Mars_bakim_x1.5_sert,0.006662435703954406,0.006662435703954464,0.9999999999999912,optimal,False
SRU_1792,Mars_bakim_x1.5_sert,0.006662435703954557,0.006662435703954464,1.000000000000014,optimal,False
SRU_0697,Mars_bakim_x1.5_sert,0.006662435703954557,0.006662435703954464,1.000000000000014,optimal,False
SRU_1617,Mars_bakim_x1.5_sert,0.006662435703954557,0.006662435703954464,1.000000000000014,optimal,False
SRU_1323,Mars_bakim_x1.5_sert,0.006662435703954557,0.006662435703954464,1.000000000000014,optimal,False
SRU_0717,Mars_bakim_x1.5_sert,0.006662435703954557,0.006662435703954464,1.000000000000014,optimal,False
SRU_2153,Mars_bakim_x1.5_sert,-3.119741833517827e-17,0.006662435703954464,-4.682584526355903e-15,optimal,True
SRU_2806,Mars_bakim_x1.5_sert,0.006662435703954616,0.006662435703954464,1.0000000000000229,optimal,False
SRU_2497,Mars_bakim_x1.5_sert,0.0066624357039545895,0.006662435703954464,1.0000000000000189,optimal,False
SRU_2319,Mars_bakim_x1.5_sert,0.0066624357039545895,0.006662435703954464,1.0000000000000189,optimal,False
SRU_0969,Mars_bakim_x1.5_sert,-1.5177750908344176e-32,0.006662435703954464,-2.2781084250217196e-30,optimal,True
SRU_1547,Mars_bakim_x1.5_sert,0.0066624357039545895,0.006662435703954464,1.0000000000000189,optimal,False
SRU_0239,Mars_bakim_x1.5_sert,0.006662435703954935,0.006662435703954464,1.0000000000000706,optimal,False
SRU_0385,Mars_bakim_x1.5_sert,0.006662435703954938,0.006662435703954464,1.0000000000000713,optimal,False
SRU_0828,Mars_bakim_x1.5_sert,0.0,0.006662435703954464,0.0,optimal,True
SRU_0486,Mars_bakim_x1.5_sert,0.00666213537928468,0.006662435703954464,0.9999549226914707,optimal,False
SRU_1796,Mars_bakim_x1.5_sert,0.00666243570395503,0.006662435703954464,1.000000000000085,optimal,False
SRU_0825,Mars_bakim_x1.5_sert,0.006662435703954673,0.006662435703954464,1.0000000000000313,optimal,False
SRU_0561,Mars_bakim_x1.5_sert,0.0,0.006662435703954464,0.0,optimal,True
SRU_1616,Mars_bakim_x1.5_sert,0.006662435703953878,0.006662435703954464,0.9999999999999121,optimal,False
SRU_1173,Mars_bakim_x1.5_sert,0.0066624357039549295,0.006662435703954464,1.00000000000007,optimal,False
SRU_0560,Mars_bakim_x1.5_sert,2.0709982472809948e-16,0.006662435703954464,3.108470144112252e-14,optimal,True
SRU_1215,Mars_bakim_x1.5_sert,8.993803846582938e-31,0.006662435703954464,1.3499273007985203e-28,optimal,True
SRU_0496,Mars_bakim_x1.5_sert,0.006662435703954795,0.006662435703954464,1.0000000000000497,optimal,False
SRU_2207,Mars_bakim_x1.5_sert,0.0066624357039547655,0.006662435703954464,1.0000000000000453,optimal,False
SRU_0838,Mars_bakim_x1.5_sert,0.0066624357039547655,0.006662435703954464,1.0000000000000453,optimal,False
SRU_0569,Mars_bakim_x1.5_sert,0.0,0.006662435703954464,0.0,optimal,True
SRU_2791,Mars_bakim_x1.5_sert,0.0,0.006662435703954464,0.0,optimal,True
SRU_2150,Mars_bakim_x1.5_sert,0.006662435703953398,0.006662435703954464,0.99999999999984,optimal,False
SRU_2681,Mars_bakim_x1.5_sert,0.006662435703954714,0.006662435703954464,1.0000000000000375,optimal,False
SRU_0422,Mars_bakim_x1.5_sert,-3.9350524793281376e-31,0.006662435703954464,-5.906327136474281e-29,optimal,True
SRU_0874,Mars_bakim_x1.5_sert,0.006662435703954686,0.006662435703954464,1.0000000000000333,optimal,False
SRU_0037,Mars_bakim_x1.5_sert,0.006662435703954564,0.006662435703954464,1.000000000000015,optimal,False
SRU_2342,Mars_bakim_x1.5_sert,0.0,0.006662435703954464,0.0,optimal,True
SRU_1556,Mars_bakim_x1.5_sert,0.006662435703954411,0.006662435703954464,0.999999999999992,optimal,False
SRU_0481,Mars_bakim_x1.5_sert,0.006662435703954635,0.006662435703954464,1.0000000000000258,optimal,False
SRU_1630,Mars_bakim_x1.5_sert,0.006662435703954635,0.006662435703954464,1.0000000000000258,optimal,False
SRU_1557,Mars_bakim_x1.5_sert,0.006662435703954635,0.006662435703954464,1.0000000000000258,optimal,False
SRU_0300,Mars_bakim_x1.5_sert,0.006662435703954635,0.006662435703954464,1.0000000000000258,optimal,False
SRU_1237,Mars_bakim_x1.5_sert,0.006662435703954635,0.006662435703954464,1.0000000000000258,optimal,False
SRU_1267,Mars_bakim_x1.5_sert,0.006662435703954635,0.006662435703954464,1.0000000000000258,optimal,False
SRU_1048,Mars_bakim_x1.5_sert,0.006662435703954635,0.006662435703954464,1.0000000000000258,optimal,False
SRU_0364,Mars_bakim_x1.5_sert,0.006662435703954635,0.006662435703954464,1.0000000000000258,optimal,False
SRU_0922,Mars_bakim_x1.5_sert,0.006662435703954635,0.006662435703954464,1.0000000000000258,optimal,False
SRU_0839,Mars_bakim_x1.5_sert,0.006662435703954635,0.006662435703954464,1.0000000000000258,optimal,False
SRU_0811,Mars_bakim_x1.5_sert,0.0,0.006662435703954464,0.0,optimal,True
SRU_1229,Mars_bakim_x1.5_sert,0.006662435703954588,0.006662435703954464,1.0000000000000187,optimal,False
SRU_0322,Mars_bakim_x1.5_sert,0.006662435703954564,0.006662435703954464,1.000000000000015,optimal,False
SRU_0393,Mars_bakim_x1.5_sert,0.006662435703954564,0.006662435703954464,1.000000000000015,optimal,False
SRU_0980,Mars_bakim_x1.5_sert,0.006662435703954564,0.006662435703954464,1.000000000000015,optimal,False
SRU_1363,Mars_bakim_x1.5_sert,0.0,0.006662435703954464,0.0,optimal,True
SRU_1006,Mars_bakim_x1.5_sert,0.006662435703954982,0.006662435703954464,1.000000000000078,optimal,False
SRU_2541,Mars_bakim_x1.5_sert,0.006662435703954805,0.006662435703954464,1.000000000000051,optimal,False
SRU_2344,Mars_bakim_x1.5_sert,0.006662435703954805,0.006662435703954464,1.000000000000051,optimal,False
SRU_0931,Mars_bakim_x1.5_sert,0.006662435703954805,0.006662435703954464,1.000000000000051,optimal,False
SRU_2217,Mars_bakim_x1.5_sert,0.0,0.006662435703954464,0.0,optimal,True
SRU_1444,Mars_bakim_x1.5_sert,0.006662435703954811,0.006662435703954464,1.0000000000000522,optimal,False
SRU_1030,Mars_bakim_x1.5_sert,0.006662435703954805,0.006662435703954464,1.000000000000051,optimal,False
SRU_2220,Mars_bakim_x1.5_sert,0.0,0.006662435703954464,0.0,optimal,True
SRU_1710,Mars_bakim_x1.5_sert,0.006662435703954797,0.006662435703954464,1.00000000000005,optimal,False
SRU_0710,Mars_bakim_x1.5_sert,0.006662435703954928,0.006662435703954464,1.0000000000000697,optimal,False
SRU_2060,Mars_bakim_x1.5_sert,-6.183513016138086e-32,0.006662435703954464,-9.281159760337928e-30,optimal,True
SRU_0963,Mars_bakim_x1.5_sert,-1.5024310617174617e-15,0.006662435703954464,-2.2550777650667598e-13,optimal,True
SRU_2693,Mars_bakim_x1.5_sert,0.006662435703958033,0.006662435703954464,1.0000000000005358,optimal,False
SRU_2205,Mars_bakim_x1.5_sert,0.006662435703954585,0.006662435703954464,1.0000000000000182,optimal,False
SRU_0423,Mars_bakim_x1.5_sert,0.006662435703954584,0.006662435703954464,1.000000000000018,optimal,False
SRU_1709,Mars_bakim_x1.5_sert,0.00666243570395458,0.006662435703954464,1.0000000000000175,optimal,False
SRU_1211,Mars_bakim_x1.5_sert,0.00666243570395458,0.006662435703954464,1.0000000000000175,optimal,False
SRU_2219,Mars_bakim_x1.5_sert,0.00666243570395458,0.006662435703954464,1.0000000000000175,optimal,False
SRU_2812,Mars_bakim_x1.5_sert,0.00666243570395458,0.006662435703954464,1.0000000000000175,optimal,False
SRU_0608,Mars_bakim_x1.5_sert,0.00666243570395458,0.006662435703954464,1.0000000000000175,optimal,False
SRU_1514,Mars_bakim_x1.5_sert,0.00666243570395458,0.006662435703954464,1.0000000000000175,optimal,False
SRU_1614,Mars_bakim_x1.5_sert,0.00666243570395458,0.006662435703954464,1.0000000000000175,optimal,False
SRU_2709,Mars_bakim_x1.5_sert,0.00666243570395458,0.006662435703954464,1.0000000000000175,optimal,False
SRU_1050,Mars_bakim_x1.5_sert,0.00666243570395458,0.006662435703954464,1.0000000000000175,optimal,False
SRU_1744,Mars_bakim_x1.5_sert,0.00666243570395458,0.006662435703954464,1.0000000000000175,optimal,False
SRU_0573,Mars_bakim_x1.5_sert,0.00666243570395458,0.006662435703954464,1.0000000000000175,optimal,False
SRU_2761,Mars_bakim_x1.5_sert,0.006662435703954481,0.006662435703954464,1.0000000000000027,optimal,False
SRU_0691,Mars_bakim_x1.5_sert,0.006662435703954481,0.006662435703954464,1.0000000000000027,optimal,False
SRU_0461,Mars_bakim_x1.5_sert,0.006662435703954481,0.006662435703954464,1.0000000000000027,optimal,False
SRU_2203,Mars_bakim_x1.5_sert,0.006662435703954481,0.006662435703954464,1.0000000000000027,optimal,False
SRU_1554,Mars_bakim_x1.5_sert,0.0,0.006662435703954464,0.0,optimal,True
SRU_1384,Mars_bakim_x1.5_sert,0.006662435703954575,0.006662435703954464,1.0000000000000167,optimal,False
SRU_1218,Mars_bakim_x1.5_sert,0.006662435703954278,0.006662435703954464,0.9999999999999721,optimal,False
SRU_1045,Mars_bakim_x1.5_sert,0.006662435703954332,0.006662435703954464,0.9999999999999802,optimal,False
SRU_2766,Mars_bakim_x1.5_sert,0.0,0.006662435703954464,0.0,optimal,True
SRU_0542,Mars_bakim_x1.5_sert,0.006662435703955881,0.006662435703954464,1.0000000000002127,optimal,False
SRU_2127,Mars_bakim_x1.5_sert,1.1084148472724771e-31,0.006662435703954464,1.6636781149191152e-29,optimal,True
SRU_2794,Mars_bakim_x1.5_sert,0.006662435703954182,0.006662435703954464,0.9999999999999577,optimal,False
SRU_2348,Mars_bakim_x1.5_sert,0.006662435703955273,0.006662435703954464,1.0000000000001215,optimal,False
SRU_0729,Mars_bakim_x1.5_sert,0.006662435703955273,0.006662435703954464,1.0000000000001215,optimal,False
SRU_2295,Mars_bakim_x1.5_sert,0.0065225039841411425,0.006662435703954464,0.9789969125360166,optimal,False
SRU_1123,Mars_bakim_x1.5_sert,0.006662435703954947,0.006662435703954464,1.0000000000000726,optimal,False
SRU_2293,Mars_bakim_x1.5_sert,0.006522503984140556,0.006662435703954464,0.9789969125359286,optimal,False
SRU_1735,Mars_bakim_x1.5_sert,-7.8372708196194345e-31,0.006662435703954464,-1.176337178753958e-28,optimal,True
SRU_1448,Mars_bakim_x1.5_sert,0.00666243570395444,0.006662435703954464,0.9999999999999964,optimal,False
SRU_0529,Mars_bakim_x1.5_sert,0.006662435703955154,0.006662435703954464,1.0000000000001037,optimal,False
SRU_0386,Mars_bakim_x1.5_sert,2.3575098992834047e-16,0.006662435703954464,3.5385105448509075e-14,optimal,True
SRU_1966,Mars_bakim_x1.5_sert,8.398821174223528e-18,0.006662435703954464,1.2606232236115148e-15,optimal,True
SRU_1484,Mars_bakim_x1.5_sert,0.006662435703954791,0.006662435703954464,1.000000000000049,optimal,False
SRU_0532,Mars_bakim_x1.5_sert,3.4148736619158507e-31,0.006662435703954464,5.125563403019357e-29,optimal,True
SRU_1862,Mars_bakim_x1.5_sert,4.456827097687278e-16,0.006662435703954464,6.689486091463434e-14,optimal,True
SRU_0728,Mars_bakim_x1.5_sert,-5.42628620638257e-18,0.006662435703954464,-8.144598233288492e-16,optimal,True
SRU_1342,Mars_bakim_x1.5_sert,0.006662435703956193,0.006662435703954464,1.0000000000002596,optimal,False
SRU_0959,Mars_bakim_x1.5_sert,0.0066624357039548185,0.006662435703954464,1.0000000000000533,optimal,False
SRU_1912,Mars_bakim_x1.5_sert,0.0,0.006662435703954464,0.0,optimal,True
SRU_2846,Mars_bakim_x1.5_sert,0.006662435703954865,0.006662435703954464,1.0000000000000602,optimal,False
SRU_1053,Mars_bakim_x1.5_sert,0.006662435703954565,0.006662435703954464,1.0000000000000153,optimal,False
SRU_2160,Mars_bakim_x1.5_sert,0.006662435703954565,0.006662435703954464,1.0000000000000153,optimal,False
SRU_1835,Mars_bakim_x1.5_sert,0.006662435703954565,0.006662435703954464,1.0000000000000153,optimal,False
SRU_2080,Mars_bakim_x1.5_sert,0.006662435703954565,0.006662435703954464,1.0000000000000153,optimal,False
SRU_1233,Mars_bakim_x1.5_sert,0.006662435703954565,0.006662435703954464,1.0000000000000153,optimal,False
SRU_1609,Mars_bakim_x1.5_sert,0.0,0.006662435703954464,0.0,optimal,True
SRU_0804,Mars_bakim_x1.5_sert,0.0,0.006662435703954464,0.0,optimal,True
SRU_1116,Mars_bakim_x1.5_sert,0.0,0.006662435703954464,0.0,optimal,True
SRU_2426,Mars_bakim_x1.5_sert,0.0,0.006662435703954464,0.0,optimal,True
SRU_2239,Mars_bakim_x1.5_sert,0.0,0.006662435703954464,0.0,optimal,True
SRU_0396,Mars_bakim_x1.5_sert,0.0066624357039547655,0.006662435703954464,1.0000000000000453,optimal,False
SRU_2430,Mars_bakim_x1.5_sert,0.006662435703954938,0.006662435703954464,1.0000000000000713,optimal,False
SRU_2743,Mars_bakim_x1.5_sert,0.006662435703954938,0.006662435703954464,1.0000000000000713,optimal,False
SRU_1130,Mars_bakim_x1.5_sert,0.006662435703954938,0.006662435703954464,1.0000000000000713,optimal,False
SRU_2787,Mars_bakim_x1.5_sert,0.0066624357039549355,0.006662435703954464,1.0000000000000708,optimal,False
SRU_2111,Mars_bakim_x1.5_sert,0.006662435703954598,0.006662435703954464,1.0000000000000202,optimal,False
SRU_1961,Mars_bakim_x1.5_sert,0.006662435703954672,0.006662435703954464,1.0000000000000313,optimal,False
SRU_0905,Mars_bakim_x1.5_sert,0.006662435703954672,0.006662435703954464,1.0000000000000313,optimal,False
SRU_1503,Mars_bakim_x1.5_sert,0.006662435703954672,0.006662435703954464,1.0000000000000313,optimal,False
SRU_2076,Mars_bakim_x1.5_sert,0.006662435703954672,0.006662435703954464,1.0000000000000313,optimal,False
SRU_1456,Mars_bakim_x1.5_sert,0.006662435703954672,0.006662435703954464,1.0000000000000313,optimal,False
SRU_0521,Mars_bakim_x1.5_sert,0.0,0.006662435703954464,0.0,optimal,True
SRU_1594,Mars_bakim_x1.5_sert,0.006662435703954539,0.006662435703954464,1.0000000000000113,optimal,False
SRU_1142,Mars_bakim_x1.5_sert,0.0066624357039547725,0.006662435703954464,1.0000000000000464,optimal,False
SRU_1014,Mars_bakim_x1.5_sert,0.0066624357039547725,0.006662435703954464,1.0000000000000464,optimal,False
SRU_0558,Mars_bakim_x1.5_sert,0.0,0.006662435703954464,0.0,optimal,True
SRU_2100,Mars_bakim_x1.5_sert,0.0066624357039545765,0.006662435703954464,1.0000000000000169,optimal,False
SRU_1303,Mars_bakim_x1.5_sert,0.006662435703954761,0.006662435703954464,1.0000000000000446,optimal,False
SRU_2784,Mars_bakim_x1.5_sert,0.006662435703954761,0.006662435703954464,1.0000000000000446,optimal,False
SRU_1791,Mars_bakim_x1.5_sert,0.006662435703954761,0.006662435703954464,1.0000000000000446,optimal,False
SRU_0824,Mars_bakim_x1.5_sert,-7.05259459851818e-31,0.006662435703954464,-1.058560999595409e-28,optimal,True
SRU_0855,Mars_bakim_x1.5_sert,0.00666243570395829,0.006662435703954464,1.0000000000005742,optimal,False
SRU_0674,Mars_bakim_x1.5_sert,0.0,0.006662435703954464,0.0,optimal,True
SRU_1970,Mars_bakim_x1.5_sert,0.006662435703954733,0.006662435703954464,1.0000000000000404,optimal,False
SRU_2199,Mars_bakim_x1.5_sert,0.006662435703954566,0.006662435703954464,1.0000000000000153,optimal,False
SRU_0600,Mars_bakim_x1.5_sert,0.006662435703954566,0.006662435703954464,1.0000000000000153,optimal,False
SRU_0505,Mars_bakim_x1.5_sert,0.006662435703954566,0.006662435703954464,1.0000000000000153,optimal,False
SRU_2184,Mars_bakim_x1.5_sert,0.0,0.006662435703954464,0.0,optimal,True
SRU_1366,Mars_bakim_x1.5_sert,0.006662435703954575,0.006662435703954464,1.0000000000000167,optimal,False
SRU_1670,Mars_bakim_x1.5_sert,0.0066624357039549624,0.006662435703954464,1.0000000000000748,optimal,False
SRU_1701,Mars_bakim_x1.5_sert,0.0066624357039549624,0.006662435703954464,1.0000000000000748,optimal,False
SRU_1042,Mars_bakim_x1.5_sert,0.0066624357039549624,0.006662435703954464,1.0000000000000748,optimal,False
SRU_1963,Mars_bakim_x1.5_sert,0.0066624357039549624,0.006662435703954464,1.0000000000000748,optimal,False
SRU_2202,Mars_bakim_x1.5_sert,0.0066624357039549624,0.006662435703954464,1.0000000000000748,optimal,False
SRU_0756,Mars_bakim_x1.5_sert,0.0066624357039549624,0.006662435703954464,1.0000000000000748,optimal,False
SRU_1705,Mars_bakim_x1.5_sert,0.0066624357039549624,0.006662435703954464,1.0000000000000748,optimal,False
SRU_1906,Mars_bakim_x1.5_sert,0.006662435703955792,0.006662435703954464,1.0000000000001994,optimal,False
SRU_2296,Mars_bakim_x1.5_sert,0.006522503984141126,0.006662435703954464,0.9789969125360142,optimal,False
SRU_2444,Mars_bakim_x1.5_sert,0.0066624357039547395,0.006662435703954464,1.0000000000000413,optimal,False
SRU_0383,Mars_bakim_x1.5_sert,0.006662435703954635,0.006662435703954464,1.0000000000000258,optimal,False
SRU_0414,Mars_bakim_x1.5_sert,0.006662435703955094,0.006662435703954464,1.0000000000000946,optimal,False
SRU_0022,Mars_bakim_x1.5_sert,0.006662435703955094,0.006662435703954464,1.0000000000000946,optimal,False
SRU_0670,Mars_bakim_x1.5_sert,0.006660789095031539,0.006662435703954464,0.9997528518103451,optimal,False
SRU_2253,Mars_bakim_x1.5_sert,9.006400274483594e-18,0.006662435703954464,1.3518179648830051e-15,optimal,True
SRU_1349,Mars_bakim_x1.5_sert,0.006662435703955043,0.006662435703954464,1.000000000000087,optimal,False
SRU_0689,Mars_bakim_x1.5_sert,9.451908154134483e-18,0.006662435703954464,1.418686584626151e-15,optimal,True
SRU_1198,Mars_bakim_x1.5_sert,0.006662435703955048,0.006662435703954464,1.0000000000000877,optimal,False
SRU_2701,Mars_bakim_x1.5_sert,3.3461105184632483e-31,0.006662435703954464,5.0223531860535284e-29,optimal,True
SRU_2695,Mars_bakim_x1.5_sert,0.006662435703954435,0.006662435703954464,0.9999999999999957,optimal,False
SRU_1669,Mars_bakim_x1.5_sert,0.006662435703955607,0.006662435703954464,1.0000000000001716,optimal,False
SRU_2042,Mars_bakim_x1.5_sert,0.006662435703955607,0.006662435703954464,1.0000000000001716,optimal,False
SRU_1355,Mars_bakim_x1.5_sert,-2.212168337052326e-30,0.006662435703954464,-3.3203597533246014e-28,optimal,True
SRU_1497,Mars_bakim_x1.5_sert,0.006662435703955318,0.006662435703954464,1.0000000000001283,optimal,False
SRU_0915,Mars_bakim_x1.5_sert,0.006662435703954718,0.006662435703954464,1.0000000000000382,optimal,False
SRU_1855,Mars_bakim_x1.5_sert,0.006662435703954718,0.006662435703954464,1.0000000000000382,optimal,False
SRU_1559,Mars_bakim_x1.5_sert,0.006662435703954718,0.006662435703954464,1.0000000000000382,optimal,False
SRU_1786,Mars_bakim_x1.5_sert,0.006662435703954745,0.006662435703954464,1.0000000000000422,optimal,False
SRU_0580,Mars_bakim_x1.5_sert,0.00666243570395489,0.006662435703954464,1.000000000000064,optimal,False
SRU_1477,Mars_bakim_x1.5_sert,0.00666243570395489,0.006662435703954464,1.000000000000064,optimal,False
SRU_1343,Mars_bakim_x1.5_sert,0.00666243570395489,0.006662435703954464,1.000000000000064,optimal,False
SRU_1367,Mars_bakim_x1.5_sert,0.00666243570395489,0.006662435703954464,1.000000000000064,optimal,False
SRU_0492,Mars_bakim_x1.5_sert,3.719268816978808e-17,0.006662435703954464,5.582446093657985e-15,optimal,True
SRU_0960,Mars_bakim_x1.5_sert,0.0066624357039537395,0.006662435703954464,0.9999999999998913,optimal,False
SRU_0791,Mars_bakim_x1.5_sert,0.006662435703954953,0.006662435703954464,1.0000000000000735,optimal,False
SRU_2303,Mars_bakim_x1.5_sert,0.006662435703954953,0.006662435703954464,1.0000000000000735,optimal,False
SRU_2793,Mars_bakim_x1.5_sert,0.006662435703954953,0.006662435703954464,1.0000000000000735,optimal,False
SRU_2530,Mars_bakim_x1.5_sert,0.006662435703954953,0.006662435703954464,1.0000000000000735,optimal,False
SRU_0313,Mars_bakim_x1.5_sert,0.006662435703954953,0.006662435703954464,1.0000000000000735,optimal,False
SRU_0332,Mars_bakim_x1.5_sert,0.006662435703954953,0.006662435703954464,1.0000000000000735,optimal,False
SRU_0864,Mars_bakim_x1.5_sert,0.006662435703954953,0.006662435703954464,1.0000000000000735,optimal,False
SRU_0042,Mars_bakim_x1.5_sert,2.251480011972314e-16,0.006662435703954464,3.3793647128721356e-14,optimal,True
SRU_1081,Mars_bakim_x1.5_sert,0.0,0.006662435703954464,0.0,optimal,True
SRU_1162,Mars_bakim_x1.5_sert,0.006662435703954789,0.006662435703954464,1.0000000000000488,optimal,False
SRU_2420,Mars_bakim_x1.5_sert,0.006662435703954957,0.006662435703954464,1.0000000000000742,optimal,False
SRU_1859,Mars_bakim_x1.5_sert,4.128551685339723e-17,0.006662435703954464,6.196760267253666e-15,optimal,True
SRU_1189,Mars_bakim_x1.5_sert,0.006662435703954531,0.006662435703954464,1.0000000000000102,optimal,False
SRU_2210,Mars_bakim_x1.5_sert,0.006662435703954688,0.006662435703954464,1.0000000000000338,optimal,False
SRU_0619,Mars_bakim_x1.5_sert,0.006662435703954688,0.006662435703954464,1.0000000000000338,optimal,False
SRU_0348,Mars_bakim_x1.5_sert,0.006662435703954688,0.006662435703954464,1.0000000000000338,optimal,False
SRU_0761,Mars_bakim_x1.5_sert,0.006662435703954688,0.006662435703954464,1.0000000000000338,optimal,False
SRU_0398,Mars_bakim_x1.5_sert,0.006662435703954688,0.006662435703954464,1.0000000000000338,optimal,False
SRU_0815,Mars_bakim_x1.5_sert,0.006662435703954688,0.006662435703954464,1.0000000000000338,optimal,False
SRU_1138,Mars_bakim_x1.5_sert,0.006662435703954688,0.006662435703954464,1.0000000000000338,optimal,False
SRU_0275,Mars_bakim_x1.5_sert,0.006662435703953597,0.006662435703954464,0.99999999999987,optimal,False
SRU_0736,Mars_bakim_x1.5_sert,1.2741821006723812e-16,0.006662435703954464,1.9124869001228713e-14,optimal,True
SRU_1620,Mars_bakim_x1.5_sert,-4.77662107726166e-15,0.006662435703954464,-7.169481687345237e-13,optimal,True
SRU_0936,Mars_bakim_x1.5_sert,0.0066624357039546615,0.006662435703954464,1.0000000000000298,optimal,False
SRU_1724,Mars_bakim_x1.5_sert,0.006662435703954761,0.006662435703954464,1.0000000000000446,optimal,False
SRU_1842,Mars_bakim_x1.5_sert,0.006662435703954761,0.006662435703954464,1.0000000000000446,optimal,False
SRU_2277,Mars_bakim_x1.5_sert,0.0,0.006662435703954464,0.0,optimal,True
SRU_2075,Mars_bakim_x1.5_sert,0.006662435703954127,0.006662435703954464,0.9999999999999495,optimal,False
SRU_1854,Mars_bakim_x1.5_sert,0.006662435703954532,0.006662435703954464,1.0000000000000102,optimal,False
SRU_1286,Mars_bakim_x1.5_sert,0.006662435703954532,0.006662435703954464,1.0000000000000102,optimal,False
SRU_0080,Mars_bakim_x1.5_sert,4.784367021695639e-17,0.006662435703954464,7.181107982559436e-15,optimal,True
SRU_2405,Mars_bakim_x1.5_sert,0.006662435703954802,0.006662435703954464,1.0000000000000508,optimal,False
SRU_2367,Mars_bakim_x1.5_sert,0.006662435703954376,0.006662435703954464,0.9999999999999869,optimal,False
SRU_0692,Mars_bakim_x1.5_sert,0.006662435703954376,0.006662435703954464,0.9999999999999869,optimal,False
SRU_2197,Mars_bakim_x1.5_sert,2.5382176813988812e-17,0.006662435703954464,3.809744355044705e-15,optimal,True
SRU_0576,Mars_bakim_x1.5_sert,0.0,0.006662435703954464,0.0,optimal,True
SRU_1971,Mars_bakim_x1.5_sert,0.00666243570395465,0.006662435703954464,1.000000000000028,optimal,False
SRU_2317,Mars_bakim_x1.5_sert,5.141001224312384e-34,0.006662435703954464,7.716399005938567e-32,optimal,True
SRU_1296,Mars_bakim_x1.5_sert,0.006662435703953309,0.006662435703954464,0.9999999999998267,optimal,False
SRU_1665,Mars_bakim_x1.5_sert,0.0,0.006662435703954464,0.0,optimal,True
SRU_1473,Mars_bakim_x1.5_sert,0.0066624357039546216,0.006662435703954464,1.0000000000000238,optimal,False
SRU_0933,Mars_bakim_x1.5_sert,0.0066624357039547985,0.006662435703954464,1.0000000000000502,optimal,False
SRU_1035,Mars_bakim_x1.5_sert,0.0066624357039547985,0.006662435703954464,1.0000000000000502,optimal,False
SRU_0132,Mars_bakim_x1.5_sert,0.0066624357039547985,0.006662435703954464,1.0000000000000502,optimal,False
SRU_0177,Mars_bakim_x1.5_sert,0.0066624357039547985,0.006662435703954464,1.0000000000000502,optimal,False
SRU_1055,Mars_bakim_x1.5_sert,0.0066624357039547985,0.006662435703954464,1.0000000000000502,optimal,False
SRU_1013,Mars_bakim_x1.5_sert,2.085311698143106e-17,0.006662435703954464,3.1299539549858277e-15,optimal,True
SRU_0686,Mars_bakim_x1.5_sert,0.006662435703954567,0.006662435703954464,1.0000000000000155,optimal,False
SRU_1430,Mars_bakim_x1.5_sert,-1.3314774401743019e-17,0.006662435703954464,-1.998484487263432e-15,optimal,True
SRU_0660,Mars_bakim_x1.5_sert,0.006662435703954811,0.006662435703954464,1.0000000000000522,optimal,False
SRU_1170,Mars_bakim_x1.5_sert,0.00666243570395768,0.006662435703954464,1.0000000000004827,optimal,False
SRU_1832,Mars_bakim_x1.5_sert,0.006662435703954956,0.006662435703954464,1.000000000000074,optimal,False
SRU_2216,Mars_bakim_x1.5_sert,0.006662435703954956,0.006662435703954464,1.000000000000074,optimal,False
SRU_1708,Mars_bakim_x1.5_sert,0.006662435703954956,0.006662435703954464,1.000000000000074,optimal,False
SRU_1668,Mars_bakim_x1.5_sert,1.7165193534144457e-16,0.006662435703954464,2.5764141369433585e-14,optimal,True
SRU_1740,Mars_bakim_x1.5_sert,0.006662435703954559,0.006662435703954464,1.0000000000000142,optimal,False
SRU_2039,Mars_bakim_x1.5_sert,0.006662435703954786,0.006662435703954464,1.0000000000000484,optimal,False
SRU_2044,Mars_bakim_x1.5_sert,0.006662435703954437,0.006662435703954464,0.999999999999996,optimal,False
SRU_0653,Mars_bakim_x1.5_sert,0.006662435703954437,0.006662435703954464,0.999999999999996,optimal,False
SRU_1460,Mars_bakim_x1.5_sert,0.006662435703954437,0.006662435703954464,0.999999999999996,optimal,False
SRU_1058,Mars_bakim_x1.5_sert,0.006662435703954437,0.006662435703954464,0.999999999999996,optimal,False
SRU_0043,Mars_bakim_x1.5_sert,0.0,0.006662435703954464,0.0,optimal,True
SRU_1552,Mars_bakim_x2.0_orta,0.02796082454069259,0.02796082454069246,1.0000000000000047,optimal,False
SRU_0970,Mars_bakim_x2.0_orta,0.02796082454069259,0.02796082454069246,1.0000000000000047,optimal,False
SRU_0078,Mars_bakim_x2.0_orta,0.02796082454069261,0.02796082454069246,1.0000000000000053,optimal,False
SRU_2218,Mars_bakim_x2.0_orta,0.02796082454069255,0.02796082454069246,1.000000000000003,optimal,False
SRU_0846,Mars_bakim_x2.0_orta,0.02796082454069255,0.02796082454069246,1.000000000000003,optimal,False
SRU_2369,Mars_bakim_x2.0_orta,0.02796082454069255,0.02796082454069246,1.000000000000003,optimal,False
SRU_1457,Mars_bakim_x2.0_orta,0.02796082454069255,0.02796082454069246,1.000000000000003,optimal,False
SRU_1269,Mars_bakim_x2.0_orta,0.02796082454069255,0.02796082454069246,1.000000000000003,optimal,False
SRU_1553,Mars_bakim_x2.0_orta,0.0,0.02796082454069246,0.0,optimal,True
SRU_2450,Mars_bakim_x2.0_orta,0.027960824540692802,0.02796082454069246,1.0000000000000122,optimal,False
SRU_2098,Mars_bakim_x2.0_orta,0.027960824540692618,0.02796082454069246,1.0000000000000056,optimal,False
SRU_2320,Mars_bakim_x2.0_orta,0.027960824540692618,0.02796082454069246,1.0000000000000056,optimal,False
SRU_1481,Mars_bakim_x2.0_orta,0.02796082454069262,0.02796082454069246,1.0000000000000058,optimal,False
SRU_1442,Mars_bakim_x2.0_orta,0.027960824540692684,0.02796082454069246,1.000000000000008,optimal,False
SRU_0034,Mars_bakim_x2.0_orta,0.027960824540692684,0.02796082454069246,1.000000000000008,optimal,False
SRU_1335,Mars_bakim_x2.0_orta,0.027960824540692684,0.02796082454069246,1.000000000000008,optimal,False
SRU_2739,Mars_bakim_x2.0_orta,-4.902722136679141e-31,0.02796082454069246,-1.7534254505063044e-29,optimal,True
SRU_1060,Mars_bakim_x2.0_orta,0.02796082454068691,0.02796082454069246,0.9999999999998015,optimal,False
SRU_1301,Mars_bakim_x2.0_orta,0.0,0.02796082454069246,0.0,optimal,True
SRU_2805,Mars_bakim_x2.0_orta,0.027960824540693065,0.02796082454069246,1.0000000000000215,optimal,False
SRU_1702,Mars_bakim_x2.0_orta,1.7372211565126323e-16,0.02796082454069246,6.213054103552589e-15,optimal,True
SRU_1662,Mars_bakim_x2.0_orta,0.0,0.02796082454069246,0.0,optimal,True
SRU_1677,Mars_bakim_x2.0_orta,0.0279608245406914,0.02796082454069246,0.999999999999962,optimal,False
SRU_2373,Mars_bakim_x2.0_orta,0.027960824540693062,0.02796082454069246,1.0000000000000215,optimal,False
SRU_0394,Mars_bakim_x2.0_orta,0.027960824540693062,0.02796082454069246,1.0000000000000215,optimal,False
SRU_1036,Mars_bakim_x2.0_orta,0.027960824540693062,0.02796082454069246,1.0000000000000215,optimal,False
SRU_1019,Mars_bakim_x2.0_orta,1.7049681940343108e-16,0.02796082454069246,6.097703562185747e-15,optimal,True
SRU_0325,Mars_bakim_x2.0_orta,0.027960824540690703,0.02796082454069246,0.999999999999937,optimal,False
SRU_1639,Mars_bakim_x2.0_orta,1.412335171161069e-16,0.02796082454069246,5.051121325501841e-15,optimal,True
SRU_1626,Mars_bakim_x2.0_orta,0.027960824540692663,0.02796082454069246,1.000000000000007,optimal,False
SRU_0785,Mars_bakim_x2.0_orta,0.02533634183198377,0.02796082454069246,0.9061371489639305,optimal,False
SRU_1839,Mars_bakim_x2.0_orta,-2.0104774293798547e-15,0.02796082454069246,-7.190336702889179e-14,optimal,True
SRU_2386,Mars_bakim_x2.0_orta,0.005194870616237641,0.02796082454069246,0.18579103805316421,optimal,False
SRU_0427,Mars_bakim_x2.0_orta,0.027960824540693,0.02796082454069246,1.0000000000000193,optimal,False
SRU_0079,Mars_bakim_x2.0_orta,0.027960824540692732,0.02796082454069246,1.0000000000000098,optimal,False
SRU_0666,Mars_bakim_x2.0_orta,0.027960824540693024,0.02796082454069246,1.0000000000000202,optimal,False
SRU_1471,Mars_bakim_x2.0_orta,0.027960824540693024,0.02796082454069246,1.0000000000000202,optimal,False
SRU_0571,Mars_bakim_x2.0_orta,0.027960824540692902,0.02796082454069246,1.0000000000000158,optimal,False
SRU_0038,Mars_bakim_x2.0_orta,0.027960824540692902,0.02796082454069246,1.0000000000000158,optimal,False
SRU_0431,Mars_bakim_x2.0_orta,0.027960824540692902,0.02796082454069246,1.0000000000000158,optimal,False
SRU_2804,Mars_bakim_x2.0_orta,0.027960824540692902,0.02796082454069246,1.0000000000000158,optimal,False
SRU_1526,Mars_bakim_x2.0_orta,-4.1602353700213625e-32,0.02796082454069246,-1.4878800744830727e-30,optimal,True
SRU_2302,Mars_bakim_x2.0_orta,0.027960824540693607,0.02796082454069246,1.0000000000000409,optimal,False
SRU_1560,Mars_bakim_x2.0_orta,6.560101895981315e-16,0.02796082454069246,2.3461761245395847e-14,optimal,True
SRU_1603,Mars_bakim_x2.0_orta,0.027960824540691542,0.02796082454069246,0.9999999999999671,optimal,False
SRU_0902,Mars_bakim_x2.0_orta,0.027960824540692753,0.02796082454069246,1.0000000000000104,optimal,False
SRU_1770,Mars_bakim_x2.0_orta,0.027960824540692927,0.02796082454069246,1.0000000000000167,optimal,False
SRU_1760,Mars_bakim_x2.0_orta,0.027960824540692927,0.02796082454069246,1.0000000000000167,optimal,False
SRU_1657,Mars_bakim_x2.0_orta,0.0274412920428186,0.02796082454069246,0.9814192711978945,optimal,False
SRU_1474,Mars_bakim_x2.0_orta,0.0279608245406924,0.02796082454069246,0.9999999999999978,optimal,False
SRU_1059,Mars_bakim_x2.0_orta,0.02796082454069263,0.02796082454069246,1.000000000000006,optimal,False
SRU_0030,Mars_bakim_x2.0_orta,-2.587459602243992e-17,0.02796082454069246,-9.253874464532913e-16,optimal,True
SRU_0760,Mars_bakim_x2.0_orta,0.02796082454069337,0.02796082454069246,1.0000000000000324,optimal,False
SRU_2802,Mars_bakim_x2.0_orta,0.027960824540693048,0.02796082454069246,1.0000000000000209,optimal,False
SRU_1034,Mars_bakim_x2.0_orta,0.027960824540693048,0.02796082454069246,1.0000000000000209,optimal,False
SRU_1629,Mars_bakim_x2.0_orta,0.027960824540693048,0.02796082454069246,1.0000000000000209,optimal,False
SRU_0681,Mars_bakim_x2.0_orta,0.027960824540693048,0.02796082454069246,1.0000000000000209,optimal,False
SRU_0424,Mars_bakim_x2.0_orta,0.027960824540693048,0.02796082454069246,1.0000000000000209,optimal,False
SRU_0596,Mars_bakim_x2.0_orta,0.02796082454069246,0.02796082454069246,1.0,optimal,False
SRU_1270,Mars_bakim_x2.0_orta,0.027960824540692472,0.02796082454069246,1.0000000000000004,optimal,False
SRU_0511,Mars_bakim_x2.0_orta,-2.2516247800378198e-17,0.02796082454069246,-8.052783911150201e-16,optimal,True
SRU_2198,Mars_bakim_x2.0_orta,-3.0813344302523943e-32,0.02796082454069246,-1.1020184421843533e-30,optimal,True
SRU_2255,Mars_bakim_x2.0_orta,0.027960824540692868,0.02796082454069246,1.0000000000000144,optimal,False
SRU_1061,Mars_bakim_x2.0_orta,0.027960824540692757,0.02796082454069246,1.0000000000000104,optimal,False
SRU_1253,Mars_bakim_x2.0_orta,0.027960824540692757,0.02796082454069246,1.0000000000000104,optimal,False
SRU_1246,Mars_bakim_x2.0_orta,0.027960824540692757,0.02796082454069246,1.0000000000000104,optimal,False
SRU_0074,Mars_bakim_x2.0_orta,0.027960824540692757,0.02796082454069246,1.0000000000000104,optimal,False
SRU_0276,Mars_bakim_x2.0_orta,0.027960824540692757,0.02796082454069246,1.0000000000000104,optimal,False
SRU_0647,Mars_bakim_x2.0_orta,0.027960824540692382,0.02796082454069246,0.9999999999999971,optimal,False
SRU_1875,Mars_bakim_x2.0_orta,0.027960824540692417,0.02796082454069246,0.9999999999999983,optimal,False
SRU_1781,Mars_bakim_x2.0_orta,0.02796082454069298,0.02796082454069246,1.0000000000000184,optimal,False
SRU_0962,Mars_bakim_x2.0_orta,0.0,0.02796082454069246,0.0,optimal,True
SRU_1831,Mars_bakim_x2.0_orta,0.027960824540692673,0.02796082454069246,1.0000000000000075,optimal,False
SRU_0362,Mars_bakim_x2.0_orta,0.027960824540693072,0.02796082454069246,1.0000000000000218,optimal,False
SRU_1459,Mars_bakim_x2.0_orta,0.027960824540693072,0.02796082454069246,1.0000000000000218,optimal,False
SRU_0531,Mars_bakim_x2.0_orta,0.027960824540693072,0.02796082454069246,1.0000000000000218,optimal,False
SRU_1351,Mars_bakim_x2.0_orta,-1.6682262714251525e-17,0.02796082454069246,-5.966298558174916e-16,optimal,True
SRU_0916,Mars_bakim_x2.0_orta,0.02796082454069279,0.02796082454069246,1.0000000000000118,optimal,False
SRU_1502,Mars_bakim_x2.0_orta,5.285637854089093e-19,0.02796082454069246,1.8903726699463747e-17,optimal,True
SRU_0498,Mars_bakim_x2.0_orta,0.027960824540692663,0.02796082454069246,1.000000000000007,optimal,False
SRU_0093,Mars_bakim_x2.0_orta,0.027960824540692878,0.02796082454069246,1.0000000000000149,optimal,False
SRU_0669,Mars_bakim_x2.0_orta,0.027960824540692878,0.02796082454069246,1.0000000000000149,optimal,False
SRU_0488,Mars_bakim_x2.0_orta,0.027960824540692878,0.02796082454069246,1.0000000000000149,optimal,False
SRU_1172,Mars_bakim_x2.0_orta,0.027960824540692878,0.02796082454069246,1.0000000000000149,optimal,False
SRU_1849,Mars_bakim_x2.0_orta,0.0,0.02796082454069246,0.0,optimal,True
SRU_0673,Mars_bakim_x2.0_orta,0.02796082454069383,0.02796082454069246,1.0000000000000488,optimal,False
SRU_2206,Mars_bakim_x2.0_orta,0.02796082454069336,0.02796082454069246,1.0000000000000322,optimal,False
SRU_1667,Mars_bakim_x2.0_orta,2.0056274897966815e-16,0.02796082454069246,7.17299122162086e-15,optimal,True
SRU_1291,Mars_bakim_x2.0_orta,0.027960824540692722,0.02796082454069246,1.0000000000000093,optimal,False
SRU_0588,Mars_bakim_x2.0_orta,0.027960824540692434,0.02796082454069246,0.999999999999999,optimal,False
SRU_2658,Mars_bakim_x2.0_orta,0.027960824540692434,0.02796082454069246,0.999999999999999,optimal,False
SRU_2145,Mars_bakim_x2.0_orta,-9.00157360022423e-19,0.02796082454069246,-3.219351985533865e-17,optimal,True
SRU_0480,Mars_bakim_x2.0_orta,0.0,0.02796082454069246,0.0,optimal,True
SRU_2656,Mars_bakim_x2.0_orta,-1.0016207078120122e-15,0.02796082454069246,-3.582228794270051e-14,optimal,True
SRU_1447,Mars_bakim_x2.0_orta,0.027960824540692767,0.02796082454069246,1.0000000000000109,optimal,False
SRU_1119,Mars_bakim_x2.0_orta,0.02796082454069357,0.02796082454069246,1.0000000000000395,optimal,False
SRU_1778,Mars_bakim_x2.0_orta,0.02796082454069357,0.02796082454069246,1.0000000000000395,optimal,False
SRU_2740,Mars_bakim_x2.0_orta,0.02796082454069357,0.02796082454069246,1.0000000000000395,optimal,False
SRU_1874,Mars_bakim_x2.0_orta,-5.417868253257642e-32,0.02796082454069246,-1.937663978890469e-30,optimal,True
SRU_2019,Mars_bakim_x2.0_orta,0.027960824540693062,0.02796082454069246,1.0000000000000215,optimal,False
SRU_1483,Mars_bakim_x2.0_orta,0.02796082454069334,0.02796082454069246,1.0000000000000313,optimal,False
SRU_1075,Mars_bakim_x2.0_orta,0.027960824540693267,0.02796082454069246,1.0000000000000289,optimal,False
SRU_2287,Mars_bakim_x2.0_orta,0.027960824540692458,0.02796082454069246,0.9999999999999999,optimal,False
SRU_1611,Mars_bakim_x2.0_orta,0.026478049640056272,0.02796082454069246,0.9469695574077849,optimal,False
SRU_0727,Mars_bakim_x2.0_orta,-5.930383816315896e-18,0.02796082454069246,-2.1209617075795389e-16,optimal,True
SRU_1369,Mars_bakim_x2.0_orta,0.02796082454069307,0.02796082454069246,1.0000000000000218,optimal,False
SRU_0482,Mars_bakim_x2.0_orta,0.027960824540692406,0.02796082454069246,0.999999999999998,optimal,False
SRU_0581,Mars_bakim_x2.0_orta,0.027960824540692406,0.02796082454069246,0.999999999999998,optimal,False
SRU_0618,Mars_bakim_x2.0_orta,0.027960824540692406,0.02796082454069246,0.999999999999998,optimal,False
SRU_2437,Mars_bakim_x2.0_orta,0.027960824540692406,0.02796082454069246,0.999999999999998,optimal,False
SRU_0937,Mars_bakim_x2.0_orta,0.027960824540692406,0.02796082454069246,0.999999999999998,optimal,False
SRU_1550,Mars_bakim_x2.0_orta,0.027960824540692406,0.02796082454069246,0.999999999999998,optimal,False
SRU_1969,Mars_bakim_x2.0_orta,0.027960824540692406,0.02796082454069246,0.999999999999998,optimal,False
SRU_0432,Mars_bakim_x2.0_orta,0.027960824540692406,0.02796082454069246,0.999999999999998,optimal,False
SRU_1005,Mars_bakim_x2.0_orta,0.027960824540692406,0.02796082454069246,0.999999999999998,optimal,False
SRU_1446,Mars_bakim_x2.0_orta,0.027960824540692406,0.02796082454069246,0.999999999999998,optimal,False
SRU_0397,Mars_bakim_x2.0_orta,0.027960824540692406,0.02796082454069246,0.999999999999998,optimal,False
SRU_1047,Mars_bakim_x2.0_orta,0.027960824540692406,0.02796082454069246,0.999999999999998,optimal,False
SRU_1419,Mars_bakim_x2.0_orta,0.027960824540692406,0.02796082454069246,0.999999999999998,optimal,False
SRU_1495,Mars_bakim_x2.0_orta,0.027960824540692406,0.02796082454069246,0.999999999999998,optimal,False
SRU_0528,Mars_bakim_x2.0_orta,0.027960824540692406,0.02796082454069246,0.999999999999998,optimal,False
SRU_0382,Mars_bakim_x2.0_orta,0.027960824540692406,0.02796082454069246,0.999999999999998,optimal,False
SRU_2173,Mars_bakim_x2.0_orta,0.0,0.02796082454069246,0.0,optimal,True
SRU_1480,Mars_bakim_x2.0_orta,0.0,0.02796082454069246,0.0,optimal,True
SRU_1900,Mars_bakim_x2.0_orta,0.02796082454069338,0.02796082454069246,1.0000000000000329,optimal,False
SRU_1651,Mars_bakim_x2.0_orta,7.603626578708277e-17,0.02796082454069246,2.7193856775011862e-15,optimal,True
SRU_0456,Mars_bakim_x2.0_orta,0.027960824540692816,0.02796082454069246,1.0000000000000127,optimal,False
SRU_1354,Mars_bakim_x2.0_orta,3.9097196802363995e-17,0.02796082454069246,1.3982848304585704e-15,optimal,True
SRU_2753,Mars_bakim_x2.0_orta,0.0,0.02796082454069246,0.0,optimal,True
SRU_0395,Mars_bakim_x2.0_orta,0.027960824540693215,0.02796082454069246,1.0000000000000269,optimal,False
SRU_1623,Mars_bakim_x2.0_orta,0.027960824540692767,0.02796082454069246,1.0000000000000109,optimal,False
SRU_1949,Mars_bakim_x2.0_orta,0.027960824540692767,0.02796082454069246,1.0000000000000109,optimal,False
SRU_2063,Mars_bakim_x2.0_orta,9.097635947368184e-18,0.02796082454069246,3.253708035014506e-16,optimal,True
SRU_1772,Mars_bakim_x2.0_orta,0.027960824540692826,0.02796082454069246,1.000000000000013,optimal,False
SRU_2204,Mars_bakim_x2.0_orta,0.027960824540693124,0.02796082454069246,1.0000000000000238,optimal,False
SRU_0601,Mars_bakim_x2.0_orta,0.027960824540693124,0.02796082454069246,1.0000000000000238,optimal,False
SRU_1031,Mars_bakim_x2.0_orta,0.027960824540693124,0.02796082454069246,1.0000000000000238,optimal,False
SRU_0115,Mars_bakim_x2.0_orta,1.4835290392531206e-16,0.02796082454069246,5.3057413850370684e-15,optimal,True
SRU_0716,Mars_bakim_x2.0_orta,0.02796082454069235,0.02796082454069246,0.999999999999996,optimal,False
SRU_1914,Mars_bakim_x2.0_orta,1.8394374354654312e-17,0.02796082454069246,6.578623719727675e-16,optimal,True
SRU_0523,Mars_bakim_x2.0_orta,0.02796082454069271,0.02796082454069246,1.0000000000000089,optimal,False
SRU_1929,Mars_bakim_x2.0_orta,1.492745367161653e-17,0.02796082454069246,5.338702959167758e-16,optimal,True
SRU_1041,Mars_bakim_x2.0_orta,0.027960824540692847,0.02796082454069246,1.0000000000000138,optimal,False
SRU_1235,Mars_bakim_x2.0_orta,0.027960824540692795,0.02796082454069246,1.000000000000012,optimal,False
SRU_2334,Mars_bakim_x2.0_orta,0.027960824540692795,0.02796082454069246,1.000000000000012,optimal,False
SRU_2072,Mars_bakim_x2.0_orta,0.027960824540692795,0.02796082454069246,1.000000000000012,optimal,False
SRU_0981,Mars_bakim_x2.0_orta,0.027960824540692795,0.02796082454069246,1.000000000000012,optimal,False
SRU_1774,Mars_bakim_x2.0_orta,0.027960824540692795,0.02796082454069246,1.000000000000012,optimal,False
SRU_1955,Mars_bakim_x2.0_orta,0.027960824540692795,0.02796082454069246,1.000000000000012,optimal,False
SRU_0314,Mars_bakim_x2.0_orta,0.027960824540692795,0.02796082454069246,1.000000000000012,optimal,False
SRU_1139,Mars_bakim_x2.0_orta,-8.638543183981191e-32,0.02796082454069246,-3.0895166097155638e-30,optimal,True
SRU_2375,Mars_bakim_x2.0_orta,0.027960824540692895,0.02796082454069246,1.0000000000000155,optimal,False
SRU_2489,Mars_bakim_x2.0_orta,-8.92285339242199e-18,0.02796082454069246,-3.1911982350292347e-16,optimal,True
SRU_2557,Mars_bakim_x2.0_orta,0.027960824540692628,0.02796082454069246,1.000000000000006,optimal,False
SRU_1214,Mars_bakim_x2.0_orta,0.02796082454069237,0.02796082454069246,0.9999999999999968,optimal,False
SRU_1782,Mars_bakim_x2.0_orta,0.02796082454069237,0.02796082454069246,0.9999999999999968,optimal,False
SRU_0007,Mars_bakim_x2.0_orta,0.02796082454069237,0.02796082454069246,0.9999999999999968,optimal,False
SRU_0591,Mars_bakim_x2.0_orta,0.02796082454069237,0.02796082454069246,0.9999999999999968,optimal,False
SRU_1039,Mars_bakim_x2.0_orta,0.02796082454069259,0.02796082454069246,1.0000000000000047,optimal,False
SRU_1741,Mars_bakim_x2.0_orta,0.02796082454069259,0.02796082454069246,1.0000000000000047,optimal,False
SRU_1344,Mars_bakim_x2.0_orta,0.02796082454069259,0.02796082454069246,1.0000000000000047,optimal,False
SRU_0961,Mars_bakim_x2.0_orta,0.0,0.02796082454069246,0.0,optimal,True
SRU_2082,Mars_bakim_x2.0_orta,0.027960824540693114,0.02796082454069246,1.0000000000000233,optimal,False
SRU_1866,Mars_bakim_x2.0_orta,0.027960824540692878,0.02796082454069246,1.0000000000000149,optimal,False
SRU_1758,Mars_bakim_x2.0_orta,0.027960824540692878,0.02796082454069246,1.0000000000000149,optimal,False
SRU_1062,Mars_bakim_x2.0_orta,0.027960824540692878,0.02796082454069246,1.0000000000000149,optimal,False
SRU_1125,Mars_bakim_x2.0_orta,0.02795391407352375,0.02796082454069246,0.9997528518102656,optimal,False
SRU_0412,Mars_bakim_x2.0_orta,0.0,0.02796082454069246,0.0,optimal,True
SRU_1757,Mars_bakim_x2.0_orta,0.0279608245406929,0.02796082454069246,1.0000000000000155,optimal,False
SRU_1838,Mars_bakim_x2.0_orta,0.0,0.02796082454069246,0.0,optimal,True
SRU_1479,Mars_bakim_x2.0_orta,-4.163512424526044e-15,0.02796082454069246,-1.489052090887636e-13,optimal,True
SRU_2246,Mars_bakim_x2.0_orta,0.027960824540693093,0.02796082454069246,1.0000000000000226,optimal,False
SRU_1538,Mars_bakim_x2.0_orta,0.02796082454069294,0.02796082454069246,1.000000000000017,optimal,False
SRU_1287,Mars_bakim_x2.0_orta,0.02796082454069294,0.02796082454069246,1.000000000000017,optimal,False
SRU_0850,Mars_bakim_x2.0_orta,0.02796082454069294,0.02796082454069246,1.000000000000017,optimal,False
SRU_2708,Mars_bakim_x2.0_orta,0.02796082454069294,0.02796082454069246,1.000000000000017,optimal,False
SRU_1334,Mars_bakim_x2.0_orta,-1.7585158746137185e-17,0.02796082454069246,-6.289213224218345e-16,optimal,True
SRU_2171,Mars_bakim_x2.0_orta,0.02796082454069285,0.02796082454069246,1.000000000000014,optimal,False
SRU_0036,Mars_bakim_x2.0_orta,0.027960824540692653,0.02796082454069246,1.0000000000000069,optimal,False
SRU_1443,Mars_bakim_x2.0_orta,0.027960824540692653,0.02796082454069246,1.0000000000000069,optimal,False
SRU_1858,Mars_bakim_x2.0_orta,0.027960824540692653,0.02796082454069246,1.0000000000000069,optimal,False
SRU_1513,Mars_bakim_x2.0_orta,0.027960824540692653,0.02796082454069246,1.0000000000000069,optimal,False
SRU_2380,Mars_bakim_x2.0_orta,0.027960824540692653,0.02796082454069246,1.0000000000000069,optimal,False
SRU_1827,Mars_bakim_x2.0_orta,1.6938254894574668e-15,0.02796082454069246,6.057852432042473e-14,optimal,True
SRU_0459,Mars_bakim_x2.0_orta,0.027960824540692333,0.02796082454069246,0.9999999999999954,optimal,False
SRU_0975,Mars_bakim_x2.0_orta,0.02796082454069288,0.02796082454069246,1.000000000000015,optimal,False
SRU_1153,Mars_bakim_x2.0_orta,0.0,0.02796082454069246,0.0,optimal,True
SRU_1163,Mars_bakim_x2.0_orta,0.027960824540692517,0.02796082454069246,1.000000000000002,optimal,False
SRU_0113,Mars_bakim_x2.0_orta,0.027960824540692774,0.02796082454069246,1.000000000000011,optimal,False
SRU_2131,Mars_bakim_x2.0_orta,0.027960824540692774,0.02796082454069246,1.000000000000011,optimal,False
SRU_0857,Mars_bakim_x2.0_orta,0.027960824540692774,0.02796082454069246,1.000000000000011,optimal,False
SRU_1689,Mars_bakim_x2.0_orta,0.027960824540692774,0.02796082454069246,1.000000000000011,optimal,False
SRU_0690,Mars_bakim_x2.0_orta,5.111075581847994e-15,0.02796082454069246,1.8279416525824012e-13,optimal,True
SRU_2559,Mars_bakim_x2.0_orta,0.02796082454069438,0.02796082454069246,1.0000000000000686,optimal,False
SRU_0956,Mars_bakim_x2.0_orta,0.02796082454069259,0.02796082454069246,1.0000000000000047,optimal,False
SRU_1350,Mars_bakim_x2.0_orta,-2.0571088319390726e-30,0.02796082454069246,-7.357110763830598e-29,optimal,True
SRU_1638,Mars_bakim_x2.0_orta,0.0,0.02796082454069246,0.0,optimal,True
SRU_2214,Mars_bakim_x2.0_orta,0.02796082454069371,0.02796082454069246,1.0000000000000446,optimal,False
SRU_1742,Mars_bakim_x2.0_orta,-3.011426270637693e-17,0.02796082454069246,-1.0770162611818004e-15,optimal,True
SRU_2069,Mars_bakim_x2.0_orta,0.026616926600344915,0.02796082454069246,0.9519363980703888,optimal,False
SRU_0065,Mars_bakim_x2.0_orta,0.02796082454069237,0.02796082454069246,0.9999999999999968,optimal,False
SRU_0667,Mars_bakim_x2.0_orta,0.027960824540692566,0.02796082454069246,1.0000000000000038,optimal,False
SRU_0590,Mars_bakim_x2.0_orta,5.274527117476708e-18,0.02796082454069246,1.886398990058568e-16,optimal,True
SRU_1820,Mars_bakim_x2.0_orta,1.5394603082045682e-16,0.02796082454069246,5.505775789852451e-15,optimal,True
SRU_1973,Mars_bakim_x2.0_orta,0.02796082454069261,0.02796082454069246,1.0000000000000053,optimal,False
SRU_2094,Mars_bakim_x2.0_orta,0.0,0.02796082454069246,0.0,optimal,True
SRU_0308,Mars_bakim_x2.0_orta,0.02796082454069334,0.02796082454069246,1.0000000000000313,optimal,False
SRU_2306,Mars_bakim_x2.0_orta,0.02796082454069268,0.02796082454069246,1.0000000000000078,optimal,False
SRU_0368,Mars_bakim_x2.0_orta,0.02796082454069268,0.02796082454069246,1.0000000000000078,optimal,False
SRU_2422,Mars_bakim_x2.0_orta,0.02796082454069268,0.02796082454069246,1.0000000000000078,optimal,False
SRU_1433,Mars_bakim_x2.0_orta,0.02796082454069268,0.02796082454069246,1.0000000000000078,optimal,False
SRU_0487,Mars_bakim_x2.0_orta,0.0279595641419781,0.02796082454069246,0.9999549226914776,optimal,False
SRU_1571,Mars_bakim_x2.0_orta,0.02796082454069226,0.02796082454069246,0.9999999999999928,optimal,False
SRU_1544,Mars_bakim_x2.0_orta,0.027960824540692448,0.02796082454069246,0.9999999999999996,optimal,False
SRU_1494,Mars_bakim_x2.0_orta,0.027960824540692448,0.02796082454069246,0.9999999999999996,optimal,False
SRU_1209,Mars_bakim_x2.0_orta,0.027960824540692448,0.02796082454069246,0.9999999999999996,optimal,False
SRU_1847,Mars_bakim_x2.0_orta,0.0,0.02796082454069246,0.0,optimal,True
SRU_0002,Mars_bakim_x2.0_orta,0.027960824540692802,0.02796082454069246,1.0000000000000122,optimal,False
SRU_1703,Mars_bakim_x2.0_orta,0.02796082454069303,0.02796082454069246,1.0000000000000204,optimal,False
SRU_2058,Mars_bakim_x2.0_orta,0.02796082454069303,0.02796082454069246,1.0000000000000204,optimal,False
SRU_1940,Mars_bakim_x2.0_orta,0.02796082454069303,0.02796082454069246,1.0000000000000204,optimal,False
SRU_2657,Mars_bakim_x2.0_orta,0.0,0.02796082454069246,0.0,optimal,True
SRU_0403,Mars_bakim_x2.0_orta,-2.620936643803451e-14,0.02796082454069246,-9.373602842037441e-13,optimal,True
SRU_2077,Mars_bakim_x2.0_orta,4.295016088402631e-18,0.02796082454069246,1.5360834878642183e-16,optimal,True
SRU_2115,Mars_bakim_x2.0_orta,0.027960824540692555,0.02796082454069246,1.0000000000000033,optimal,False
SRU_2146,Mars_bakim_x2.0_orta,0.0,0.02796082454069246,0.0,optimal,True
SRU_2000,Mars_bakim_x2.0_orta,0.027960824540692954,0.02796082454069246,1.0000000000000175,optimal,False
SRU_1188,Mars_bakim_x2.0_orta,0.027960824540692483,0.02796082454069246,1.0000000000000007,optimal,False
SRU_2355,Mars_bakim_x2.0_orta,0.027960824540692483,0.02796082454069246,1.0000000000000007,optimal,False
SRU_1228,Mars_bakim_x2.0_orta,0.027960824540692483,0.02796082454069246,1.0000000000000007,optimal,False
SRU_1501,Mars_bakim_x2.0_orta,0.0,0.02796082454069246,0.0,optimal,True
SRU_1066,Mars_bakim_x2.0_orta,0.02796082454069289,0.02796082454069246,1.0000000000000153,optimal,False
SRU_2551,Mars_bakim_x2.0_orta,0.027960824540693055,0.02796082454069246,1.0000000000000213,optimal,False
SRU_1564,Mars_bakim_x2.0_orta,0.0,0.02796082454069246,0.0,optimal,True
SRU_1561,Mars_bakim_x2.0_orta,0.0,0.02796082454069246,0.0,optimal,True
SRU_1843,Mars_bakim_x2.0_orta,0.027960824540693506,0.02796082454069246,1.0000000000000373,optimal,False
SRU_0796,Mars_bakim_x2.0_orta,0.027960824540692195,0.02796082454069246,0.9999999999999905,optimal,False
SRU_1420,Mars_bakim_x2.0_orta,0.027960824540692195,0.02796082454069246,0.9999999999999905,optimal,False
SRU_0634,Mars_bakim_x2.0_orta,0.027960824540692195,0.02796082454069246,0.9999999999999905,optimal,False
SRU_2429,Mars_bakim_x2.0_orta,0.027960824540692195,0.02796082454069246,0.9999999999999905,optimal,False
SRU_0485,Mars_bakim_x2.0_orta,0.027960824540692195,0.02796082454069246,0.9999999999999905,optimal,False
SRU_0663,Mars_bakim_x2.0_orta,-1.925345997054401e-17,0.02796082454069246,-6.885869886463365e-16,optimal,True
SRU_0986,Mars_bakim_x2.0_orta,0.027960824540693142,0.02796082454069246,1.0000000000000244,optimal,False
SRU_1057,Mars_bakim_x2.0_orta,0.027960824540693076,0.02796082454069246,1.000000000000022,optimal,False
SRU_1223,Mars_bakim_x2.0_orta,0.0,0.02796082454069246,0.0,optimal,True
SRU_1052,Mars_bakim_x2.0_orta,0.02796082454069231,0.02796082454069246,0.9999999999999946,optimal,False
SRU_1618,Mars_bakim_x2.0_orta,0.027960824540693062,0.02796082454069246,1.0000000000000215,optimal,False
SRU_1761,Mars_bakim_x2.0_orta,0.027960824540693062,0.02796082454069246,1.0000000000000215,optimal,False
SRU_1265,Mars_bakim_x2.0_orta,0.027960824540693062,0.02796082454069246,1.0000000000000215,optimal,False
SRU_0131,Mars_bakim_x2.0_orta,1.6530155636023442e-16,0.02796082454069246,5.911898489247509e-15,optimal,True
SRU_0746,Mars_bakim_x2.0_orta,0.027960824540692146,0.02796082454069246,0.9999999999999887,optimal,False
SRU_0709,Mars_bakim_x2.0_orta,0.02796082454069283,0.02796082454069246,1.000000000000013,optimal,False
SRU_1199,Mars_bakim_x2.0_orta,0.02796082454069283,0.02796082454069246,1.000000000000013,optimal,False
SRU_2845,Mars_bakim_x2.0_orta,0.027960824540692847,0.02796082454069246,1.0000000000000138,optimal,False
SRU_2301,Mars_bakim_x2.0_orta,-1.273967251326515e-30,0.02796082454069246,-4.556257808035888e-29,optimal,True
SRU_1435,Mars_bakim_x2.0_orta,0.0,0.02796082454069246,0.0,optimal,True
SRU_2360,Mars_bakim_x2.0_orta,0.024873447171691994,0.02796082454069246,0.8895820341597119,optimal,False
SRU_1224,Mars_bakim_x2.0_orta,0.027960824540693274,0.02796082454069246,1.000000000000029,optimal,False
SRU_2147,Mars_bakim_x2.0_orta,0.0,0.02796082454069246,0.0,optimal,True
SRU_0400,Mars_bakim_x2.0_orta,0.027960824540692784,0.02796082454069246,1.0000000000000115,optimal,False
SRU_1282,Mars_bakim_x2.0_orta,0.027960824540692954,0.02796082454069246,1.0000000000000175,optimal,False
SRU_2022,Mars_bakim_x2.0_orta,0.027960824540692954,0.02796082454069246,1.0000000000000175,optimal,False
SRU_0822,Mars_bakim_x2.0_orta,0.027960824540692954,0.02796082454069246,1.0000000000000175,optimal,False
SRU_0897,Mars_bakim_x2.0_orta,0.027960824540692954,0.02796082454069246,1.0000000000000175,optimal,False
SRU_1947,Mars_bakim_x2.0_orta,0.027960824540692954,0.02796082454069246,1.0000000000000175,optimal,False
SRU_1652,Mars_bakim_x2.0_orta,2.2671250436466177e-31,0.02796082454069246,8.10821955678447e-30,optimal,True
SRU_1068,Mars_bakim_x2.0_orta,0.02796082454069268,0.02796082454069246,1.0000000000000078,optimal,False
SRU_1496,Mars_bakim_x2.0_orta,0.027960824540692215,0.02796082454069246,0.9999999999999912,optimal,False
SRU_1046,Mars_bakim_x2.0_orta,0.027960824540692215,0.02796082454069246,0.9999999999999912,optimal,False
SRU_1161,Mars_bakim_x2.0_orta,0.027960824540692215,0.02796082454069246,0.9999999999999912,optimal,False
SRU_0567,Mars_bakim_x2.0_orta,0.027960824540692215,0.02796082454069246,0.9999999999999912,optimal,False
SRU_0335,Mars_bakim_x2.0_orta,0.027960824540692215,0.02796082454069246,0.9999999999999912,optimal,False
SRU_2408,Mars_bakim_x2.0_orta,0.027960824540692215,0.02796082454069246,0.9999999999999912,optimal,False
SRU_1880,Mars_bakim_x2.0_orta,0.0,0.02796082454069246,0.0,optimal,True
SRU_2363,Mars_bakim_x2.0_orta,0.027960824540693163,0.02796082454069246,1.000000000000025,optimal,False
SRU_1236,Mars_bakim_x2.0_orta,0.027960824540692777,0.02796082454069246,1.0000000000000113,optimal,False
SRU_2148,Mars_bakim_x2.0_orta,2.0191167314275125e-16,0.02796082454069246,7.221234583011006e-15,optimal,True
SRU_2436,Mars_bakim_x2.0_orta,0.027960824540692927,0.02796082454069246,1.0000000000000167,optimal,False
SRU_2377,Mars_bakim_x2.0_orta,0.0,0.02796082454069246,0.0,optimal,True
SRU_0671,Mars_bakim_x2.0_orta,0.02796082454069288,0.02796082454069246,1.000000000000015,optimal,False
SRU_1795,Mars_bakim_x2.0_orta,0.027960824540693357,0.02796082454069246,1.000000000000032,optimal,False
SRU_0012,Mars_bakim_x2.0_orta,0.027960824540693357,0.02796082454069246,1.000000000000032,optimal,False
SRU_1118,Mars_bakim_x2.0_orta,0.027960824540693357,0.02796082454069246,1.000000000000032,optimal,False
SRU_0556,Mars_bakim_x2.0_orta,1.8965595871334336e-31,0.02796082454069246,6.782917236125486e-30,optimal,True
SRU_1517,Mars_bakim_x2.0_orta,0.0,0.02796082454069246,0.0,optimal,True
SRU_2660,Mars_bakim_x2.0_orta,0.027960824540695636,0.02796082454069246,1.0000000000001135,optimal,False
SRU_1155,Mars_bakim_x2.0_orta,0.027960824540693704,0.02796082454069246,1.0000000000000444,optimal,False
SRU_1555,Mars_bakim_x2.0_orta,0.02796082454069342,0.02796082454069246,1.0000000000000342,optimal,False
SRU_0847,Mars_bakim_x2.0_orta,0.027960824540692875,0.02796082454069246,1.0000000000000147,optimal,False
SRU_0938,Mars_bakim_x2.0_orta,0.02796082454069278,0.02796082454069246,1.0000000000000113,optimal,False
SRU_2294,Mars_bakim_x2.0_orta,0.027373560897295996,0.02796082454069246,0.9789969125359018,optimal,False
SRU_0742,Mars_bakim_x2.0_orta,0.027960824540693027,0.02796082454069246,1.0000000000000202,optimal,False
SRU_0301,Mars_bakim_x2.0_orta,0.027960824540693045,0.02796082454069246,1.0000000000000209,optimal,False
SRU_0527,Mars_bakim_x2.0_orta,0.027960824540693045,0.02796082454069246,1.0000000000000209,optimal,False
SRU_2755,Mars_bakim_x2.0_orta,-9.505331705552547e-32,0.02796082454069246,-3.3995176686292185e-30,optimal,True
SRU_0111,Mars_bakim_x2.0_orta,0.027960824540693638,0.02796082454069246,1.000000000000042,optimal,False
SRU_1353,Mars_bakim_x2.0_orta,3.1668954978652325e-16,0.02796082454069246,1.1326187799849492e-14,optimal,True
SRU_1685,Mars_bakim_x2.0_orta,0.0279608245406932,0.02796082454069246,1.0000000000000264,optimal,False
SRU_0703,Mars_bakim_x2.0_orta,0.027960824540693433,0.02796082454069246,1.0000000000000346,optimal,False
SRU_2099,Mars_bakim_x2.0_orta,0.027960824540693433,0.02796082454069246,1.0000000000000346,optimal,False
SRU_1463,Mars_bakim_x2.0_orta,0.027960824540693433,0.02796082454069246,1.0000000000000346,optimal,False
SRU_2097,Mars_bakim_x2.0_orta,0.027960824540693433,0.02796082454069246,1.0000000000000346,optimal,False
SRU_1370,Mars_bakim_x2.0_orta,0.02487344717169368,0.02796082454069246,0.8895820341597722,optimal,False
SRU_1445,Mars_bakim_x2.0_orta,0.0279608245406931,0.02796082454069246,1.0000000000000229,optimal,False
SRU_1725,Mars_bakim_x2.0_orta,0.027960824540693582,0.02796082454069246,1.00000000000004,optimal,False
SRU_0568,Mars_bakim_x2.0_orta,1.7049681940345447e-16,0.02796082454069246,6.0977035621865834e-15,optimal,True
SRU_0787,Mars_bakim_x2.0_orta,0.027960824540694033,0.02796082454069246,1.0000000000000562,optimal,False
SRU_2221,Mars_bakim_x2.0_orta,0.027960824540693315,0.02796082454069246,1.0000000000000304,optimal,False
SRU_1044,Mars_bakim_x2.0_orta,0.027960824540693315,0.02796082454069246,1.0000000000000304,optimal,False
SRU_1412,Mars_bakim_x2.0_orta,2.0358154269864395e-17,0.02796082454069246,7.280956339551572e-16,optimal,True
SRU_1775,Mars_bakim_x2.0_orta,2.0218664494712505e-30,0.02796082454069246,7.231068763829731e-29,optimal,True
SRU_1423,Mars_bakim_x2.0_orta,0.027960824540691678,0.02796082454069246,0.9999999999999719,optimal,False
SRU_1326,Mars_bakim_x2.0_orta,0.02796082454069285,0.02796082454069246,1.000000000000014,optimal,False
SRU_1227,Mars_bakim_x2.0_orta,0.02796082454069285,0.02796082454069246,1.000000000000014,optimal,False
SRU_1051,Mars_bakim_x2.0_orta,0.02796082454069285,0.02796082454069246,1.000000000000014,optimal,False
SRU_0890,Mars_bakim_x2.0_orta,0.02796082454069285,0.02796082454069246,1.000000000000014,optimal,False
SRU_2128,Mars_bakim_x2.0_orta,0.0,0.02796082454069246,0.0,optimal,True
SRU_1169,Mars_bakim_x2.0_orta,0.027960824540700577,0.02796082454069246,1.0000000000002902,optimal,False
SRU_0238,Mars_bakim_x2.0_orta,0.02796082454069258,0.02796082454069246,1.0000000000000042,optimal,False
SRU_1788,Mars_bakim_x2.0_orta,0.02796082454069258,0.02796082454069246,1.0000000000000042,optimal,False
SRU_0989,Mars_bakim_x2.0_orta,0.027960824540692583,0.02796082454069246,1.0000000000000044,optimal,False
SRU_0682,Mars_bakim_x2.0_orta,2.9923789815862543e-16,0.02796082454069246,1.0702041269317113e-14,optimal,True
SRU_0808,Mars_bakim_x2.0_orta,0.02796082454069323,0.02796082454069246,1.0000000000000273,optimal,False
SRU_0602,Mars_bakim_x2.0_orta,0.02796082454069257,0.02796082454069246,1.0000000000000038,optimal,False
SRU_2807,Mars_bakim_x2.0_orta,0.02796082454069257,0.02796082454069246,1.0000000000000038,optimal,False
SRU_0895,Mars_bakim_x2.0_orta,0.02796082454069257,0.02796082454069246,1.0000000000000038,optimal,False
SRU_1413,Mars_bakim_x2.0_orta,0.02796082454069257,0.02796082454069246,1.0000000000000038,optimal,False
SRU_1894,Mars_bakim_x2.0_orta,0.02796082454069257,0.02796082454069246,1.0000000000000038,optimal,False
SRU_0979,Mars_bakim_x2.0_orta,0.02796082454069257,0.02796082454069246,1.0000000000000038,optimal,False
SRU_0028,Mars_bakim_x2.0_orta,1.4911633677524128e-16,0.02796082454069246,5.333045045156896e-15,optimal,True
SRU_1621,Mars_bakim_x2.0_orta,8.288389541492498e-15,0.02796082454069246,2.964286525037946e-13,optimal,True
SRU_1260,Mars_bakim_x2.0_orta,0.027960824540692777,0.02796082454069246,1.0000000000000113,optimal,False
SRU_0323,Mars_bakim_x2.0_orta,0.027960824540693086,0.02796082454069246,1.0000000000000224,optimal,False
SRU_1872,Mars_bakim_x2.0_orta,-7.49840795793119e-18,0.02796082454069246,-2.6817549486133608e-16,optimal,True
SRU_0326,Mars_bakim_x2.0_orta,0.027960824540691563,0.02796082454069246,0.9999999999999679,optimal,False
SRU_1210,Mars_bakim_x2.0_orta,0.027960824540692125,0.02796082454069246,0.999999999999988,optimal,False
SRU_1745,Mars_bakim_x2.0_orta,0.027960824540692125,0.02796082454069246,0.999999999999988,optimal,False
SRU_1684,Mars_bakim_x2.0_orta,1.3841543943428893e-31,0.02796082454069246,4.9503346810408836e-30,optimal,True
SRU_2068,Mars_bakim_x2.0_orta,0.02796082454069318,0.02796082454069246,1.0000000000000258,optimal,False
SRU_2152,Mars_bakim_x2.0_orta,0.027960824540692528,0.02796082454069246,1.0000000000000024,optimal,False
SRU_1027,Mars_bakim_x2.0_orta,0.02796082454069253,0.02796082454069246,1.0000000000000024,optimal,False
SRU_0479,Mars_bakim_x2.0_orta,0.02796082454069314,0.02796082454069246,1.0000000000000242,optimal,False
SRU_0605,Mars_bakim_x2.0_orta,0.02796082454069314,0.02796082454069246,1.0000000000000242,optimal,False
SRU_1133,Mars_bakim_x2.0_orta,0.02796082454069314,0.02796082454069246,1.0000000000000242,optimal,False
SRU_0597,Mars_bakim_x2.0_orta,0.02796082454069334,0.02796082454069246,1.0000000000000313,optimal,False
SRU_0538,Mars_bakim_x2.0_orta,0.02796082454069334,0.02796082454069246,1.0000000000000313,optimal,False
Unknown,Mars_bakim_x2.0_orta,0.02487344717169335,0.02796082454069246,0.8895820341597604,optimal,False
SRU_0947,Mars_bakim_x2.0_orta,0.027960824540693176,0.02796082454069246,1.0000000000000255,optimal,False
SRU_1257,Mars_bakim_x2.0_orta,0.02796082454069334,0.02796082454069246,1.0000000000000313,optimal,False
SRU_0544,Mars_bakim_x2.0_orta,0.02796082454069334,0.02796082454069246,1.0000000000000313,optimal,False
SRU_1913,Mars_bakim_x2.0_orta,2.275134486461065e-28,0.02796082454069246,8.13686478791058e-27,optimal,True
SRU_0722,Mars_bakim_x2.0_orta,0.027960824540692975,0.02796082454069246,1.0000000000000184,optimal,False
SRU_0557,Mars_bakim_x2.0_orta,-7.389731525367887e-19,0.02796082454069246,-2.6428875567003853e-17,optimal,True
SRU_2149,Mars_bakim_x2.0_orta,0.02796082454069242,0.02796082454069246,0.9999999999999986,optimal,False
SRU_0337,Mars_bakim_x2.0_orta,3.93742360700756e-18,0.02796082454069246,1.4081929527068403e-16,optimal,True
SRU_0001,Mars_bakim_x2.0_orta,0.027960824540692573,0.02796082454069246,1.000000000000004,optimal,False
SRU_1664,Mars_bakim_x2.0_orta,0.02796082454069231,0.02796082454069246,0.9999999999999946,optimal,False
SRU_0041,Mars_bakim_x2.0_orta,7.050613416197303e-17,0.02796082454069246,2.5216042559604332e-15,optimal,True
SRU_0020,Mars_bakim_x2.0_orta,0.02796082454070039,0.02796082454069246,1.0000000000002836,optimal,False
SRU_0550,Mars_bakim_x2.0_orta,0.027960824540692694,0.02796082454069246,1.0000000000000082,optimal,False
SRU_1080,Mars_bakim_x2.0_orta,7.535203882944537e-31,0.02796082454069246,2.6949147626094736e-29,optimal,True
SRU_1302,Mars_bakim_x2.0_orta,0.027960824540703234,0.02796082454069246,1.0000000000003852,optimal,False
SRU_1149,Mars_bakim_x2.0_orta,0.02796082454069293,0.02796082454069246,1.0000000000000167,optimal,False
SRU_0419,Mars_bakim_x2.0_orta,9.523971857129222e-18,0.02796082454069246,3.4061841929119865e-16,optimal,True
SRU_1714,Mars_bakim_x2.0_orta,0.0,0.02796082454069246,0.0,optimal,True
SRU_0372,Mars_bakim_x2.0_orta,0.027960824540691657,0.02796082454069246,0.9999999999999712,optimal,False
SRU_0685,Mars_bakim_x2.0_orta,-2.3155349212798697e-17,0.02796082454069246,-8.281354213678437e-16,optimal,True
SRU_1049,Mars_bakim_x2.0_orta,0.027960824540693166,0.02796082454069246,1.000000000000025,optimal,False
SRU_1476,Mars_bakim_x2.0_orta,0.02796082454069278,0.02796082454069246,1.0000000000000113,optimal,False
SRU_1225,Mars_bakim_x2.0_orta,0.02796082454069278,0.02796082454069246,1.0000000000000113,optimal,False
SRU_1939,Mars_bakim_x2.0_orta,0.02796082454069278,0.02796082454069246,1.0000000000000113,optimal,False
SRU_1038,Mars_bakim_x2.0_orta,0.02796082454069278,0.02796082454069246,1.0000000000000113,optimal,False
SRU_0955,Mars_bakim_x2.0_orta,0.02796082454069278,0.02796082454069246,1.0000000000000113,optimal,False
SRU_2154,Mars_bakim_x2.0_orta,0.02796082454069278,0.02796082454069246,1.0000000000000113,optimal,False
SRU_1018,Mars_bakim_x2.0_orta,-1.0238175387246082e-17,0.02796082454069246,-3.6616142604614795e-16,optimal,True
SRU_0484,Mars_bakim_x2.0_orta,0.027959564141978338,0.02796082454069246,0.9999549226914861,optimal,False
SRU_2799,Mars_bakim_x2.0_orta,0.027960824540692982,0.02796082454069246,1.0000000000000187,optimal,False
SRU_1112,Mars_bakim_x2.0_orta,0.027960824540692587,0.02796082454069246,1.0000000000000044,optimal,False
SRU_1666,Mars_bakim_x2.0_orta,-6.1901432587223695e-18,0.02796082454069246,-2.2138629172804316e-16,optimal,True
SRU_2721,Mars_bakim_x2.0_orta,0.02796082454069293,0.02796082454069246,1.0000000000000167,optimal,False
SRU_1856,Mars_bakim_x2.0_orta,0.027960824540692597,0.02796082454069246,1.0000000000000049,optimal,False
SRU_0589,Mars_bakim_x2.0_orta,0.027960824540692597,0.02796082454069246,1.0000000000000049,optimal,False
SRU_0651,Mars_bakim_x2.0_orta,0.027960824540692597,0.02796082454069246,1.0000000000000049,optimal,False
SRU_1415,Mars_bakim_x2.0_orta,-1.0887689781763466e-18,0.02796082454069246,-3.893908695688925e-17,optimal,True
SRU_0775,Mars_bakim_x2.0_orta,0.027960824540693017,0.02796082454069246,1.0000000000000198,optimal,False
SRU_1411,Mars_bakim_x2.0_orta,1.432284963354406e-16,0.02796082454069246,5.12247040951867e-15,optimal,True
SRU_1285,Mars_bakim_x2.0_orta,0.02796082454069325,0.02796082454069246,1.0000000000000282,optimal,False
SRU_1252,Mars_bakim_x2.0_orta,0.027960824540692937,0.02796082454069246,1.000000000000017,optimal,False
SRU_0045,Mars_bakim_x2.0_orta,6.319470736177324e-32,0.02796082454069246,2.2601160158851378e-30,optimal,True
SRU_1200,Mars_bakim_x2.0_orta,0.027960824540690096,0.02796082454069246,0.9999999999999154,optimal,False
SRU_1905,Mars_bakim_x2.0_orta,0.02796082454069364,0.02796082454069246,1.0000000000000422,optimal,False
SRU_1792,Mars_bakim_x2.0_orta,0.027960824540693582,0.02796082454069246,1.00000000000004,optimal,False
SRU_0697,Mars_bakim_x2.0_orta,0.027960824540693582,0.02796082454069246,1.00000000000004,optimal,False
SRU_1617,Mars_bakim_x2.0_orta,0.027960824540693582,0.02796082454069246,1.00000000000004,optimal,False
SRU_1323,Mars_bakim_x2.0_orta,0.027960824540693582,0.02796082454069246,1.00000000000004,optimal,False
SRU_0717,Mars_bakim_x2.0_orta,0.027960824540693582,0.02796082454069246,1.00000000000004,optimal,False
SRU_2153,Mars_bakim_x2.0_orta,1.755861115216847e-32,0.02796082454069246,6.279718656584948e-31,optimal,True
SRU_2806,Mars_bakim_x2.0_orta,0.027960824540693128,0.02796082454069246,1.0000000000000238,optimal,False
SRU_2497,Mars_bakim_x2.0_orta,0.027960824540691855,0.02796082454069246,0.9999999999999782,optimal,False
SRU_2319,Mars_bakim_x2.0_orta,0.027960824540691855,0.02796082454069246,0.9999999999999782,optimal,False
SRU_0969,Mars_bakim_x2.0_orta,6.371906995611725e-16,0.02796082454069246,2.278869489824395e-14,optimal,True
SRU_1547,Mars_bakim_x2.0_orta,0.027960824540693322,0.02796082454069246,1.0000000000000309,optimal,False
SRU_0239,Mars_bakim_x2.0_orta,0.027960824540692156,0.02796082454069246,0.9999999999999891,optimal,False
SRU_0385,Mars_bakim_x2.0_orta,0.02796082454069226,0.02796082454069246,0.9999999999999928,optimal,False
SRU_0828,Mars_bakim_x2.0_orta,4.568138260315469e-16,0.02796082454069246,1.6337637874974974e-14,optimal,True
SRU_0486,Mars_bakim_x2.0_orta,0.027959564141969845,0.02796082454069246,0.9999549226911824,optimal,False
SRU_1796,Mars_bakim_x2.0_orta,0.027960824540692767,0.02796082454069246,1.0000000000000109,optimal,False
SRU_0825,Mars_bakim_x2.0_orta,0.02796082454069256,0.02796082454069246,1.0000000000000036,optimal,False
SRU_0561,Mars_bakim_x2.0_orta,1.8647506204733409e-16,0.02796082454069246,6.66915461580719e-15,optimal,True
SRU_1616,Mars_bakim_x2.0_orta,0.02796082454069292,0.02796082454069246,1.0000000000000164,optimal,False
SRU_1173,Mars_bakim_x2.0_orta,0.02796082454069344,0.02796082454069246,1.000000000000035,optimal,False
SRU_0560,Mars_bakim_x2.0_orta,7.555803560791093e-18,0.02796082454069246,2.7022820982245505e-16,optimal,True
SRU_1215,Mars_bakim_x2.0_orta,0.0,0.02796082454069246,0.0,optimal,True
SRU_0496,Mars_bakim_x2.0_orta,0.02796082454069308,0.02796082454069246,1.000000000000022,optimal,False
SRU_2207,Mars_bakim_x2.0_orta,0.02796082454069274,0.02796082454069246,1.00000000000001,optimal,False
SRU_0838,Mars_bakim_x2.0_orta,0.02796082454069274,0.02796082454069246,1.00000000000001,optimal,False
SRU_0569,Mars_bakim_x2.0_orta,0.0,0.02796082454069246,0.0,optimal,True
SRU_2791,Mars_bakim_x2.0_orta,0.0,0.02796082454069246,0.0,optimal,True
SRU_2150,Mars_bakim_x2.0_orta,0.02796082454069286,0.02796082454069246,1.0000000000000142,optimal,False
SRU_2681,Mars_bakim_x2.0_orta,0.02796082454069288,0.02796082454069246,1.000000000000015,optimal,False
SRU_0422,Mars_bakim_x2.0_orta,0.0,0.02796082454069246,0.0,optimal,True
SRU_0874,Mars_bakim_x2.0_orta,0.02796082454069283,0.02796082454069246,1.000000000000013,optimal,False
SRU_0037,Mars_bakim_x2.0_orta,0.027960824540692965,0.02796082454069246,1.000000000000018,optimal,False
SRU_2342,Mars_bakim_x2.0_orta,-7.711318615505361e-18,0.02796082454069246,-2.757901006918728e-16,optimal,True
SRU_1556,Mars_bakim_x2.0_orta,0.027960824540693114,0.02796082454069246,1.0000000000000233,optimal,False
SRU_0481,Mars_bakim_x2.0_orta,0.027960824540692965,0.02796082454069246,1.000000000000018,optimal,False
SRU_1630,Mars_bakim_x2.0_orta,0.027960824540692965,0.02796082454069246,1.000000000000018,optimal,False
SRU_1557,Mars_bakim_x2.0_orta,0.027960824540692965,0.02796082454069246,1.000000000000018,optimal,False
SRU_0300,Mars_bakim_x2.0_orta,0.027960824540692965,0.02796082454069246,1.000000000000018,optimal,False
SRU_1237,Mars_bakim_x2.0_orta,0.027960824540692965,0.02796082454069246,1.000000000000018,optimal,False
SRU_1267,Mars_bakim_x2.0_orta,0.027960824540692965,0.02796082454069246,1.000000000000018,optimal,False
SRU_1048,Mars_bakim_x2.0_orta,0.02796082454069312,0.02796082454069246,1.0000000000000235,optimal,False
SRU_0364,Mars_bakim_x2.0_orta,0.02796082454069312,0.02796082454069246,1.0000000000000235,optimal,False
SRU_0922,Mars_bakim_x2.0_orta,0.02796082454069312,0.02796082454069246,1.0000000000000235,optimal,False
SRU_0839,Mars_bakim_x2.0_orta,0.02796082454069312,0.02796082454069246,1.0000000000000235,optimal,False
SRU_0811,Mars_bakim_x2.0_orta,-4.5023775341551975e-32,0.02796082454069246,-1.6102449080508033e-30,optimal,True
SRU_1229,Mars_bakim_x2.0_orta,0.02796082454069297,0.02796082454069246,1.0000000000000182,optimal,False
SRU_0322,Mars_bakim_x2.0_orta,0.027960824540693194,0.02796082454069246,1.0000000000000262,optimal,False
SRU_0393,Mars_bakim_x2.0_orta,0.027960824540693194,0.02796082454069246,1.0000000000000262,optimal,False
SRU_0980,Mars_bakim_x2.0_orta,0.027960824540693194,0.02796082454069246,1.0000000000000262,optimal,False
SRU_1363,Mars_bakim_x2.0_orta,9.801319924271638e-32,0.02796082454069246,3.505375855424936e-30,optimal,True
SRU_1006,Mars_bakim_x2.0_orta,0.027960824540692774,0.02796082454069246,1.000000000000011,optimal,False
SRU_2541,Mars_bakim_x2.0_orta,0.027960824540693194,0.02796082454069246,1.0000000000000262,optimal,False
SRU_2344,Mars_bakim_x2.0_orta,0.027960824540693194,0.02796082454069246,1.0000000000000262,optimal,False
SRU_0931,Mars_bakim_x2.0_orta,0.027960824540693194,0.02796082454069246,1.0000000000000262,optimal,False
SRU_2217,Mars_bakim_x2.0_orta,-5.902637147318371e-33,0.02796082454069246,-2.1110382988627665e-31,optimal,True
SRU_1444,Mars_bakim_x2.0_orta,0.027960824540693135,0.02796082454069246,1.000000000000024,optimal,False
SRU_1030,Mars_bakim_x2.0_orta,0.027960824540693194,0.02796082454069246,1.0000000000000262,optimal,False
SRU_2220,Mars_bakim_x2.0_orta,-5.902637147318371e-33,0.02796082454069246,-2.1110382988627665e-31,optimal,True
SRU_1710,Mars_bakim_x2.0_orta,0.027960824540692087,0.02796082454069246,0.9999999999999866,optimal,False
SRU_0710,Mars_bakim_x2.0_orta,0.027960824540692812,0.02796082454069246,1.0000000000000124,optimal,False
SRU_2060,Mars_bakim_x2.0_orta,0.0,0.02796082454069246,0.0,optimal,True
SRU_0963,Mars_bakim_x2.0_orta,0.0,0.02796082454069246,0.0,optimal,True
SRU_2693,Mars_bakim_x2.0_orta,0.027960824540692982,0.02796082454069246,1.0000000000000187,optimal,False
SRU_2205,Mars_bakim_x2.0_orta,0.02796082454069263,0.02796082454069246,1.000000000000006,optimal,False
SRU_0423,Mars_bakim_x2.0_orta,0.02796082454069263,0.02796082454069246,1.000000000000006,optimal,False
SRU_1709,Mars_bakim_x2.0_orta,0.02796082454069263,0.02796082454069246,1.000000000000006,optimal,False
SRU_1211,Mars_bakim_x2.0_orta,0.02796082454069263,0.02796082454069246,1.000000000000006,optimal,False
SRU_2219,Mars_bakim_x2.0_orta,0.02796082454069263,0.02796082454069246,1.000000000000006,optimal,False
SRU_2812,Mars_bakim_x2.0_orta,0.02796082454069263,0.02796082454069246,1.000000000000006,optimal,False
SRU_0608,Mars_bakim_x2.0_orta,0.02796082454069263,0.02796082454069246,1.000000000000006,optimal,False
SRU_1514,Mars_bakim_x2.0_orta,0.02796082454069263,0.02796082454069246,1.000000000000006,optimal,False
SRU_1614,Mars_bakim_x2.0_orta,0.02796082454069263,0.02796082454069246,1.000000000000006,optimal,False
SRU_2709,Mars_bakim_x2.0_orta,0.02796082454069263,0.02796082454069246,1.000000000000006,optimal,False
SRU_1050,Mars_bakim_x2.0_orta,0.02796082454069263,0.02796082454069246,1.000000000000006,optimal,False
SRU_1744,Mars_bakim_x2.0_orta,0.02796082454069263,0.02796082454069246,1.000000000000006,optimal,False
SRU_0573,Mars_bakim_x2.0_orta,0.02796082454069262,0.02796082454069246,1.0000000000000058,optimal,False
SRU_2761,Mars_bakim_x2.0_orta,0.027960824540693194,0.02796082454069246,1.0000000000000262,optimal,False
SRU_0691,Mars_bakim_x2.0_orta,0.027960824540693194,0.02796082454069246,1.0000000000000262,optimal,False
SRU_0461,Mars_bakim_x2.0_orta,0.027960824540693194,0.02796082454069246,1.0000000000000262,optimal,False
SRU_2203,Mars_bakim_x2.0_orta,0.027960824540693194,0.02796082454069246,1.0000000000000262,optimal,False
SRU_1554,Mars_bakim_x2.0_orta,0.0,0.02796082454069246,0.0,optimal,True
SRU_1384,Mars_bakim_x2.0_orta,0.02796082454069298,0.02796082454069246,1.0000000000000184,optimal,False
SRU_1218,Mars_bakim_x2.0_orta,0.027960824540693024,0.02796082454069246,1.0000000000000202,optimal,False
SRU_1045,Mars_bakim_x2.0_orta,0.02796082454069259,0.02796082454069246,1.0000000000000047,optimal,False
SRU_2766,Mars_bakim_x2.0_orta,0.0,0.02796082454069246,0.0,optimal,True
SRU_0542,Mars_bakim_x2.0_orta,0.027960824540701916,0.02796082454069246,1.0000000000003382,optimal,False
SRU_2127,Mars_bakim_x2.0_orta,3.0523035630528913e-17,0.02796082454069246,1.0916357486563949e-15,optimal,True
SRU_2794,Mars_bakim_x2.0_orta,0.027960824540692878,0.02796082454069246,1.0000000000000149,optimal,False
SRU_2348,Mars_bakim_x2.0_orta,0.027960824540692843,0.02796082454069246,1.0000000000000135,optimal,False
SRU_0729,Mars_bakim_x2.0_orta,0.027960824540692843,0.02796082454069246,1.0000000000000135,optimal,False
SRU_2295,Mars_bakim_x2.0_orta,0.027373560897296065,0.02796082454069246,0.9789969125359044,optimal,False
SRU_1123,Mars_bakim_x2.0_orta,0.027960824540692777,0.02796082454069246,1.0000000000000113,optimal,False
SRU_2293,Mars_bakim_x2.0_orta,0.027373560897295923,0.02796082454069246,0.9789969125358993,optimal,False
SRU_1735,Mars_bakim_x2.0_orta,-2.647021417166819e-32,0.02796082454069246,-9.466893271743496e-31,optimal,True
SRU_1448,Mars_bakim_x2.0_orta,0.027960824540693062,0.02796082454069246,1.0000000000000215,optimal,False
SRU_0529,Mars_bakim_x2.0_orta,0.027960824540692375,0.02796082454069246,0.9999999999999969,optimal,False
SRU_0386,Mars_bakim_x2.0_orta,0.0,0.02796082454069246,0.0,optimal,True
SRU_1966,Mars_bakim_x2.0_orta,-1.3589932086839983e-17,0.02796082454069246,-4.860347400364404e-16,optimal,True
SRU_1484,Mars_bakim_x2.0_orta,0.02796082454069281,0.02796082454069246,1.0000000000000124,optimal,False
SRU_0532,Mars_bakim_x2.0_orta,0.0,0.02796082454069246,0.0,optimal,True
SRU_1862,Mars_bakim_x2.0_orta,4.456827097687085e-16,0.02796082454069246,1.593954102176384e-14,optimal,True
SRU_0728,Mars_bakim_x2.0_orta,-2.456055047822661e-17,0.02796082454069246,-8.783914953038204e-16,optimal,True
SRU_1342,Mars_bakim_x2.0_orta,0.027960824540697957,0.02796082454069246,1.0000000000001965,optimal,False
SRU_0959,Mars_bakim_x2.0_orta,0.02796082454069289,0.02796082454069246,1.0000000000000153,optimal,False
SRU_1912,Mars_bakim_x2.0_orta,0.0,0.02796082454069246,0.0,optimal,True
SRU_2846,Mars_bakim_x2.0_orta,0.0279608245406925,0.02796082454069246,1.0000000000000013,optimal,False
SRU_1053,Mars_bakim_x2.0_orta,0.027960824540693076,0.02796082454069246,1.000000000000022,optimal,False
SRU_2160,Mars_bakim_x2.0_orta,0.027960824540693076,0.02796082454069246,1.000000000000022,optimal,False
SRU_1835,Mars_bakim_x2.0_orta,0.027960824540693076,0.02796082454069246,1.000000000000022,optimal,False
SRU_2080,Mars_bakim_x2.0_orta,0.027960824540693076,0.02796082454069246,1.000000000000022,optimal,False
SRU_1233,Mars_bakim_x2.0_orta,0.027960824540693076,0.02796082454069246,1.000000000000022,optimal,False
SRU_1609,Mars_bakim_x2.0_orta,-6.823776450275537e-32,0.02796082454069246,-2.440477547557524e-30,optimal,True
SRU_0804,Mars_bakim_x2.0_orta,0.0,0.02796082454069246,0.0,optimal,True
SRU_1116,Mars_bakim_x2.0_orta,0.0,0.02796082454069246,0.0,optimal,True
SRU_2426,Mars_bakim_x2.0_orta,0.0,0.02796082454069246,0.0,optimal,True
SRU_2239,Mars_bakim_x2.0_orta,0.0,0.02796082454069246,0.0,optimal,True
SRU_0396,Mars_bakim_x2.0_orta,0.027960824540692892,0.02796082454069246,1.0000000000000153,optimal,False
SRU_2430,Mars_bakim_x2.0_orta,0.027960824540692868,0.02796082454069246,1.0000000000000144,optimal,False
SRU_2743,Mars_bakim_x2.0_orta,0.027960824540692868,0.02796082454069246,1.0000000000000144,optimal,False
SRU_1130,Mars_bakim_x2.0_orta,0.027960824540692868,0.02796082454069246,1.0000000000000144,optimal,False
SRU_2787,Mars_bakim_x2.0_orta,0.02796082454069285,0.02796082454069246,1.000000000000014,optimal,False
SRU_2111,Mars_bakim_x2.0_orta,0.027960824540694176,0.02796082454069246,1.0000000000000613,optimal,False
SRU_1961,Mars_bakim_x2.0_orta,0.027960824540693048,0.02796082454069246,1.0000000000000209,optimal,False
SRU_0905,Mars_bakim_x2.0_orta,0.027960824540693048,0.02796082454069246,1.0000000000000209,optimal,False
SRU_1503,Mars_bakim_x2.0_orta,0.027960824540693048,0.02796082454069246,1.0000000000000209,optimal,False
SRU_2076,Mars_bakim_x2.0_orta,0.027960824540693048,0.02796082454069246,1.0000000000000209,optimal,False
SRU_1456,Mars_bakim_x2.0_orta,0.027960824540693048,0.02796082454069246,1.0000000000000209,optimal,False
SRU_0521,Mars_bakim_x2.0_orta,6.9962055368576e-31,0.02796082454069246,2.502145645481861e-29,optimal,True
SRU_1594,Mars_bakim_x2.0_orta,0.02796082454069127,0.02796082454069246,0.9999999999999575,optimal,False
SRU_1142,Mars_bakim_x2.0_orta,0.0279608245406924,0.02796082454069246,0.9999999999999978,optimal,False
SRU_1014,Mars_bakim_x2.0_orta,0.0279608245406924,0.02796082454069246,0.9999999999999978,optimal,False
SRU_0558,Mars_bakim_x2.0_orta,0.0,0.02796082454069246,0.0,optimal,True
SRU_2100,Mars_bakim_x2.0_orta,0.027960824540693062,0.02796082454069246,1.0000000000000215,optimal,False
SRU_1303,Mars_bakim_x2.0_orta,0.02796082454069254,0.02796082454069246,1.0000000000000029,optimal,False
SRU_2784,Mars_bakim_x2.0_orta,0.02796082454069254,0.02796082454069246,1.0000000000000029,optimal,False
SRU_1791,Mars_bakim_x2.0_orta,0.02796082454069254,0.02796082454069246,1.0000000000000029,optimal,False
SRU_0824,Mars_bakim_x2.0_orta,0.0,0.02796082454069246,0.0,optimal,True
SRU_0855,Mars_bakim_x2.0_orta,0.02796082454069272,0.02796082454069246,1.000000000000009,optimal,False
SRU_0674,Mars_bakim_x2.0_orta,0.0,0.02796082454069246,0.0,optimal,True
SRU_1970,Mars_bakim_x2.0_orta,0.02796082454069273,0.02796082454069246,1.0000000000000095,optimal,False
SRU_2199,Mars_bakim_x2.0_orta,0.027960824540693062,0.02796082454069246,1.0000000000000215,optimal,False
SRU_0600,Mars_bakim_x2.0_orta,0.027960824540693062,0.02796082454069246,1.0000000000000215,optimal,False
SRU_0505,Mars_bakim_x2.0_orta,0.027960824540693062,0.02796082454069246,1.0000000000000215,optimal,False
SRU_2184,Mars_bakim_x2.0_orta,6.503038126219694e-32,0.02796082454069246,2.325767652794206e-30,optimal,True
SRU_1366,Mars_bakim_x2.0_orta,0.02796082454069289,0.02796082454069246,1.0000000000000153,optimal,False
SRU_1670,Mars_bakim_x2.0_orta,0.027960824540692496,0.02796082454069246,1.0000000000000013,optimal,False
SRU_1701,Mars_bakim_x2.0_orta,0.027960824540692496,0.02796082454069246,1.0000000000000013,optimal,False
SRU_1042,Mars_bakim_x2.0_orta,0.027960824540692496,0.02796082454069246,1.0000000000000013,optimal,False
SRU_1963,Mars_bakim_x2.0_orta,0.027960824540692496,0.02796082454069246,1.0000000000000013,optimal,False
SRU_2202,Mars_bakim_x2.0_orta,0.027960824540692496,0.02796082454069246,1.0000000000000013,optimal,False
SRU_0756,Mars_bakim_x2.0_orta,0.027960824540692496,0.02796082454069246,1.0000000000000013,optimal,False
SRU_1705,Mars_bakim_x2.0_orta,0.027960824540692496,0.02796082454069246,1.0000000000000013,optimal,False
SRU_1906,Mars_bakim_x2.0_orta,0.027960824540685117,0.02796082454069246,0.9999999999997373,optimal,False
SRU_2296,Mars_bakim_x2.0_orta,0.02737356089729606,0.02796082454069246,0.978996912535904,optimal,False
SRU_2444,Mars_bakim_x2.0_orta,0.027960824540692333,0.02796082454069246,0.9999999999999954,optimal,False
SRU_0383,Mars_bakim_x2.0_orta,0.02796082454069221,0.02796082454069246,0.9999999999999909,optimal,False
SRU_0414,Mars_bakim_x2.0_orta,0.02796082454069273,0.02796082454069246,1.0000000000000095,optimal,False
SRU_0022,Mars_bakim_x2.0_orta,0.02796082454069273,0.02796082454069246,1.0000000000000095,optimal,False
SRU_0670,Mars_bakim_x2.0_orta,0.027953914073523597,0.02796082454069246,0.9997528518102602,optimal,False
SRU_2253,Mars_bakim_x2.0_orta,0.0,0.02796082454069246,0.0,optimal,True
SRU_1349,Mars_bakim_x2.0_orta,0.02796082454069018,0.02796082454069246,0.9999999999999184,optimal,False
SRU_0689,Mars_bakim_x2.0_orta,-3.8451248840726886e-31,0.02796082454069246,-1.375182937998388e-29,optimal,True
SRU_1198,Mars_bakim_x2.0_orta,0.02796082454069231,0.02796082454069246,0.9999999999999946,optimal,False
SRU_2701,Mars_bakim_x2.0_orta,-2.6915874188508747e-30,0.02796082454069246,-9.62628056598869e-29,optimal,True
SRU_2695,Mars_bakim_x2.0_orta,0.027960824540708078,0.02796082454069246,1.0000000000005584,optimal,False
SRU_1669,Mars_bakim_x2.0_orta,0.02796082454069303,0.02796082454069246,1.0000000000000204,optimal,False
SRU_2042,Mars_bakim_x2.0_orta,0.02796082454069303,0.02796082454069246,1.0000000000000204,optimal,False
SRU_1355,Mars_bakim_x2.0_orta,-3.1524788262790832e-30,0.02796082454069246,-1.127462754787921e-28,optimal,True
SRU_1497,Mars_bakim_x2.0_orta,0.02796082454069965,0.02796082454069246,1.0000000000002571,optimal,False
SRU_0915,Mars_bakim_x2.0_orta,0.02796082454069344,0.02796082454069246,1.000000000000035,optimal,False
SRU_1855,Mars_bakim_x2.0_orta,0.02796082454069344,0.02796082454069246,1.000000000000035,optimal,False
SRU_1559,Mars_bakim_x2.0_orta,0.02796082454069344,0.02796082454069246,1.000000000000035,optimal,False
SRU_1786,Mars_bakim_x2.0_orta,0.02796082454069344,0.02796082454069246,1.000000000000035,optimal,False
SRU_0580,Mars_bakim_x2.0_orta,0.02796082454069344,0.02796082454069246,1.000000000000035,optimal,False
SRU_1477,Mars_bakim_x2.0_orta,0.02796082454069344,0.02796082454069246,1.000000000000035,optimal,False
SRU_1343,Mars_bakim_x2.0_orta,0.02796082454069344,0.02796082454069246,1.000000000000035,optimal,False
SRU_1367,Mars_bakim_x2.0_orta,0.02796082454069344,0.02796082454069246,1.000000000000035,optimal,False
SRU_0492,Mars_bakim_x2.0_orta,1.8442940050945158e-16,0.02796082454069246,6.595992912907286e-15,optimal,True
SRU_0960,Mars_bakim_x2.0_orta,0.02796082454069373,0.02796082454069246,1.0000000000000455,optimal,False
SRU_0791,Mars_bakim_x2.0_orta,0.027960824540692566,0.02796082454069246,1.0000000000000038,optimal,False
SRU_2303,Mars_bakim_x2.0_orta,0.027960824540692566,0.02796082454069246,1.0000000000000038,optimal,False
SRU_2793,Mars_bakim_x2.0_orta,0.027960824540692566,0.02796082454069246,1.0000000000000038,optimal,False
SRU_2530,Mars_bakim_x2.0_orta,0.027960824540692566,0.02796082454069246,1.0000000000000038,optimal,False
SRU_0313,Mars_bakim_x2.0_orta,0.027960824540692566,0.02796082454069246,1.0000000000000038,optimal,False
SRU_0332,Mars_bakim_x2.0_orta,0.027960824540692566,0.02796082454069246,1.0000000000000038,optimal,False
SRU_0864,Mars_bakim_x2.0_orta,0.027960824540692566,0.02796082454069246,1.0000000000000038,optimal,False
SRU_0042,Mars_bakim_x2.0_orta,0.0,0.02796082454069246,0.0,optimal,True
SRU_1081,Mars_bakim_x2.0_orta,0.0,0.02796082454069246,0.0,optimal,True
SRU_1162,Mars_bakim_x2.0_orta,0.027960824540693117,0.02796082454069246,1.0000000000000235,optimal,False
SRU_2420,Mars_bakim_x2.0_orta,0.027960824540692753,0.02796082454069246,1.0000000000000104,optimal,False
SRU_1859,Mars_bakim_x2.0_orta,0.0,0.02796082454069246,0.0,optimal,True
SRU_1189,Mars_bakim_x2.0_orta,0.0279608245406932,0.02796082454069246,1.0000000000000264,optimal,False
SRU_2210,Mars_bakim_x2.0_orta,0.02796082454069286,0.02796082454069246,1.0000000000000142,optimal,False
SRU_0619,Mars_bakim_x2.0_orta,0.02796082454069286,0.02796082454069246,1.0000000000000142,optimal,False
SRU_0348,Mars_bakim_x2.0_orta,0.02796082454069286,0.02796082454069246,1.0000000000000142,optimal,False
SRU_0761,Mars_bakim_x2.0_orta,0.02796082454069286,0.02796082454069246,1.0000000000000142,optimal,False
SRU_0398,Mars_bakim_x2.0_orta,0.02796082454069286,0.02796082454069246,1.0000000000000142,optimal,False
SRU_0815,Mars_bakim_x2.0_orta,0.02796082454069286,0.02796082454069246,1.0000000000000142,optimal,False
SRU_1138,Mars_bakim_x2.0_orta,0.02796082454069286,0.02796082454069246,1.0000000000000142,optimal,False
SRU_0275,Mars_bakim_x2.0_orta,0.027960824540693676,0.02796082454069246,1.0000000000000435,optimal,False
SRU_0736,Mars_bakim_x2.0_orta,1.8172266608061108e-17,0.02796082454069246,6.499188384668095e-16,optimal,True
SRU_1620,Mars_bakim_x2.0_orta,-1.2460750636337407e-15,0.02796082454069246,-4.4565032830855175e-14,optimal,True
SRU_0936,Mars_bakim_x2.0_orta,0.027960824540692913,0.02796082454069246,1.0000000000000162,optimal,False
SRU_1724,Mars_bakim_x2.0_orta,0.027960824540692864,0.02796082454069246,1.0000000000000144,optimal,False
SRU_1842,Mars_bakim_x2.0_orta,0.027960824540692864,0.02796082454069246,1.0000000000000144,optimal,False
SRU_2277,Mars_bakim_x2.0_orta,3.4685749640344847e-16,0.02796082454069246,1.2405124029824422e-14,optimal,True
SRU_2075,Mars_bakim_x2.0_orta,0.02796082454069322,0.02796082454069246,1.000000000000027,optimal,False
SRU_1854,Mars_bakim_x2.0_orta,0.027960824540692847,0.02796082454069246,1.0000000000000138,optimal,False
SRU_1286,Mars_bakim_x2.0_orta,0.027960824540692847,0.02796082454069246,1.0000000000000138,optimal,False
SRU_0080,Mars_bakim_x2.0_orta,0.0,0.02796082454069246,0.0,optimal,True
SRU_2405,Mars_bakim_x2.0_orta,0.027960824540693284,0.02796082454069246,1.0000000000000293,optimal,False
SRU_2367,Mars_bakim_x2.0_orta,0.027960824540691185,0.02796082454069246,0.9999999999999544,optimal,False
SRU_0692,Mars_bakim_x2.0_orta,0.027960824540691185,0.02796082454069246,0.9999999999999544,optimal,False
SRU_2197,Mars_bakim_x2.0_orta,-6.574651433687411e-16,0.02796082454069246,-2.3513796684067982e-14,optimal,True
SRU_0576,Mars_bakim_x2.0_orta,0.0,0.02796082454069246,0.0,optimal,True
SRU_1971,Mars_bakim_x2.0_orta,0.027960824540692944,0.02796082454069246,1.0000000000000173,optimal,False
SRU_2317,Mars_bakim_x2.0_orta,-7.221899009637756e-16,0.02796082454069246,-2.582863391287853e-14,optimal,True
SRU_1296,Mars_bakim_x2.0_orta,0.027960824540694148,0.02796082454069246,1.0000000000000604,optimal,False
SRU_1665,Mars_bakim_x2.0_orta,-6.557277273336951e-16,0.02796082454069246,-2.345165917333337e-14,optimal,True
SRU_1473,Mars_bakim_x2.0_orta,0.02796082454069337,0.02796082454069246,1.0000000000000324,optimal,False
SRU_0933,Mars_bakim_x2.0_orta,0.027960824540693083,0.02796082454069246,1.0000000000000222,optimal,False
SRU_1035,Mars_bakim_x2.0_orta,0.027960824540693083,0.02796082454069246,1.0000000000000222,optimal,False
SRU_0132,Mars_bakim_x2.0_orta,0.027960824540693083,0.02796082454069246,1.0000000000000222,optimal,False
SRU_0177,Mars_bakim_x2.0_orta,0.027960824540693083,0.02796082454069246,1.0000000000000222,optimal,False
SRU_1055,Mars_bakim_x2.0_orta,0.027960824540693083,0.02796082454069246,1.0000000000000222,optimal,False
SRU_1013,Mars_bakim_x2.0_orta,-8.908120018516125e-16,0.02796082454069246,-3.1859289433871293e-14,optimal,True
SRU_0686,Mars_bakim_x2.0_orta,0.027960824540693215,0.02796082454069246,1.0000000000000269,optimal,False
SRU_1430,Mars_bakim_x2.0_orta,-8.908120018516125e-16,0.02796082454069246,-3.1859289433871293e-14,optimal,True
SRU_0660,Mars_bakim_x2.0_orta,0.02796082454069466,0.02796082454069246,1.0000000000000786,optimal,False
SRU_1170,Mars_bakim_x2.0_orta,0.02796082454069183,0.02796082454069246,0.9999999999999775,optimal,False
SRU_1832,Mars_bakim_x2.0_orta,0.027960824540692927,0.02796082454069246,1.0000000000000167,optimal,False
SRU_2216,Mars_bakim_x2.0_orta,0.027960824540692927,0.02796082454069246,1.0000000000000167,optimal,False
SRU_1708,Mars_bakim_x2.0_orta,0.027960824540692927,0.02796082454069246,1.0000000000000167,optimal,False
SRU_1668,Mars_bakim_x2.0_orta,4.63118461084469e-31,0.02796082454069246,1.6563118888374517e-29,optimal,True
SRU_1740,Mars_bakim_x2.0_orta,0.027960824540693187,0.02796082454069246,1.000000000000026,optimal,False
SRU_2039,Mars_bakim_x2.0_orta,0.027960824540693322,0.02796082454069246,1.0000000000000309,optimal,False
SRU_2044,Mars_bakim_x2.0_orta,0.0279608245406927,0.02796082454069246,1.0000000000000087,optimal,False
SRU_0653,Mars_bakim_x2.0_orta,0.0279608245406927,0.02796082454069246,1.0000000000000087,optimal,False
SRU_1460,Mars_bakim_x2.0_orta,0.0279608245406927,0.02796082454069246,1.0000000000000087,optimal,False
SRU_1058,Mars_bakim_x2.0_orta,0.0279608245406927,0.02796082454069246,1.0000000000000087,optimal,False
SRU_0043,Mars_bakim_x2.0_orta,2.600849910302268e-31,0.02796082454069246,9.301763996684545e-30,optimal,True
SRU_1552,Mars_bakim_x2.0_sert,0.006662435703954747,0.006662435703954731,1.0000000000000024,optimal,False
SRU_0970,Mars_bakim_x2.0_sert,0.006662435703954747,0.006662435703954731,1.0000000000000024,optimal,False
SRU_0078,Mars_bakim_x2.0_sert,0.006662435703954752,0.006662435703954731,1.000000000000003,optimal,False
SRU_2218,Mars_bakim_x2.0_sert,0.00666243570395491,0.006662435703954731,1.0000000000000269,optimal,False
SRU_0846,Mars_bakim_x2.0_sert,0.00666243570395491,0.006662435703954731,1.0000000000000269,optimal,False
SRU_2369,Mars_bakim_x2.0_sert,0.00666243570395491,0.006662435703954731,1.0000000000000269,optimal,False
SRU_1457,Mars_bakim_x2.0_sert,0.00666243570395491,0.006662435703954731,1.0000000000000269,optimal,False
SRU_1269,Mars_bakim_x2.0_sert,0.00666243570395491,0.006662435703954731,1.0000000000000269,optimal,False
SRU_1553,Mars_bakim_x2.0_sert,0.0,0.006662435703954731,0.0,optimal,True
SRU_2450,Mars_bakim_x2.0_sert,0.006662435703954554,0.006662435703954731,0.9999999999999735,optimal,False
SRU_2098,Mars_bakim_x2.0_sert,0.006662435703954862,0.006662435703954731,1.0000000000000198,optimal,False
SRU_2320,Mars_bakim_x2.0_sert,0.006662435703954862,0.006662435703954731,1.0000000000000198,optimal,False
SRU_1481,Mars_bakim_x2.0_sert,0.006662435703954863,0.006662435703954731,1.0000000000000198,optimal,False
SRU_1442,Mars_bakim_x2.0_sert,0.0066624357039543475,0.006662435703954731,0.9999999999999425,optimal,False
SRU_0034,Mars_bakim_x2.0_sert,0.0066624357039543475,0.006662435703954731,0.9999999999999425,optimal,False
SRU_1335,Mars_bakim_x2.0_sert,0.0066624357039543475,0.006662435703954731,0.9999999999999425,optimal,False
SRU_2739,Mars_bakim_x2.0_sert,-4.902722136679141e-31,0.006662435703954731,-7.358753396702878e-29,optimal,True
SRU_1060,Mars_bakim_x2.0_sert,0.0066624357039531,0.006662435703954731,0.9999999999997552,optimal,False
SRU_1301,Mars_bakim_x2.0_sert,0.0,0.006662435703954731,0.0,optimal,True
SRU_2805,Mars_bakim_x2.0_sert,0.006662435703954734,0.006662435703954731,1.0000000000000004,optimal,False
SRU_1702,Mars_bakim_x2.0_sert,1.7372211565126323e-16,0.006662435703954731,2.6074865615310052e-14,optimal,True
SRU_1662,Mars_bakim_x2.0_sert,0.0,0.006662435703954731,0.0,optimal,True
SRU_1677,Mars_bakim_x2.0_sert,0.006662435703953469,0.006662435703954731,0.9999999999998106,optimal,False
SRU_2373,Mars_bakim_x2.0_sert,0.006662435703955121,0.006662435703954731,1.0000000000000586,optimal,False
SRU_0394,Mars_bakim_x2.0_sert,0.006662435703955121,0.006662435703954731,1.0000000000000586,optimal,False
SRU_1036,Mars_bakim_x2.0_sert,0.006662435703955121,0.006662435703954731,1.0000000000000586,optimal,False
SRU_1019,Mars_bakim_x2.0_sert,1.7049681940343108e-16,0.006662435703954731,2.5590763945718304e-14,optimal,True
SRU_0325,Mars_bakim_x2.0_sert,0.0066624357039541905,0.006662435703954731,0.9999999999999188,optimal,False
SRU_1639,Mars_bakim_x2.0_sert,1.412335171161069e-16,0.006662435703954731,2.1198481064856297e-14,optimal,True
SRU_1626,Mars_bakim_x2.0_sert,0.006662435703954511,0.006662435703954731,0.999999999999967,optimal,False
SRU_0785,Mars_bakim_x2.0_sert,0.006037080493937056,0.006662435703954731,0.9061371489639334,optimal,False
SRU_1839,Mars_bakim_x2.0_sert,-2.0104774293798547e-15,0.006662435703954731,-3.01763126687506e-13,optimal,True
SRU_2386,Mars_bakim_x2.0_sert,0.0012378208454003005,0.006662435703954731,0.1857910380531773,optimal,False
SRU_0427,Mars_bakim_x2.0_sert,0.006662435703954955,0.006662435703954731,1.0000000000000335,optimal,False
SRU_0079,Mars_bakim_x2.0_sert,0.006662435703954809,0.006662435703954731,1.0000000000000118,optimal,False
SRU_0666,Mars_bakim_x2.0_sert,0.006662435703954707,0.006662435703954731,0.9999999999999964,optimal,False
SRU_1471,Mars_bakim_x2.0_sert,0.006662435703954708,0.006662435703954731,0.9999999999999967,optimal,False
SRU_0571,Mars_bakim_x2.0_sert,0.0066624357039549885,0.006662435703954731,1.0000000000000386,optimal,False
SRU_0038,Mars_bakim_x2.0_sert,0.0066624357039549885,0.006662435703954731,1.0000000000000386,optimal,False
SRU_0431,Mars_bakim_x2.0_sert,0.0066624357039549885,0.006662435703954731,1.0000000000000386,optimal,False
SRU_2804,Mars_bakim_x2.0_sert,0.0066624357039549885,0.006662435703954731,1.0000000000000386,optimal,False
SRU_1526,Mars_bakim_x2.0_sert,-4.1602353700213625e-32,0.006662435703954731,-6.244315975239962e-30,optimal,True
SRU_2302,Mars_bakim_x2.0_sert,0.0066624357039549355,0.006662435703954731,1.0000000000000306,optimal,False
SRU_1560,Mars_bakim_x2.0_sert,6.560101895981315e-16,0.006662435703954731,9.846401807806308e-14,optimal,True
SRU_1603,Mars_bakim_x2.0_sert,0.006662435703954279,0.006662435703954731,0.9999999999999322,optimal,False
SRU_0902,Mars_bakim_x2.0_sert,0.006662435703954856,0.006662435703954731,1.0000000000000187,optimal,False
SRU_1770,Mars_bakim_x2.0_sert,0.006662435703954834,0.006662435703954731,1.0000000000000155,optimal,False
SRU_1760,Mars_bakim_x2.0_sert,0.006662435703954834,0.006662435703954731,1.0000000000000155,optimal,False
SRU_1657,Mars_bakim_x2.0_sert,0.0065386427929780945,0.006662435703954731,0.9814192711978962,optimal,False
SRU_1474,Mars_bakim_x2.0_sert,0.006662435703954536,0.006662435703954731,0.9999999999999707,optimal,False
SRU_1059,Mars_bakim_x2.0_sert,0.006662435703954532,0.006662435703954731,0.9999999999999701,optimal,False
SRU_0030,Mars_bakim_x2.0_sert,-2.587459602243992e-17,0.006662435703954731,-3.88365414274559e-15,optimal,True
SRU_0760,Mars_bakim_x2.0_sert,0.006662435703954875,0.006662435703954731,1.0000000000000215,optimal,False
SRU_2802,Mars_bakim_x2.0_sert,0.0066624357039549165,0.006662435703954731,1.0000000000000278,optimal,False
SRU_1034,Mars_bakim_x2.0_sert,0.0066624357039549165,0.006662435703954731,1.0000000000000278,optimal,False
SRU_1629,Mars_bakim_x2.0_sert,0.0066624357039549165,0.006662435703954731,1.0000000000000278,optimal,False
SRU_0681,Mars_bakim_x2.0_sert,0.0066624357039549165,0.006662435703954731,1.0000000000000278,optimal,False
SRU_0424,Mars_bakim_x2.0_sert,0.0066624357039549165,0.006662435703954731,1.0000000000000278,optimal,False
SRU_0596,Mars_bakim_x2.0_sert,0.006662435703954675,0.006662435703954731,0.9999999999999917,optimal,False
SRU_1270,Mars_bakim_x2.0_sert,0.006662435703954677,0.006662435703954731,0.9999999999999919,optimal,False
SRU_0511,Mars_bakim_x2.0_sert,-2.2516247800378198e-17,0.006662435703954731,-3.379582002872142e-15,optimal,True
SRU_2198,Mars_bakim_x2.0_sert,-3.0813344302523943e-32,0.006662435703954731,-4.6249368356731104e-30,optimal,True
SRU_2255,Mars_bakim_x2.0_sert,0.006662435703954589,0.006662435703954731,0.9999999999999787,optimal,False
SRU_1061,Mars_bakim_x2.0_sert,0.006662435703954648,0.006662435703954731,0.9999999999999875,optimal,False
SRU_1253,Mars_bakim_x2.0_sert,0.006662435703954648,0.006662435703954731,0.9999999999999875,optimal,False
SRU_1246,Mars_bakim_x2.0_sert,0.006662435703954648,0.006662435703954731,0.9999999999999875,optimal,False
SRU_0074,Mars_bakim_x2.0_sert,0.006662435703954648,0.006662435703954731,0.9999999999999875,optimal,False
SRU_0276,Mars_bakim_x2.0_sert,0.006662435703954648,0.006662435703954731,0.9999999999999875,optimal,False
SRU_0647,Mars_bakim_x2.0_sert,0.006662435703954654,0.006662435703954731,0.9999999999999885,optimal,False
SRU_1875,Mars_bakim_x2.0_sert,0.006662435703954638,0.006662435703954731,0.9999999999999861,optimal,False
SRU_1781,Mars_bakim_x2.0_sert,0.0066624357039544125,0.006662435703954731,0.9999999999999523,optimal,False
SRU_0962,Mars_bakim_x2.0_sert,0.0,0.006662435703954731,0.0,optimal,True
SRU_1831,Mars_bakim_x2.0_sert,0.00666243570395463,0.006662435703954731,0.9999999999999849,optimal,False
SRU_0362,Mars_bakim_x2.0_sert,0.006662435703954545,0.006662435703954731,0.9999999999999721,optimal,False
SRU_1459,Mars_bakim_x2.0_sert,0.006662435703954545,0.006662435703954731,0.9999999999999721,optimal,False
SRU_0531,Mars_bakim_x2.0_sert,0.006662435703954545,0.006662435703954731,0.9999999999999721,optimal,False
SRU_1351,Mars_bakim_x2.0_sert,-1.6682262714251525e-17,0.006662435703954731,-2.503928511362468e-15,optimal,True
SRU_0916,Mars_bakim_x2.0_sert,0.0066624357039545504,0.006662435703954731,0.9999999999999729,optimal,False
SRU_1502,Mars_bakim_x2.0_sert,5.285637854089093e-19,0.006662435703954731,7.933491727284679e-17,optimal,True
SRU_0498,Mars_bakim_x2.0_sert,0.00666243570395452,0.006662435703954731,0.9999999999999684,optimal,False
SRU_0093,Mars_bakim_x2.0_sert,0.00666243570395464,0.006662435703954731,0.9999999999999863,optimal,False
SRU_0669,Mars_bakim_x2.0_sert,0.00666243570395464,0.006662435703954731,0.9999999999999863,optimal,False
SRU_0488,Mars_bakim_x2.0_sert,0.00666243570395464,0.006662435703954731,0.9999999999999863,optimal,False
SRU_1172,Mars_bakim_x2.0_sert,0.00666243570395464,0.006662435703954731,0.9999999999999863,optimal,False
SRU_1849,Mars_bakim_x2.0_sert,0.0,0.006662435703954731,0.0,optimal,True
SRU_0673,Mars_bakim_x2.0_sert,0.006662435703954945,0.006662435703954731,1.0000000000000322,optimal,False
SRU_2206,Mars_bakim_x2.0_sert,0.006662435703954772,0.006662435703954731,1.0000000000000062,optimal,False
SRU_1667,Mars_bakim_x2.0_sert,2.0056274897966815e-16,0.006662435703954731,3.010351737587754e-14,optimal,True
SRU_1291,Mars_bakim_x2.0_sert,0.006662435703954526,0.006662435703954731,0.9999999999999692,optimal,False
SRU_0588,Mars_bakim_x2.0_sert,0.006662435703954375,0.006662435703954731,0.9999999999999466,optimal,False
SRU_2658,Mars_bakim_x2.0_sert,0.006662435703954375,0.006662435703954731,0.9999999999999466,optimal,False
SRU_2145,Mars_bakim_x2.0_sert,-9.00157360022423e-19,0.006662435703954731,-1.3510935039689792e-16,optimal,True
SRU_0480,Mars_bakim_x2.0_sert,0.0,0.006662435703954731,0.0,optimal,True
SRU_2656,Mars_bakim_x2.0_sert,-1.0016207078120122e-15,0.006662435703954731,-1.50338517671167e-13,optimal,True
SRU_1447,Mars_bakim_x2.0_sert,0.006662435703954287,0.006662435703954731,0.9999999999999334,optimal,False
SRU_1119,Mars_bakim_x2.0_sert,0.006662435703955261,0.006662435703954731,1.0000000000000795,optimal,False
SRU_1778,Mars_bakim_x2.0_sert,0.006662435703955261,0.006662435703954731,1.0000000000000795,optimal,False
SRU_2740,Mars_bakim_x2.0_sert,0.006662435703955261,0.006662435703954731,1.0000000000000795,optimal,False
SRU_1874,Mars_bakim_x2.0_sert,-5.417868253257642e-32,0.006662435703954731,-8.131963284901451e-30,optimal,True
SRU_2019,Mars_bakim_x2.0_sert,0.006662435703954571,0.006662435703954731,0.999999999999976,optimal,False
SRU_1483,Mars_bakim_x2.0_sert,0.0066624357039551255,0.006662435703954731,1.0000000000000593,optimal,False
SRU_1075,Mars_bakim_x2.0_sert,0.006662435703955145,0.006662435703954731,1.0000000000000622,optimal,False
SRU_2287,Mars_bakim_x2.0_sert,0.006662435703955019,0.006662435703954731,1.0000000000000433,optimal,False
SRU_1611,Mars_bakim_x2.0_sert,0.006309123789829617,0.006662435703954731,0.946969557407452,optimal,False
SRU_0727,Mars_bakim_x2.0_sert,-5.930383816315896e-18,0.006662435703954731,-8.901224837030248e-16,optimal,True
SRU_1369,Mars_bakim_x2.0_sert,0.006662435703954771,0.006662435703954731,1.000000000000006,optimal,False
SRU_0482,Mars_bakim_x2.0_sert,0.006662435703954491,0.006662435703954731,0.9999999999999639,optimal,False
SRU_0581,Mars_bakim_x2.0_sert,0.006662435703954491,0.006662435703954731,0.9999999999999639,optimal,False
SRU_0618,Mars_bakim_x2.0_sert,0.006662435703954491,0.006662435703954731,0.9999999999999639,optimal,False
SRU_2437,Mars_bakim_x2.0_sert,0.006662435703954491,0.006662435703954731,0.9999999999999639,optimal,False
SRU_0937,Mars_bakim_x2.0_sert,0.006662435703954491,0.006662435703954731,0.9999999999999639,optimal,False
SRU_1550,Mars_bakim_x2.0_sert,0.006662435703954491,0.006662435703954731,0.9999999999999639,optimal,False
SRU_1969,Mars_bakim_x2.0_sert,0.006662435703954491,0.006662435703954731,0.9999999999999639,optimal,False
SRU_0432,Mars_bakim_x2.0_sert,0.006662435703954491,0.006662435703954731,0.9999999999999639,optimal,False
SRU_1005,Mars_bakim_x2.0_sert,0.006662435703954491,0.006662435703954731,0.9999999999999639,optimal,False
SRU_1446,Mars_bakim_x2.0_sert,0.006662435703954491,0.006662435703954731,0.9999999999999639,optimal,False
SRU_0397,Mars_bakim_x2.0_sert,0.006662435703954491,0.006662435703954731,0.9999999999999639,optimal,False
SRU_1047,Mars_bakim_x2.0_sert,0.006662435703954491,0.006662435703954731,0.9999999999999639,optimal,False
SRU_1419,Mars_bakim_x2.0_sert,0.006662435703954491,0.006662435703954731,0.9999999999999639,optimal,False
SRU_1495,Mars_bakim_x2.0_sert,0.006662435703954491,0.006662435703954731,0.9999999999999639,optimal,False
SRU_0528,Mars_bakim_x2.0_sert,0.006662435703954491,0.006662435703954731,0.9999999999999639,optimal,False
SRU_0382,Mars_bakim_x2.0_sert,0.006662435703954491,0.006662435703954731,0.9999999999999639,optimal,False
SRU_2173,Mars_bakim_x2.0_sert,0.0,0.006662435703954731,0.0,optimal,True
SRU_1480,Mars_bakim_x2.0_sert,0.0,0.006662435703954731,0.0,optimal,True
SRU_1900,Mars_bakim_x2.0_sert,0.006662435703954706,0.006662435703954731,0.9999999999999962,optimal,False
SRU_1651,Mars_bakim_x2.0_sert,7.603626578708277e-17,0.006662435703954731,1.1412682863408149e-14,optimal,True
SRU_0456,Mars_bakim_x2.0_sert,0.006662435703954536,0.006662435703954731,0.9999999999999707,optimal,False
SRU_1354,Mars_bakim_x2.0_sert,3.9097196802363995e-17,0.006662435703954731,5.8683038065427686e-15,optimal,True
SRU_2753,Mars_bakim_x2.0_sert,0.0,0.006662435703954731,0.0,optimal,True
SRU_0395,Mars_bakim_x2.0_sert,0.006662435703954604,0.006662435703954731,0.999999999999981,optimal,False
SRU_1623,Mars_bakim_x2.0_sert,0.006662435703954393,0.006662435703954731,0.9999999999999493,optimal,False
SRU_1949,Mars_bakim_x2.0_sert,0.006662435703954393,0.006662435703954731,0.9999999999999493,optimal,False
SRU_2063,Mars_bakim_x2.0_sert,9.097635947368184e-18,0.006662435703954731,1.3655120066626612e-15,optimal,True
SRU_1772,Mars_bakim_x2.0_sert,0.006662435703954518,0.006662435703954731,0.9999999999999681,optimal,False
SRU_2204,Mars_bakim_x2.0_sert,0.00666243570395495,0.006662435703954731,1.0000000000000329,optimal,False
SRU_0601,Mars_bakim_x2.0_sert,0.00666243570395495,0.006662435703954731,1.0000000000000329,optimal,False
SRU_1031,Mars_bakim_x2.0_sert,0.00666243570395495,0.006662435703954731,1.0000000000000329,optimal,False
SRU_0115,Mars_bakim_x2.0_sert,1.4835290392531206e-16,0.006662435703954731,2.2267067258488035e-14,optimal,True
SRU_0716,Mars_bakim_x2.0_sert,0.00666243570395438,0.006662435703954731,0.9999999999999473,optimal,False
SRU_1914,Mars_bakim_x2.0_sert,1.8394374354654312e-17,0.006662435703954731,2.7609083482390175e-15,optimal,True
SRU_0523,Mars_bakim_x2.0_sert,0.006662435703954386,0.006662435703954731,0.9999999999999482,optimal,False
SRU_1929,Mars_bakim_x2.0_sert,1.492745367161653e-17,0.006662435703954731,2.2405399969197146e-15,optimal,True
SRU_1041,Mars_bakim_x2.0_sert,0.006662435703954561,0.006662435703954731,0.9999999999999745,optimal,False
SRU_1235,Mars_bakim_x2.0_sert,0.006662435703954355,0.006662435703954731,0.9999999999999436,optimal,False
SRU_2334,Mars_bakim_x2.0_sert,0.006662435703954355,0.006662435703954731,0.9999999999999436,optimal,False
SRU_2072,Mars_bakim_x2.0_sert,0.006662435703954355,0.006662435703954731,0.9999999999999436,optimal,False
SRU_0981,Mars_bakim_x2.0_sert,0.006662435703954355,0.006662435703954731,0.9999999999999436,optimal,False
SRU_1774,Mars_bakim_x2.0_sert,0.006662435703954355,0.006662435703954731,0.9999999999999436,optimal,False
SRU_1955,Mars_bakim_x2.0_sert,0.006662435703954355,0.006662435703954731,0.9999999999999436,optimal,False
SRU_0314,Mars_bakim_x2.0_sert,0.006662435703954355,0.006662435703954731,0.9999999999999436,optimal,False
SRU_1139,Mars_bakim_x2.0_sert,-8.638543183981191e-32,0.006662435703954731,-1.2966043603022644e-29,optimal,True
SRU_2375,Mars_bakim_x2.0_sert,0.006662435703954575,0.006662435703954731,0.9999999999999766,optimal,False
SRU_2489,Mars_bakim_x2.0_sert,-8.92285339242199e-18,0.006662435703954731,-1.3392779741387232e-15,optimal,True
SRU_2557,Mars_bakim_x2.0_sert,0.006662435703954528,0.006662435703954731,0.9999999999999696,optimal,False
SRU_1214,Mars_bakim_x2.0_sert,0.0066624357039546936,0.006662435703954731,0.9999999999999944,optimal,False
SRU_1782,Mars_bakim_x2.0_sert,0.0066624357039546936,0.006662435703954731,0.9999999999999944,optimal,False
SRU_0007,Mars_bakim_x2.0_sert,0.0066624357039546936,0.006662435703954731,0.9999999999999944,optimal,False
SRU_0591,Mars_bakim_x2.0_sert,0.0066624357039546936,0.006662435703954731,0.9999999999999944,optimal,False
SRU_1039,Mars_bakim_x2.0_sert,0.006662435703954747,0.006662435703954731,1.0000000000000024,optimal,False
SRU_1741,Mars_bakim_x2.0_sert,0.006662435703954747,0.006662435703954731,1.0000000000000024,optimal,False
SRU_1344,Mars_bakim_x2.0_sert,0.006662435703954747,0.006662435703954731,1.0000000000000024,optimal,False
SRU_0961,Mars_bakim_x2.0_sert,0.0,0.006662435703954731,0.0,optimal,True
SRU_2082,Mars_bakim_x2.0_sert,0.0066624357039548245,0.006662435703954731,1.000000000000014,optimal,False
SRU_1866,Mars_bakim_x2.0_sert,0.006662435703954922,0.006662435703954731,1.0000000000000286,optimal,False
SRU_1758,Mars_bakim_x2.0_sert,0.006662435703954922,0.006662435703954731,1.0000000000000286,optimal,False
SRU_1062,Mars_bakim_x2.0_sert,0.006662435703954922,0.006662435703954731,1.0000000000000286,optimal,False
SRU_1125,Mars_bakim_x2.0_sert,0.00666078909503137,0.006662435703954731,0.9997528518102796,optimal,False
SRU_0412,Mars_bakim_x2.0_sert,0.0,0.006662435703954731,0.0,optimal,True
SRU_1757,Mars_bakim_x2.0_sert,0.006662435703954593,0.006662435703954731,0.9999999999999793,optimal,False
SRU_1838,Mars_bakim_x2.0_sert,0.0,0.006662435703954731,0.0,optimal,True
SRU_1479,Mars_bakim_x2.0_sert,-4.163512424526044e-15,0.006662435703954731,-6.249234678624575e-13,optimal,True
SRU_2246,Mars_bakim_x2.0_sert,0.006662435703954809,0.006662435703954731,1.0000000000000118,optimal,False
SRU_1538,Mars_bakim_x2.0_sert,0.006662435703954704,0.006662435703954731,0.999999999999996,optimal,False
SRU_1287,Mars_bakim_x2.0_sert,0.006662435703954704,0.006662435703954731,0.999999999999996,optimal,False
SRU_0850,Mars_bakim_x2.0_sert,0.006662435703954704,0.006662435703954731,0.999999999999996,optimal,False
SRU_2708,Mars_bakim_x2.0_sert,0.006662435703954704,0.006662435703954731,0.999999999999996,optimal,False
SRU_1334,Mars_bakim_x2.0_sert,-1.7585158746137185e-17,0.006662435703954731,-2.639448923416833e-15,optimal,True
SRU_2171,Mars_bakim_x2.0_sert,0.006662435703954863,0.006662435703954731,1.0000000000000198,optimal,False
SRU_0036,Mars_bakim_x2.0_sert,0.0066624357039549035,0.006662435703954731,1.000000000000026,optimal,False
SRU_1443,Mars_bakim_x2.0_sert,0.0066624357039549035,0.006662435703954731,1.000000000000026,optimal,False
SRU_1858,Mars_bakim_x2.0_sert,0.0066624357039549035,0.006662435703954731,1.000000000000026,optimal,False
SRU_1513,Mars_bakim_x2.0_sert,0.0066624357039549035,0.006662435703954731,1.000000000000026,optimal,False
SRU_2380,Mars_bakim_x2.0_sert,0.0066624357039549035,0.006662435703954731,1.000000000000026,optimal,False
SRU_1827,Mars_bakim_x2.0_sert,1.6938254894574668e-15,0.006662435703954731,2.5423517234876055e-13,optimal,True
SRU_0459,Mars_bakim_x2.0_sert,0.006662435703954393,0.006662435703954731,0.9999999999999493,optimal,False
SRU_0975,Mars_bakim_x2.0_sert,0.006662435703954719,0.006662435703954731,0.9999999999999982,optimal,False
SRU_1153,Mars_bakim_x2.0_sert,0.0,0.006662435703954731,0.0,optimal,True
SRU_1163,Mars_bakim_x2.0_sert,0.006662435703954696,0.006662435703954731,0.9999999999999948,optimal,False
SRU_0113,Mars_bakim_x2.0_sert,0.0066624357039545,0.006662435703954731,0.9999999999999654,optimal,False
SRU_2131,Mars_bakim_x2.0_sert,0.0066624357039545,0.006662435703954731,0.9999999999999654,optimal,False
SRU_0857,Mars_bakim_x2.0_sert,0.0066624357039545,0.006662435703954731,0.9999999999999654,optimal,False
SRU_1689,Mars_bakim_x2.0_sert,0.0066624357039545,0.006662435703954731,0.9999999999999654,optimal,False
SRU_0690,Mars_bakim_x2.0_sert,5.111075581847994e-15,0.006662435703954731,7.671482035937892e-13,optimal,True
SRU_2559,Mars_bakim_x2.0_sert,0.006662435703954692,0.006662435703954731,0.9999999999999941,optimal,False
SRU_0956,Mars_bakim_x2.0_sert,0.006662435703954638,0.006662435703954731,0.9999999999999861,optimal,False
SRU_1350,Mars_bakim_x2.0_sert,-2.0571088319390726e-30,0.006662435703954731,-3.087622790442842e-28,optimal,True
SRU_1638,Mars_bakim_x2.0_sert,0.0,0.006662435703954731,0.0,optimal,True
SRU_2214,Mars_bakim_x2.0_sert,0.006662435703955236,0.006662435703954731,1.0000000000000757,optimal,False
SRU_1742,Mars_bakim_x2.0_sert,-3.011426270637693e-17,0.006662435703954731,-4.52000800375477e-15,optimal,True
SRU_2069,Mars_bakim_x2.0_sert,0.006342215046397978,0.006662435703954731,0.9519363980703522,optimal,False
SRU_0065,Mars_bakim_x2.0_sert,0.006662435703954167,0.006662435703954731,0.9999999999999154,optimal,False
SRU_0667,Mars_bakim_x2.0_sert,0.006662435703955013,0.006662435703954731,1.0000000000000424,optimal,False
SRU_0590,Mars_bakim_x2.0_sert,5.274527117476708e-18,0.006662435703954731,7.916815038598903e-16,optimal,True
SRU_1820,Mars_bakim_x2.0_sert,1.5394603082045682e-16,0.006662435703954731,2.3106569077893926e-14,optimal,True
SRU_1973,Mars_bakim_x2.0_sert,0.006662435703954476,0.006662435703954731,0.9999999999999617,optimal,False
SRU_2094,Mars_bakim_x2.0_sert,0.0,0.006662435703954731,0.0,optimal,True
SRU_0308,Mars_bakim_x2.0_sert,0.006662435703954957,0.006662435703954731,1.000000000000034,optimal,False
SRU_2306,Mars_bakim_x2.0_sert,0.0066624357039546875,0.006662435703954731,0.9999999999999934,optimal,False
SRU_0368,Mars_bakim_x2.0_sert,0.0066624357039546875,0.006662435703954731,0.9999999999999934,optimal,False
SRU_2422,Mars_bakim_x2.0_sert,0.0066624357039546875,0.006662435703954731,0.9999999999999934,optimal,False
SRU_1433,Mars_bakim_x2.0_sert,0.0066624357039546875,0.006662435703954731,0.9999999999999934,optimal,False
SRU_0487,Mars_bakim_x2.0_sert,0.006662135379284898,0.006662435703954731,0.9999549226914634,optimal,False
SRU_1571,Mars_bakim_x2.0_sert,0.006662435703954538,0.006662435703954731,0.9999999999999711,optimal,False
SRU_1544,Mars_bakim_x2.0_sert,0.006662435703954698,0.006662435703954731,0.999999999999995,optimal,False
SRU_1494,Mars_bakim_x2.0_sert,0.006662435703954698,0.006662435703954731,0.999999999999995,optimal,False
SRU_1209,Mars_bakim_x2.0_sert,0.006662435703954698,0.006662435703954731,0.999999999999995,optimal,False
SRU_1847,Mars_bakim_x2.0_sert,0.0,0.006662435703954731,0.0,optimal,True
SRU_0002,Mars_bakim_x2.0_sert,0.006662435703954468,0.006662435703954731,0.9999999999999606,optimal,False
SRU_1703,Mars_bakim_x2.0_sert,0.006662435703955007,0.006662435703954731,1.0000000000000413,optimal,False
SRU_2058,Mars_bakim_x2.0_sert,0.006662435703955007,0.006662435703954731,1.0000000000000413,optimal,False
SRU_1940,Mars_bakim_x2.0_sert,0.006662435703955007,0.006662435703954731,1.0000000000000413,optimal,False
SRU_2657,Mars_bakim_x2.0_sert,0.0,0.006662435703954731,0.0,optimal,True
SRU_0403,Mars_bakim_x2.0_sert,-2.620936643803451e-14,0.006662435703954731,-3.933901594348893e-12,optimal,True
SRU_2077,Mars_bakim_x2.0_sert,4.295016088402631e-18,0.006662435703954731,6.446615441036329e-16,optimal,True
SRU_2115,Mars_bakim_x2.0_sert,0.006662435703954361,0.006662435703954731,0.9999999999999445,optimal,False
SRU_2146,Mars_bakim_x2.0_sert,0.0,0.006662435703954731,0.0,optimal,True
SRU_2000,Mars_bakim_x2.0_sert,0.006662435703954512,0.006662435703954731,0.9999999999999671,optimal,False
SRU_1188,Mars_bakim_x2.0_sert,0.006662435703954896,0.006662435703954731,1.0000000000000246,optimal,False
SRU_2355,Mars_bakim_x2.0_sert,0.006662435703954896,0.006662435703954731,1.0000000000000246,optimal,False
SRU_1228,Mars_bakim_x2.0_sert,0.006662435703954896,0.006662435703954731,1.0000000000000246,optimal,False
SRU_1501,Mars_bakim_x2.0_sert,0.0,0.006662435703954731,0.0,optimal,True
SRU_1066,Mars_bakim_x2.0_sert,0.006662435703954574,0.006662435703954731,0.9999999999999765,optimal,False
SRU_2551,Mars_bakim_x2.0_sert,0.006662435703954538,0.006662435703954731,0.9999999999999711,optimal,False
SRU_1564,Mars_bakim_x2.0_sert,0.0,0.006662435703954731,0.0,optimal,True
SRU_1561,Mars_bakim_x2.0_sert,0.0,0.006662435703954731,0.0,optimal,True
SRU_1843,Mars_bakim_x2.0_sert,0.006662435703955119,0.006662435703954731,1.0000000000000584,optimal,False
SRU_0796,Mars_bakim_x2.0_sert,0.006662435703954871,0.006662435703954731,1.000000000000021,optimal,False
SRU_1420,Mars_bakim_x2.0_sert,0.006662435703954871,0.006662435703954731,1.000000000000021,optimal,False
SRU_0634,Mars_bakim_x2.0_sert,0.006662435703954871,0.006662435703954731,1.000000000000021,optimal,False
SRU_2429,Mars_bakim_x2.0_sert,0.006662435703954871,0.006662435703954731,1.000000000000021,optimal,False
SRU_0485,Mars_bakim_x2.0_sert,0.006662435703954871,0.006662435703954731,1.000000000000021,optimal,False
SRU_0663,Mars_bakim_x2.0_sert,-1.925345997054401e-17,0.006662435703954731,-2.8898530246401355e-15,optimal,True
SRU_0986,Mars_bakim_x2.0_sert,0.006662435703954845,0.006662435703954731,1.000000000000017,optimal,False
SRU_1057,Mars_bakim_x2.0_sert,0.0066624357039546415,0.006662435703954731,0.9999999999999866,optimal,False
SRU_1223,Mars_bakim_x2.0_sert,0.0,0.006662435703954731,0.0,optimal,True
SRU_1052,Mars_bakim_x2.0_sert,0.006662435703954432,0.006662435703954731,0.999999999999955,optimal,False
SRU_1618,Mars_bakim_x2.0_sert,0.006662435703954513,0.006662435703954731,0.9999999999999674,optimal,False
SRU_1761,Mars_bakim_x2.0_sert,0.006662435703954513,0.006662435703954731,0.9999999999999674,optimal,False
SRU_1265,Mars_bakim_x2.0_sert,0.006662435703954513,0.006662435703954731,0.9999999999999674,optimal,False
SRU_0131,Mars_bakim_x2.0_sert,1.6530155636023442e-16,0.006662435703954731,2.4810979603467493e-14,optimal,True
SRU_0746,Mars_bakim_x2.0_sert,0.00666243570395403,0.006662435703954731,0.9999999999998949,optimal,False
SRU_0709,Mars_bakim_x2.0_sert,0.006662435703955071,0.006662435703954731,1.000000000000051,optimal,False
SRU_1199,Mars_bakim_x2.0_sert,0.006662435703955071,0.006662435703954731,1.000000000000051,optimal,False
SRU_2845,Mars_bakim_x2.0_sert,0.006662435703955075,0.006662435703954731,1.0000000000000517,optimal,False
SRU_2301,Mars_bakim_x2.0_sert,-1.273967251326515e-30,0.006662435703954731,-1.912164421444706e-28,optimal,True
SRU_1435,Mars_bakim_x2.0_sert,0.0,0.006662435703954731,0.0,optimal,True
SRU_2360,Mars_bakim_x2.0_sert,0.005926783105981544,0.006662435703954731,0.8895820341595922,optimal,False
SRU_1224,Mars_bakim_x2.0_sert,0.006662435703954939,0.006662435703954731,1.0000000000000313,optimal,False
SRU_2147,Mars_bakim_x2.0_sert,0.0,0.006662435703954731,0.0,optimal,True
SRU_0400,Mars_bakim_x2.0_sert,0.006662435703954402,0.006662435703954731,0.9999999999999507,optimal,False
SRU_1282,Mars_bakim_x2.0_sert,0.00666243570395488,0.006662435703954731,1.0000000000000224,optimal,False
SRU_2022,Mars_bakim_x2.0_sert,0.00666243570395488,0.006662435703954731,1.0000000000000224,optimal,False
SRU_0822,Mars_bakim_x2.0_sert,0.00666243570395488,0.006662435703954731,1.0000000000000224,optimal,False
SRU_0897,Mars_bakim_x2.0_sert,0.00666243570395488,0.006662435703954731,1.0000000000000224,optimal,False
SRU_1947,Mars_bakim_x2.0_sert,0.00666243570395488,0.006662435703954731,1.0000000000000224,optimal,False
SRU_1652,Mars_bakim_x2.0_sert,2.2671250436466177e-31,0.006662435703954731,3.4028471633893344e-29,optimal,True
SRU_1068,Mars_bakim_x2.0_sert,0.006662435703954741,0.006662435703954731,1.0000000000000016,optimal,False
SRU_1496,Mars_bakim_x2.0_sert,0.0066624357039546805,0.006662435703954731,0.9999999999999925,optimal,False
SRU_1046,Mars_bakim_x2.0_sert,0.0066624357039546805,0.006662435703954731,0.9999999999999925,optimal,False
SRU_1161,Mars_bakim_x2.0_sert,0.0066624357039546805,0.006662435703954731,0.9999999999999925,optimal,False
SRU_0567,Mars_bakim_x2.0_sert,0.0066624357039546805,0.006662435703954731,0.9999999999999925,optimal,False
SRU_0335,Mars_bakim_x2.0_sert,0.0066624357039546805,0.006662435703954731,0.9999999999999925,optimal,False
SRU_2408,Mars_bakim_x2.0_sert,0.0066624357039546805,0.006662435703954731,0.9999999999999925,optimal,False
SRU_1880,Mars_bakim_x2.0_sert,0.0,0.006662435703954731,0.0,optimal,True
SRU_2363,Mars_bakim_x2.0_sert,0.0066624357039548575,0.006662435703954731,1.000000000000019,optimal,False
SRU_1236,Mars_bakim_x2.0_sert,0.006662435703955122,0.006662435703954731,1.0000000000000586,optimal,False
SRU_2148,Mars_bakim_x2.0_sert,2.0191167314275125e-16,0.006662435703954731,3.0305984494964694e-14,optimal,True
SRU_2436,Mars_bakim_x2.0_sert,0.0066624357039545895,0.006662435703954731,0.9999999999999788,optimal,False
SRU_2377,Mars_bakim_x2.0_sert,0.0,0.006662435703954731,0.0,optimal,True
SRU_0671,Mars_bakim_x2.0_sert,0.006662435703954624,0.006662435703954731,0.999999999999984,optimal,False
SRU_1795,Mars_bakim_x2.0_sert,0.00666243570395515,0.006662435703954731,1.0000000000000628,optimal,False
SRU_0012,Mars_bakim_x2.0_sert,0.00666243570395515,0.006662435703954731,1.0000000000000628,optimal,False
SRU_1118,Mars_bakim_x2.0_sert,0.00666243570395515,0.006662435703954731,1.0000000000000628,optimal,False
SRU_0556,Mars_bakim_x2.0_sert,1.8965595871334336e-31,0.006662435703954731,2.8466459886549624e-29,optimal,True
SRU_1517,Mars_bakim_x2.0_sert,0.0,0.006662435703954731,0.0,optimal,True
SRU_2660,Mars_bakim_x2.0_sert,0.006662435703955422,0.006662435703954731,1.0000000000001037,optimal,False
SRU_1155,Mars_bakim_x2.0_sert,0.006662435703955989,0.006662435703954731,1.000000000000189,optimal,False
SRU_1555,Mars_bakim_x2.0_sert,0.006662435703955208,0.006662435703954731,1.0000000000000715,optimal,False
SRU_0847,Mars_bakim_x2.0_sert,0.006662435703954877,0.006662435703954731,1.000000000000022,optimal,False
SRU_0938,Mars_bakim_x2.0_sert,0.006662435703954855,0.006662435703954731,1.0000000000000187,optimal,False
SRU_2294,Mars_bakim_x2.0_sert,0.006522503984140793,0.006662435703954731,0.9789969125359249,optimal,False
SRU_0742,Mars_bakim_x2.0_sert,0.00666243570395499,0.006662435703954731,1.0000000000000389,optimal,False
SRU_0301,Mars_bakim_x2.0_sert,0.0066624357039550336,0.006662435703954731,1.0000000000000455,optimal,False
SRU_0527,Mars_bakim_x2.0_sert,0.0066624357039550336,0.006662435703954731,1.0000000000000455,optimal,False
SRU_2755,Mars_bakim_x2.0_sert,-9.505331705552547e-32,0.006662435703954731,-1.4267052063122068e-29,optimal,True
SRU_0111,Mars_bakim_x2.0_sert,0.006662435703955146,0.006662435703954731,1.0000000000000624,optimal,False
SRU_1353,Mars_bakim_x2.0_sert,3.1668954978652325e-16,0.006662435703954731,4.7533599400972927e-14,optimal,True
SRU_1685,Mars_bakim_x2.0_sert,0.006662435703954834,0.006662435703954731,1.0000000000000155,optimal,False
SRU_0703,Mars_bakim_x2.0_sert,0.006662435703955321,0.006662435703954731,1.0000000000000886,optimal,False
SRU_2099,Mars_bakim_x2.0_sert,0.006662435703955321,0.006662435703954731,1.0000000000000886,optimal,False
SRU_1463,Mars_bakim_x2.0_sert,0.006662435703955321,0.006662435703954731,1.0000000000000886,optimal,False
SRU_2097,Mars_bakim_x2.0_sert,0.006662435703955321,0.006662435703954731,1.0000000000000886,optimal,False
SRU_1370,Mars_bakim_x2.0_sert,0.005926783105982953,0.006662435703954731,0.8895820341598036,optimal,False
SRU_1445,Mars_bakim_x2.0_sert,0.00666243570395484,0.006662435703954731,1.0000000000000164,optimal,False
SRU_1725,Mars_bakim_x2.0_sert,0.006662435703954943,0.006662435703954731,1.000000000000032,optimal,False
SRU_0568,Mars_bakim_x2.0_sert,1.7049681940345447e-16,0.006662435703954731,2.5590763945721816e-14,optimal,True
SRU_0787,Mars_bakim_x2.0_sert,0.006662435703954855,0.006662435703954731,1.0000000000000187,optimal,False
SRU_2221,Mars_bakim_x2.0_sert,0.0066624357039551585,0.006662435703954731,1.0000000000000642,optimal,False
SRU_1044,Mars_bakim_x2.0_sert,0.0066624357039551585,0.006662435703954731,1.0000000000000642,optimal,False
SRU_1412,Mars_bakim_x2.0_sert,2.0358154269864395e-17,0.006662435703954731,3.055662399530561e-15,optimal,True
SRU_1775,Mars_bakim_x2.0_sert,2.0218664494712505e-30,0.006662435703954731,3.0347256458641667e-28,optimal,True
SRU_1423,Mars_bakim_x2.0_sert,0.0066624357039536085,0.006662435703954731,0.9999999999998316,optimal,False
SRU_1326,Mars_bakim_x2.0_sert,0.006662435703954496,0.006662435703954731,0.9999999999999647,optimal,False
SRU_1227,Mars_bakim_x2.0_sert,0.006662435703954496,0.006662435703954731,0.9999999999999647,optimal,False
SRU_1051,Mars_bakim_x2.0_sert,0.006662435703954496,0.006662435703954731,0.9999999999999647,optimal,False
SRU_0890,Mars_bakim_x2.0_sert,0.006662435703954496,0.006662435703954731,0.9999999999999647,optimal,False
SRU_1045,Mars_bakim_x2.0_sert,0.006662435703954747,0.006662435703954731,1.0000000000000024,optimal,False
SRU_2766,Mars_bakim_x2.0_sert,0.0,0.006662435703954731,0.0,optimal,True
SRU_0542,Mars_bakim_x2.0_sert,0.006662435703956771,0.006662435703954731,1.0000000000003062,optimal,False
SRU_2127,Mars_bakim_x2.0_sert,3.0523035630528913e-17,0.006662435703954731,4.5813628809071816e-15,optimal,True
SRU_2794,Mars_bakim_x2.0_sert,0.0066624357039545045,0.006662435703954731,0.999999999999966,optimal,False
SRU_2348,Mars_bakim_x2.0_sert,0.0066624357039551125,0.006662435703954731,1.0000000000000573,optimal,False
SRU_0729,Mars_bakim_x2.0_sert,0.0066624357039551125,0.006662435703954731,1.0000000000000573,optimal,False
SRU_2295,Mars_bakim_x2.0_sert,0.0065225039841409925,0.006662435703954731,0.9789969125359549,optimal,False
SRU_1123,Mars_bakim_x2.0_sert,0.006662435703954868,0.006662435703954731,1.0000000000000207,optimal,False
SRU_2293,Mars_bakim_x2.0_sert,0.006522503984140484,0.006662435703954731,0.9789969125358786,optimal,False
SRU_1735,Mars_bakim_x2.0_sert,-2.647021417166819e-32,0.006662435703954731,-3.973053601996614e-30,optimal,True
SRU_1448,Mars_bakim_x2.0_sert,0.006662435703954854,0.006662435703954731,1.0000000000000184,optimal,False
SRU_0529,Mars_bakim_x2.0_sert,0.006662435703955056,0.006662435703954731,1.0000000000000488,optimal,False
SRU_0386,Mars_bakim_x2.0_sert,0.0,0.006662435703954731,0.0,optimal,True
SRU_1966,Mars_bakim_x2.0_sert,-1.3589932086839983e-17,0.006662435703954731,-2.0397843507552627e-15,optimal,True
SRU_1484,Mars_bakim_x2.0_sert,0.006662435703954508,0.006662435703954731,0.9999999999999666,optimal,False
SRU_0532,Mars_bakim_x2.0_sert,0.0,0.006662435703954731,0.0,optimal,True
SRU_1862,Mars_bakim_x2.0_sert,4.456827097687085e-16,0.006662435703954731,6.689486091462877e-14,optimal,True
SRU_0728,Mars_bakim_x2.0_sert,-2.456055047822661e-17,0.006662435703954731,-3.686422138925529e-15,optimal,True
SRU_1342,Mars_bakim_x2.0_sert,0.006662435703955779,0.006662435703954731,1.0000000000001572,optimal,False
SRU_0959,Mars_bakim_x2.0_sert,0.006662435703954825,0.006662435703954731,1.0000000000000142,optimal,False
SRU_1912,Mars_bakim_x2.0_sert,0.0,0.006662435703954731,0.0,optimal,True
SRU_2846,Mars_bakim_x2.0_sert,0.006662435703954304,0.006662435703954731,0.9999999999999359,optimal,False
SRU_1053,Mars_bakim_x2.0_sert,0.0066624357039551775,0.006662435703954731,1.000000000000067,optimal,False
SRU_2160,Mars_bakim_x2.0_sert,0.0066624357039551775,0.006662435703954731,1.000000000000067,optimal,False
SRU_1835,Mars_bakim_x2.0_sert,0.0066624357039551775,0.006662435703954731,1.000000000000067,optimal,False
SRU_2080,Mars_bakim_x2.0_sert,0.0066624357039551775,0.006662435703954731,1.000000000000067,optimal,False
SRU_1233,Mars_bakim_x2.0_sert,0.0066624357039551775,0.006662435703954731,1.000000000000067,optimal,False
SRU_1609,Mars_bakim_x2.0_sert,-6.823776450275537e-32,0.006662435703954731,-1.0242164808022142e-29,optimal,True
SRU_0804,Mars_bakim_x2.0_sert,0.0,0.006662435703954731,0.0,optimal,True
SRU_1116,Mars_bakim_x2.0_sert,0.0,0.006662435703954731,0.0,optimal,True
SRU_2426,Mars_bakim_x2.0_sert,0.0,0.006662435703954731,0.0,optimal,True
SRU_2239,Mars_bakim_x2.0_sert,0.0,0.006662435703954731,0.0,optimal,True
SRU_0396,Mars_bakim_x2.0_sert,0.006662435703954575,0.006662435703954731,0.9999999999999766,optimal,False
SRU_2430,Mars_bakim_x2.0_sert,0.006662435703954946,0.006662435703954731,1.0000000000000322,optimal,False
SRU_2743,Mars_bakim_x2.0_sert,0.006662435703954946,0.006662435703954731,1.0000000000000322,optimal,False
SRU_1130,Mars_bakim_x2.0_sert,0.006662435703954946,0.006662435703954731,1.0000000000000322,optimal,False
SRU_2787,Mars_bakim_x2.0_sert,0.006662435703954946,0.006662435703954731,1.0000000000000322,optimal,False
SRU_2111,Mars_bakim_x2.0_sert,0.006662435703954932,0.006662435703954731,1.0000000000000302,optimal,False
SRU_1961,Mars_bakim_x2.0_sert,0.006662435703955081,0.006662435703954731,1.0000000000000526,optimal,False
SRU_0905,Mars_bakim_x2.0_sert,0.006662435703955081,0.006662435703954731,1.0000000000000526,optimal,False
SRU_1503,Mars_bakim_x2.0_sert,0.006662435703955081,0.006662435703954731,1.0000000000000526,optimal,False
SRU_2076,Mars_bakim_x2.0_sert,0.006662435703955081,0.006662435703954731,1.0000000000000526,optimal,False
SRU_1456,Mars_bakim_x2.0_sert,0.006662435703955081,0.006662435703954731,1.0000000000000526,optimal,False
SRU_0521,Mars_bakim_x2.0_sert,6.9962055368576e-31,0.006662435703954731,1.050097268886925e-28,optimal,True
SRU_1594,Mars_bakim_x2.0_sert,0.006662435703954163,0.006662435703954731,0.9999999999999147,optimal,False
SRU_1142,Mars_bakim_x2.0_sert,0.006662435703954682,0.006662435703954731,0.9999999999999927,optimal,False
SRU_1014,Mars_bakim_x2.0_sert,0.006662435703954682,0.006662435703954731,0.9999999999999927,optimal,False
SRU_0558,Mars_bakim_x2.0_sert,0.0,0.006662435703954731,0.0,optimal,True
SRU_2100,Mars_bakim_x2.0_sert,0.006662435703954499,0.006662435703954731,0.9999999999999653,optimal,False
SRU_1303,Mars_bakim_x2.0_sert,0.006662435703954623,0.006662435703954731,0.9999999999999839,optimal,False
SRU_2784,Mars_bakim_x2.0_sert,0.006662435703954623,0.006662435703954731,0.9999999999999839,optimal,False
SRU_1791,Mars_bakim_x2.0_sert,0.006662435703954623,0.006662435703954731,0.9999999999999839,optimal,False
SRU_0824,Mars_bakim_x2.0_sert,0.0,0.006662435703954731,0.0,optimal,True
SRU_0855,Mars_bakim_x2.0_sert,0.006662435703954523,0.006662435703954731,0.9999999999999688,optimal,False
SRU_0674,Mars_bakim_x2.0_sert,0.0,0.006662435703954731,0.0,optimal,True
SRU_1970,Mars_bakim_x2.0_sert,0.006662435703954536,0.006662435703954731,0.9999999999999707,optimal,False
SRU_2199,Mars_bakim_x2.0_sert,0.00666243570395508,0.006662435703954731,1.0000000000000524,optimal,False
SRU_0600,Mars_bakim_x2.0_sert,0.00666243570395508,0.006662435703954731,1.0000000000000524,optimal,False
SRU_0505,Mars_bakim_x2.0_sert,0.00666243570395508,0.006662435703954731,1.0000000000000524,optimal,False
SRU_2184,Mars_bakim_x2.0_sert,6.503038126219694e-32,0.006662435703954731,9.760751795862855e-30,optimal,True
SRU_1366,Mars_bakim_x2.0_sert,0.006662435703954575,0.006662435703954731,0.9999999999999766,optimal,False
SRU_1670,Mars_bakim_x2.0_sert,0.006662435703954721,0.006662435703954731,0.9999999999999986,optimal,False
SRU_1701,Mars_bakim_x2.0_sert,0.006662435703954721,0.006662435703954731,0.9999999999999986,optimal,False
SRU_1042,Mars_bakim_x2.0_sert,0.006662435703954721,0.006662435703954731,0.9999999999999986,optimal,False
SRU_1963,Mars_bakim_x2.0_sert,0.006662435703954721,0.006662435703954731,0.9999999999999986,optimal,False
SRU_2202,Mars_bakim_x2.0_sert,0.006662435703954721,0.006662435703954731,0.9999999999999986,optimal,False
SRU_0756,Mars_bakim_x2.0_sert,0.006662435703954721,0.006662435703954731,0.9999999999999986,optimal,False
SRU_1705,Mars_bakim_x2.0_sert,0.006662435703954721,0.006662435703954731,0.9999999999999986,optimal,False
SRU_1906,Mars_bakim_x2.0_sert,0.006662435703952798,0.006662435703954731,0.9999999999997099,optimal,False
SRU_2296,Mars_bakim_x2.0_sert,0.006522503984140956,0.006662435703954731,0.9789969125359493,optimal,False
SRU_2444,Mars_bakim_x2.0_sert,0.006662435703954571,0.006662435703954731,0.999999999999976,optimal,False
SRU_0383,Mars_bakim_x2.0_sert,0.006662435703954814,0.006662435703954731,1.0000000000000124,optimal,False
SRU_0414,Mars_bakim_x2.0_sert,0.006662435703954844,0.006662435703954731,1.0000000000000169,optimal,False
SRU_0022,Mars_bakim_x2.0_sert,0.006662435703954844,0.006662435703954731,1.0000000000000169,optimal,False
SRU_0670,Mars_bakim_x2.0_sert,0.00666078909503129,0.006662435703954731,0.9997528518102676,optimal,False
SRU_2253,Mars_bakim_x2.0_sert,0.0,0.006662435703954731,0.0,optimal,True
SRU_1349,Mars_bakim_x2.0_sert,0.006662435703954175,0.006662435703954731,0.9999999999999165,optimal,False
SRU_0689,Mars_bakim_x2.0_sert,-3.8451248840726886e-31,0.006662435703954731,-5.771350081157669e-29,optimal,True
SRU_1198,Mars_bakim_x2.0_sert,0.006662435703955064,0.006662435703954731,1.00000000000005,optimal,False
SRU_2701,Mars_bakim_x2.0_sert,-2.6915874188508747e-30,0.006662435703954731,-4.039945056810357e-28,optimal,True
SRU_2695,Mars_bakim_x2.0_sert,0.0066624357039583495,0.006662435703954731,1.0000000000005431,optimal,False
SRU_1669,Mars_bakim_x2.0_sert,0.006662435703955078,0.006662435703954731,1.0000000000000522,optimal,False
SRU_2042,Mars_bakim_x2.0_sert,0.006662435703955078,0.006662435703954731,1.0000000000000522,optimal,False
SRU_1355,Mars_bakim_x2.0_sert,-3.1524788262790832e-30,0.006662435703954731,-4.731721199812578e-28,optimal,True
SRU_1497,Mars_bakim_x2.0_sert,0.0066624357039557006,0.006662435703954731,1.0000000000001454,optimal,False
SRU_0915,Mars_bakim_x2.0_sert,0.00666243570395539,0.006662435703954731,1.000000000000099,optimal,False
SRU_1855,Mars_bakim_x2.0_sert,0.00666243570395539,0.006662435703954731,1.000000000000099,optimal,False
SRU_1559,Mars_bakim_x2.0_sert,0.00666243570395539,0.006662435703954731,1.000000000000099,optimal,False
SRU_1786,Mars_bakim_x2.0_sert,0.00666243570395539,0.006662435703954731,1.000000000000099,optimal,False
SRU_0580,Mars_bakim_x2.0_sert,0.00666243570395539,0.006662435703954731,1.000000000000099,optimal,False
SRU_1477,Mars_bakim_x2.0_sert,0.00666243570395539,0.006662435703954731,1.000000000000099,optimal,False
SRU_1343,Mars_bakim_x2.0_sert,0.00666243570395539,0.006662435703954731,1.000000000000099,optimal,False
SRU_1367,Mars_bakim_x2.0_sert,0.00666243570395539,0.006662435703954731,1.000000000000099,optimal,False
SRU_0492,Mars_bakim_x2.0_sert,1.8442940050945158e-16,0.006662435703954731,2.768197828910781e-14,optimal,True
SRU_0960,Mars_bakim_x2.0_sert,0.006662435703954761,0.006662435703954731,1.0000000000000047,optimal,False
SRU_0791,Mars_bakim_x2.0_sert,0.0066624357039547655,0.006662435703954731,1.000000000000005,optimal,False
SRU_2303,Mars_bakim_x2.0_sert,0.0066624357039547655,0.006662435703954731,1.000000000000005,optimal,False
SRU_2793,Mars_bakim_x2.0_sert,0.0066624357039547655,0.006662435703954731,1.000000000000005,optimal,False
SRU_2530,Mars_bakim_x2.0_sert,0.0066624357039547655,0.006662435703954731,1.000000000000005,optimal,False
SRU_0313,Mars_bakim_x2.0_sert,0.0066624357039547655,0.006662435703954731,1.000000000000005,optimal,False
SRU_0332,Mars_bakim_x2.0_sert,0.0066624357039547655,0.006662435703954731,1.000000000000005,optimal,False
SRU_0864,Mars_bakim_x2.0_sert,0.0066624357039547655,0.006662435703954731,1.000000000000005,optimal,False
SRU_0042,Mars_bakim_x2.0_sert,0.0,0.006662435703954731,0.0,optimal,True
SRU_1081,Mars_bakim_x2.0_sert,0.0,0.006662435703954731,0.0,optimal,True
SRU_1162,Mars_bakim_x2.0_sert,0.006662435703954736,0.006662435703954731,1.0000000000000009,optimal,False
SRU_2420,Mars_bakim_x2.0_sert,0.006662435703954837,0.006662435703954731,1.000000000000016,optimal,False
SRU_1859,Mars_bakim_x2.0_sert,0.0,0.006662435703954731,0.0,optimal,True
SRU_1189,Mars_bakim_x2.0_sert,0.0066624357039549165,0.006662435703954731,1.0000000000000278,optimal,False
SRU_2210,Mars_bakim_x2.0_sert,0.0066624357039548115,0.006662435703954731,1.0000000000000122,optimal,False
SRU_0619,Mars_bakim_x2.0_sert,0.0066624357039548115,0.006662435703954731,1.0000000000000122,optimal,False
SRU_0348,Mars_bakim_x2.0_sert,0.0066624357039548115,0.006662435703954731,1.0000000000000122,optimal,False
SRU_0761,Mars_bakim_x2.0_sert,0.0066624357039548115,0.006662435703954731,1.0000000000000122,optimal,False
SRU_0398,Mars_bakim_x2.0_sert,0.0066624357039548115,0.006662435703954731,1.0000000000000122,optimal,False
SRU_0815,Mars_bakim_x2.0_sert,0.0066624357039548115,0.006662435703954731,1.0000000000000122,optimal,False
SRU_1138,Mars_bakim_x2.0_sert,0.0066624357039548115,0.006662435703954731,1.0000000000000122,optimal,False
SRU_0275,Mars_bakim_x2.0_sert,0.006662435703955177,0.006662435703954731,1.0000000000000668,optimal,False
SRU_0736,Mars_bakim_x2.0_sert,1.8172266608061108e-17,0.006662435703954731,2.727571028906785e-15,optimal,True
SRU_1620,Mars_bakim_x2.0_sert,-1.2460750636337407e-15,0.006662435703954731,-1.8702995706121224e-13,optimal,True
SRU_0936,Mars_bakim_x2.0_sert,0.006662435703954709,0.006662435703954731,0.9999999999999968,optimal,False
SRU_1724,Mars_bakim_x2.0_sert,0.006662435703954914,0.006662435703954731,1.0000000000000275,optimal,False
SRU_1842,Mars_bakim_x2.0_sert,0.006662435703954914,0.006662435703954731,1.0000000000000275,optimal,False
SRU_2277,Mars_bakim_x2.0_sert,3.4685749640344847e-16,0.006662435703954731,5.2061665105084405e-14,optimal,True
SRU_2075,Mars_bakim_x2.0_sert,0.006662435703954558,0.006662435703954731,0.9999999999999741,optimal,False
SRU_1854,Mars_bakim_x2.0_sert,0.006662435703955014,0.006662435703954731,1.0000000000000424,optimal,False
SRU_1286,Mars_bakim_x2.0_sert,0.006662435703955014,0.006662435703954731,1.0000000000000424,optimal,False
SRU_0080,Mars_bakim_x2.0_sert,0.0,0.006662435703954731,0.0,optimal,True
SRU_2405,Mars_bakim_x2.0_sert,0.0066624357039549815,0.006662435703954731,1.0000000000000375,optimal,False
SRU_2367,Mars_bakim_x2.0_sert,0.006662435703953528,0.006662435703954731,0.9999999999998195,optimal,False
SRU_0692,Mars_bakim_x2.0_sert,0.006662435703953528,0.006662435703954731,0.9999999999998195,optimal,False
SRU_2197,Mars_bakim_x2.0_sert,-6.574651433687411e-16,0.006662435703954731,-9.868239973835376e-14,optimal,True
SRU_0576,Mars_bakim_x2.0_sert,0.0,0.006662435703954731,0.0,optimal,True
SRU_1971,Mars_bakim_x2.0_sert,0.006662435703954588,0.006662435703954731,0.9999999999999786,optimal,False
SRU_2317,Mars_bakim_x2.0_sert,-7.221899009637756e-16,0.006662435703954731,-1.0839727887131331e-13,optimal,True
SRU_1296,Mars_bakim_x2.0_sert,0.006662435703955683,0.006662435703954731,1.000000000000143,optimal,False
SRU_1665,Mars_bakim_x2.0_sert,-6.557277273336951e-16,0.006662435703954731,-9.84216218318571e-14,optimal,True
SRU_1473,Mars_bakim_x2.0_sert,0.006662435703954951,0.006662435703954731,1.000000000000033,optimal,False
SRU_0933,Mars_bakim_x2.0_sert,0.0066624357039539546,0.006662435703954731,0.9999999999998835,optimal,False
SRU_1035,Mars_bakim_x2.0_sert,0.0066624357039539546,0.006662435703954731,0.9999999999998835,optimal,False
SRU_0132,Mars_bakim_x2.0_sert,0.0066624357039539546,0.006662435703954731,0.9999999999998835,optimal,False
SRU_0177,Mars_bakim_x2.0_sert,0.0066624357039539546,0.006662435703954731,0.9999999999998835,optimal,False
SRU_1055,Mars_bakim_x2.0_sert,0.0066624357039539546,0.006662435703954731,0.9999999999998835,optimal,False
SRU_1013,Mars_bakim_x2.0_sert,-8.908120018516125e-16,0.006662435703954731,-1.3370665645941448e-13,optimal,True
SRU_0686,Mars_bakim_x2.0_sert,0.006662435703954217,0.006662435703954731,0.999999999999923,optimal,False
SRU_1430,Mars_bakim_x2.0_sert,-8.908120018516125e-16,0.006662435703954731,-1.3370665645941448e-13,optimal,True
SRU_0660,Mars_bakim_x2.0_sert,0.006662435703955984,0.006662435703954731,1.000000000000188,optimal,False
SRU_1170,Mars_bakim_x2.0_sert,0.006662435703954222,0.006662435703954731,0.9999999999999236,optimal,False
SRU_1832,Mars_bakim_x2.0_sert,0.006662435703955062,0.006662435703954731,1.0000000000000497,optimal,False
SRU_2216,Mars_bakim_x2.0_sert,0.006662435703955062,0.006662435703954731,1.0000000000000497,optimal,False
SRU_1708,Mars_bakim_x2.0_sert,0.006662435703955062,0.006662435703954731,1.0000000000000497,optimal,False
SRU_1668,Mars_bakim_x2.0_sert,4.63118461084469e-31,0.006662435703954731,6.951188449136826e-29,optimal,True
SRU_1740,Mars_bakim_x2.0_sert,0.006662435703954829,0.006662435703954731,1.0000000000000147,optimal,False
SRU_2039,Mars_bakim_x2.0_sert,0.0066624357039551906,0.006662435703954731,1.000000000000069,optimal,False
SRU_2044,Mars_bakim_x2.0_sert,0.006662435703954863,0.006662435703954731,1.0000000000000198,optimal,False
SRU_0653,Mars_bakim_x2.0_sert,0.006662435703954863,0.006662435703954731,1.0000000000000198,optimal,False
SRU_1460,Mars_bakim_x2.0_sert,0.006662435703954863,0.006662435703954731,1.0000000000000198,optimal,False
SRU_1058,Mars_bakim_x2.0_sert,0.006662435703954863,0.006662435703954731,1.0000000000000198,optimal,False
SRU_0043,Mars_bakim_x2.0_sert,2.600849910302268e-31,0.006662435703954731,3.9037523600542055e-29,optimal,True
SRU_2128,Mars_bakim_x2.0_sert,0.0,0.006662435703954731,0.0,optimal,True
SRU_1169,Mars_bakim_x2.0_sert,0.00666243570395659,0.006662435703954731,1.0000000000002789,optimal,False
SRU_0238,Mars_bakim_x2.0_sert,0.006662435703955008,0.006662435703954731,1.0000000000000417,optimal,False
SRU_1788,Mars_bakim_x2.0_sert,0.006662435703955008,0.006662435703954731,1.0000000000000417,optimal,False
SRU_0989,Mars_bakim_x2.0_sert,0.006662435703954647,0.006662435703954731,0.9999999999999873,optimal,False
SRU_0682,Mars_bakim_x2.0_sert,2.9923789815862543e-16,0.006662435703954731,4.4914189262794973e-14,optimal,True
SRU_0808,Mars_bakim_x2.0_sert,0.006662435703954845,0.006662435703954731,1.000000000000017,optimal,False
SRU_0602,Mars_bakim_x2.0_sert,0.006662435703954973,0.006662435703954731,1.0000000000000364,optimal,False
SRU_2807,Mars_bakim_x2.0_sert,0.006662435703954973,0.006662435703954731,1.0000000000000364,optimal,False
SRU_0895,Mars_bakim_x2.0_sert,0.006662435703954973,0.006662435703954731,1.0000000000000364,optimal,False
SRU_1413,Mars_bakim_x2.0_sert,0.006662435703954973,0.006662435703954731,1.0000000000000364,optimal,False
SRU_1894,Mars_bakim_x2.0_sert,0.006662435703954973,0.006662435703954731,1.0000000000000364,optimal,False
SRU_0979,Mars_bakim_x2.0_sert,0.006662435703954973,0.006662435703954731,1.0000000000000364,optimal,False
SRU_0028,Mars_bakim_x2.0_sert,1.4911633677524128e-16,0.006662435703954731,2.2381654908388514e-14,optimal,True
SRU_1621,Mars_bakim_x2.0_sert,8.288389541492498e-15,0.006662435703954731,1.2440479593030253e-12,optimal,True
SRU_1260,Mars_bakim_x2.0_sert,0.00666243570395462,0.006662435703954731,0.9999999999999833,optimal,False
SRU_0323,Mars_bakim_x2.0_sert,0.006662435703955705,0.006662435703954731,1.000000000000146,optimal,False
SRU_1872,Mars_bakim_x2.0_sert,-7.49840795793119e-18,0.006662435703954731,-1.125475470401949e-15,optimal,True
SRU_0326,Mars_bakim_x2.0_sert,0.00666243570395436,0.006662435703954731,0.9999999999999443,optimal,False
SRU_1210,Mars_bakim_x2.0_sert,0.006662435703954715,0.006662435703954731,0.9999999999999977,optimal,False
SRU_1745,Mars_bakim_x2.0_sert,0.006662435703954715,0.006662435703954731,0.9999999999999977,optimal,False
SRU_1684,Mars_bakim_x2.0_sert,1.3841543943428893e-31,0.006662435703954731,2.077550097063262e-29,optimal,True
SRU_2068,Mars_bakim_x2.0_sert,0.006662435703954862,0.006662435703954731,1.0000000000000198,optimal,False
SRU_2152,Mars_bakim_x2.0_sert,0.006662435703954597,0.006662435703954731,0.9999999999999799,optimal,False
SRU_1027,Mars_bakim_x2.0_sert,0.006662435703954597,0.006662435703954731,0.9999999999999799,optimal,False
SRU_0479,Mars_bakim_x2.0_sert,0.006662435703954937,0.006662435703954731,1.000000000000031,optimal,False
SRU_0605,Mars_bakim_x2.0_sert,0.006662435703954937,0.006662435703954731,1.000000000000031,optimal,False
SRU_1133,Mars_bakim_x2.0_sert,0.006662435703954937,0.006662435703954731,1.000000000000031,optimal,False
SRU_0597,Mars_bakim_x2.0_sert,0.006662435703955297,0.006662435703954731,1.000000000000085,optimal,False
SRU_0538,Mars_bakim_x2.0_sert,0.006662435703955297,0.006662435703954731,1.000000000000085,optimal,False
Unknown,Mars_bakim_x2.0_sert,0.0059267831059824925,0.006662435703954731,0.8895820341597346,optimal,False
SRU_0947,Mars_bakim_x2.0_sert,0.00666243570395521,0.006662435703954731,1.000000000000072,optimal,False
SRU_1257,Mars_bakim_x2.0_sert,0.006662435703955297,0.006662435703954731,1.000000000000085,optimal,False
SRU_0544,Mars_bakim_x2.0_sert,0.006662435703955297,0.006662435703954731,1.000000000000085,optimal,False
SRU_1913,Mars_bakim_x2.0_sert,2.275134486461065e-28,0.006662435703954731,3.4148689571751907e-26,optimal,True
SRU_0722,Mars_bakim_x2.0_sert,0.006662435703954533,0.006662435703954731,0.9999999999999704,optimal,False
SRU_0557,Mars_bakim_x2.0_sert,-7.389731525367887e-19,0.006662435703954731,-1.109163653313974e-16,optimal,True
SRU_2149,Mars_bakim_x2.0_sert,0.0066624357039545305,0.006662435703954731,0.9999999999999699,optimal,False
SRU_0337,Mars_bakim_x2.0_sert,3.93742360700756e-18,0.006662435703954731,5.909886086661008e-16,optimal,True
SRU_0001,Mars_bakim_x2.0_sert,0.006662435703954514,0.006662435703954731,0.9999999999999675,optimal,False
SRU_1664,Mars_bakim_x2.0_sert,0.006662435703954884,0.006662435703954731,1.000000000000023,optimal,False
SRU_0041,Mars_bakim_x2.0_sert,7.050613416197303e-17,0.006662435703954731,1.0582636335255222e-14,optimal,True
SRU_0020,Mars_bakim_x2.0_sert,0.006662435703956801,0.006662435703954731,1.0000000000003109,optimal,False
SRU_0550,Mars_bakim_x2.0_sert,0.006662435703954922,0.006662435703954731,1.0000000000000286,optimal,False
SRU_1080,Mars_bakim_x2.0_sert,7.535203882944537e-31,0.006662435703954731,1.1309983642276267e-28,optimal,True
SRU_1302,Mars_bakim_x2.0_sert,0.006662435703957145,0.006662435703954731,1.0000000000003624,optimal,False
SRU_1149,Mars_bakim_x2.0_sert,0.006662435703955255,0.006662435703954731,1.0000000000000786,optimal,False
SRU_0419,Mars_bakim_x2.0_sert,9.523971857129222e-18,0.006662435703954731,1.429503004655778e-15,optimal,True
SRU_1714,Mars_bakim_x2.0_sert,0.0,0.006662435703954731,0.0,optimal,True
SRU_0372,Mars_bakim_x2.0_sert,0.006662435703954211,0.006662435703954731,0.9999999999999221,optimal,False
SRU_0685,Mars_bakim_x2.0_sert,-2.3155349212798697e-17,0.006662435703954731,-3.475508093692221e-15,optimal,True
SRU_1049,Mars_bakim_x2.0_sert,0.006662435703954716,0.006662435703954731,0.9999999999999978,optimal,False
SRU_1476,Mars_bakim_x2.0_sert,0.006662435703954658,0.006662435703954731,0.999999999999989,optimal,False
SRU_1225,Mars_bakim_x2.0_sert,0.006662435703954658,0.006662435703954731,0.999999999999989,optimal,False
SRU_1939,Mars_bakim_x2.0_sert,0.006662435703954658,0.006662435703954731,0.999999999999989,optimal,False
SRU_1038,Mars_bakim_x2.0_sert,0.006662435703954658,0.006662435703954731,0.999999999999989,optimal,False
SRU_0955,Mars_bakim_x2.0_sert,0.006662435703954658,0.006662435703954731,0.999999999999989,optimal,False
SRU_2154,Mars_bakim_x2.0_sert,0.006662435703954658,0.006662435703954731,0.999999999999989,optimal,False
SRU_1018,Mars_bakim_x2.0_sert,-1.0238175387246082e-17,0.006662435703954731,-1.5367015671414046e-15,optimal,True
SRU_0484,Mars_bakim_x2.0_sert,0.006662135379284928,0.006662435703954731,0.9999549226914678,optimal,False
SRU_2799,Mars_bakim_x2.0_sert,0.006662435703954573,0.006662435703954731,0.9999999999999764,optimal,False
SRU_1112,Mars_bakim_x2.0_sert,0.006662435703954751,0.006662435703954731,1.0000000000000029,optimal,False
SRU_1666,Mars_bakim_x2.0_sert,-6.1901432587223695e-18,0.006662435703954731,-9.29111143999181e-16,optimal,True
SRU_2721,Mars_bakim_x2.0_sert,0.006662435703954825,0.006662435703954731,1.0000000000000142,optimal,False
SRU_1856,Mars_bakim_x2.0_sert,0.006662435703954968,0.006662435703954731,1.0000000000000355,optimal,False
SRU_0589,Mars_bakim_x2.0_sert,0.006662435703954968,0.006662435703954731,1.0000000000000355,optimal,False
SRU_0651,Mars_bakim_x2.0_sert,0.006662435703954968,0.006662435703954731,1.0000000000000355,optimal,False
SRU_1415,Mars_bakim_x2.0_sert,-1.0887689781763466e-18,0.006662435703954731,-1.634190597186654e-16,optimal,True
SRU_0775,Mars_bakim_x2.0_sert,0.006662435703954728,0.006662435703954731,0.9999999999999996,optimal,False
SRU_1411,Mars_bakim_x2.0_sert,1.432284963354406e-16,0.006662435703954731,2.1497917983722097e-14,optimal,True
SRU_1285,Mars_bakim_x2.0_sert,0.0066624357039548185,0.006662435703954731,1.000000000000013,optimal,False
SRU_1252,Mars_bakim_x2.0_sert,0.006662435703955159,0.006662435703954731,1.0000000000000644,optimal,False
SRU_0045,Mars_bakim_x2.0_sert,6.319470736177324e-32,0.006662435703954731,9.485225849798704e-30,optimal,True
SRU_1200,Mars_bakim_x2.0_sert,0.006662435703954119,0.006662435703954731,0.9999999999999082,optimal,False
SRU_1905,Mars_bakim_x2.0_sert,0.006662435703954912,0.006662435703954731,1.0000000000000273,optimal,False
SRU_1792,Mars_bakim_x2.0_sert,0.006662435703955123,0.006662435703954731,1.0000000000000588,optimal,False
SRU_0697,Mars_bakim_x2.0_sert,0.006662435703955123,0.006662435703954731,1.0000000000000588,optimal,False
SRU_1617,Mars_bakim_x2.0_sert,0.006662435703955123,0.006662435703954731,1.0000000000000588,optimal,False
SRU_1323,Mars_bakim_x2.0_sert,0.006662435703955123,0.006662435703954731,1.0000000000000588,optimal,False
SRU_0717,Mars_bakim_x2.0_sert,0.006662435703955123,0.006662435703954731,1.0000000000000588,optimal,False
SRU_2153,Mars_bakim_x2.0_sert,1.755861115216847e-32,0.006662435703954731,2.6354642554743035e-30,optimal,True
SRU_2806,Mars_bakim_x2.0_sert,0.006662435703955112,0.006662435703954731,1.000000000000057,optimal,False
SRU_2497,Mars_bakim_x2.0_sert,0.0066624357039549815,0.006662435703954731,1.0000000000000375,optimal,False
SRU_2319,Mars_bakim_x2.0_sert,0.0066624357039549815,0.006662435703954731,1.0000000000000375,optimal,False
SRU_0969,Mars_bakim_x2.0_sert,6.371906995611725e-16,0.006662435703954731,9.563930188218474e-14,optimal,True
SRU_1547,Mars_bakim_x2.0_sert,0.006662435703954851,0.006662435703954731,1.000000000000018,optimal,False
SRU_0239,Mars_bakim_x2.0_sert,0.006662435703954564,0.006662435703954731,0.999999999999975,optimal,False
SRU_0385,Mars_bakim_x2.0_sert,0.006662435703954565,0.006662435703954731,0.9999999999999751,optimal,False
SRU_0828,Mars_bakim_x2.0_sert,4.568138260315469e-16,0.006662435703954731,6.856558867208106e-14,optimal,True
SRU_0486,Mars_bakim_x2.0_sert,0.00666213537928297,0.006662435703954731,0.9999549226911739,optimal,False
SRU_1796,Mars_bakim_x2.0_sert,0.006662435703954486,0.006662435703954731,0.9999999999999633,optimal,False
SRU_0825,Mars_bakim_x2.0_sert,0.006662435703954504,0.006662435703954731,0.9999999999999659,optimal,False
SRU_0561,Mars_bakim_x2.0_sert,1.8647506204733409e-16,0.006662435703954731,2.79890223836074e-14,optimal,True
SRU_1616,Mars_bakim_x2.0_sert,0.006662435703954769,0.006662435703954731,1.0000000000000058,optimal,False
SRU_1173,Mars_bakim_x2.0_sert,0.006662435703955192,0.006662435703954731,1.0000000000000693,optimal,False
SRU_0560,Mars_bakim_x2.0_sert,7.555803560791093e-18,0.006662435703954731,1.1340902781705002e-15,optimal,True
SRU_1215,Mars_bakim_x2.0_sert,0.0,0.006662435703954731,0.0,optimal,True
SRU_0496,Mars_bakim_x2.0_sert,0.00666243570395462,0.006662435703954731,0.9999999999999833,optimal,False
SRU_2207,Mars_bakim_x2.0_sert,0.006662435703954771,0.006662435703954731,1.000000000000006,optimal,False
SRU_0838,Mars_bakim_x2.0_sert,0.006662435703954771,0.006662435703954731,1.000000000000006,optimal,False
SRU_0569,Mars_bakim_x2.0_sert,0.0,0.006662435703954731,0.0,optimal,True
SRU_2791,Mars_bakim_x2.0_sert,0.0,0.006662435703954731,0.0,optimal,True
SRU_2150,Mars_bakim_x2.0_sert,0.006662435703954423,0.006662435703954731,0.9999999999999538,optimal,False
SRU_2681,Mars_bakim_x2.0_sert,0.006662435703954463,0.006662435703954731,0.9999999999999598,optimal,False
SRU_0422,Mars_bakim_x2.0_sert,0.0,0.006662435703954731,0.0,optimal,True
SRU_0874,Mars_bakim_x2.0_sert,0.006662435703954561,0.006662435703954731,0.9999999999999745,optimal,False
SRU_0037,Mars_bakim_x2.0_sert,0.006662435703954955,0.006662435703954731,1.0000000000000335,optimal,False
SRU_2342,Mars_bakim_x2.0_sert,-7.711318615505361e-18,0.006662435703954731,-1.157432350293156e-15,optimal,True
SRU_1556,Mars_bakim_x2.0_sert,0.006662435703954781,0.006662435703954731,1.0000000000000075,optimal,False
SRU_0481,Mars_bakim_x2.0_sert,0.006662435703954955,0.006662435703954731,1.0000000000000335,optimal,False
SRU_1630,Mars_bakim_x2.0_sert,0.006662435703954955,0.006662435703954731,1.0000000000000335,optimal,False
SRU_1557,Mars_bakim_x2.0_sert,0.006662435703954955,0.006662435703954731,1.0000000000000335,optimal,False
SRU_0300,Mars_bakim_x2.0_sert,0.006662435703954955,0.006662435703954731,1.0000000000000335,optimal,False
SRU_1237,Mars_bakim_x2.0_sert,0.006662435703954955,0.006662435703954731,1.0000000000000335,optimal,False
SRU_1267,Mars_bakim_x2.0_sert,0.006662435703954955,0.006662435703954731,1.0000000000000335,optimal,False
SRU_1048,Mars_bakim_x2.0_sert,0.006662435703954917,0.006662435703954731,1.000000000000028,optimal,False
SRU_0364,Mars_bakim_x2.0_sert,0.006662435703954917,0.006662435703954731,1.000000000000028,optimal,False
SRU_0922,Mars_bakim_x2.0_sert,0.006662435703954917,0.006662435703954731,1.000000000000028,optimal,False
SRU_0839,Mars_bakim_x2.0_sert,0.006662435703954917,0.006662435703954731,1.000000000000028,optimal,False
SRU_0811,Mars_bakim_x2.0_sert,-4.5023775341551975e-32,0.006662435703954731,-6.757855136196883e-30,optimal,True
SRU_1229,Mars_bakim_x2.0_sert,0.006662435703954594,0.006662435703954731,0.9999999999999795,optimal,False
SRU_0322,Mars_bakim_x2.0_sert,0.006662435703954976,0.006662435703954731,1.0000000000000369,optimal,False
SRU_0393,Mars_bakim_x2.0_sert,0.006662435703954976,0.006662435703954731,1.0000000000000369,optimal,False
SRU_0980,Mars_bakim_x2.0_sert,0.006662435703954976,0.006662435703954731,1.0000000000000369,optimal,False
SRU_1363,Mars_bakim_x2.0_sert,9.801319924271638e-32,0.006662435703954731,1.471131634103982e-29,optimal,True
SRU_1006,Mars_bakim_x2.0_sert,0.006662435703954531,0.006662435703954731,0.99999999999997,optimal,False
SRU_2541,Mars_bakim_x2.0_sert,0.006662435703954976,0.006662435703954731,1.0000000000000369,optimal,False
SRU_2344,Mars_bakim_x2.0_sert,0.006662435703954976,0.006662435703954731,1.0000000000000369,optimal,False
SRU_0931,Mars_bakim_x2.0_sert,0.006662435703954976,0.006662435703954731,1.0000000000000369,optimal,False
SRU_2217,Mars_bakim_x2.0_sert,-5.902637147318371e-33,0.006662435703954731,-8.859578402857451e-31,optimal,True
SRU_1444,Mars_bakim_x2.0_sert,0.006662435703954818,0.006662435703954731,1.000000000000013,optimal,False
SRU_1030,Mars_bakim_x2.0_sert,0.006662435703954976,0.006662435703954731,1.0000000000000369,optimal,False
SRU_2220,Mars_bakim_x2.0_sert,-5.902637147318371e-33,0.006662435703954731,-8.859578402857451e-31,optimal,True
SRU_1710,Mars_bakim_x2.0_sert,0.006662435703954388,0.006662435703954731,0.9999999999999486,optimal,False
SRU_0710,Mars_bakim_x2.0_sert,0.00666243570395455,0.006662435703954731,0.9999999999999728,optimal,False
SRU_2060,Mars_bakim_x2.0_sert,0.0,0.006662435703954731,0.0,optimal,True
SRU_0963,Mars_bakim_x2.0_sert,0.0,0.006662435703954731,0.0,optimal,True
SRU_2693,Mars_bakim_x2.0_sert,0.006662435703954673,0.006662435703954731,0.9999999999999912,optimal,False
SRU_2205,Mars_bakim_x2.0_sert,0.006662435703954463,0.006662435703954731,0.9999999999999598,optimal,False
SRU_0423,Mars_bakim_x2.0_sert,0.006662435703954463,0.006662435703954731,0.9999999999999598,optimal,False
SRU_1709,Mars_bakim_x2.0_sert,0.006662435703954463,0.006662435703954731,0.9999999999999598,optimal,False
SRU_1211,Mars_bakim_x2.0_sert,0.006662435703954463,0.006662435703954731,0.9999999999999598,optimal,False
SRU_2219,Mars_bakim_x2.0_sert,0.006662435703954463,0.006662435703954731,0.9999999999999598,optimal,False
SRU_2812,Mars_bakim_x2.0_sert,0.006662435703954463,0.006662435703954731,0.9999999999999598,optimal,False
SRU_0608,Mars_bakim_x2.0_sert,0.006662435703954463,0.006662435703954731,0.9999999999999598,optimal,False
SRU_1514,Mars_bakim_x2.0_sert,0.006662435703954463,0.006662435703954731,0.9999999999999598,optimal,False
SRU_1614,Mars_bakim_x2.0_sert,0.006662435703954463,0.006662435703954731,0.9999999999999598,optimal,False
SRU_2709,Mars_bakim_x2.0_sert,0.006662435703954463,0.006662435703954731,0.9999999999999598,optimal,False
SRU_1050,Mars_bakim_x2.0_sert,0.006662435703954463,0.006662435703954731,0.9999999999999598,optimal,False
SRU_1744,Mars_bakim_x2.0_sert,0.006662435703954463,0.006662435703954731,0.9999999999999598,optimal,False
SRU_0573,Mars_bakim_x2.0_sert,0.006662435703954462,0.006662435703954731,0.9999999999999596,optimal,False
SRU_2761,Mars_bakim_x2.0_sert,0.006662435703954719,0.006662435703954731,0.9999999999999982,optimal,False
SRU_0691,Mars_bakim_x2.0_sert,0.006662435703954719,0.006662435703954731,0.9999999999999982,optimal,False
SRU_0461,Mars_bakim_x2.0_sert,0.006662435703954719,0.006662435703954731,0.9999999999999982,optimal,False
SRU_2203,Mars_bakim_x2.0_sert,0.006662435703954719,0.006662435703954731,0.9999999999999982,optimal,False
SRU_1554,Mars_bakim_x2.0_sert,0.0,0.006662435703954731,0.0,optimal,True
SRU_1384,Mars_bakim_x2.0_sert,0.006662435703954682,0.006662435703954731,0.9999999999999927,optimal,False
SRU_1218,Mars_bakim_x2.0_sert,0.006662435703954835,0.006662435703954731,1.0000000000000155,optimal,False
SRU_1552,Mars_bakim_x3.0_orta,0.027960824540692358,0.027960824540692625,0.9999999999999905,optimal,False
SRU_0970,Mars_bakim_x3.0_orta,0.027960824540692358,0.027960824540692625,0.9999999999999905,optimal,False
SRU_0078,Mars_bakim_x3.0_orta,0.027960824540692368,0.027960824540692625,0.9999999999999908,optimal,False
SRU_2218,Mars_bakim_x3.0_orta,0.02796082454069297,0.027960824540692625,1.0000000000000122,optimal,False
SRU_0846,Mars_bakim_x3.0_orta,0.02796082454069297,0.027960824540692625,1.0000000000000122,optimal,False
SRU_2369,Mars_bakim_x3.0_orta,0.02796082454069297,0.027960824540692625,1.0000000000000122,optimal,False
SRU_1457,Mars_bakim_x3.0_orta,0.02796082454069297,0.027960824540692625,1.0000000000000122,optimal,False
SRU_1269,Mars_bakim_x3.0_orta,0.02796082454069297,0.027960824540692625,1.0000000000000122,optimal,False
SRU_1553,Mars_bakim_x3.0_orta,0.0,0.027960824540692625,0.0,optimal,True
SRU_2450,Mars_bakim_x3.0_orta,0.027960824540693117,0.027960824540692625,1.0000000000000175,optimal,False
SRU_2098,Mars_bakim_x3.0_orta,0.02796082454069245,0.027960824540692625,0.9999999999999938,optimal,False
SRU_2320,Mars_bakim_x3.0_orta,0.02796082454069245,0.027960824540692625,0.9999999999999938,optimal,False
SRU_1481,Mars_bakim_x3.0_orta,0.02796082454069245,0.027960824540692625,0.9999999999999938,optimal,False
SRU_1442,Mars_bakim_x3.0_orta,0.027960824540692722,0.027960824540692625,1.0000000000000036,optimal,False
SRU_0034,Mars_bakim_x3.0_orta,0.027960824540692722,0.027960824540692625,1.0000000000000036,optimal,False
SRU_1335,Mars_bakim_x3.0_orta,0.027960824540692722,0.027960824540692625,1.0000000000000036,optimal,False
SRU_2739,Mars_bakim_x3.0_orta,0.0,0.027960824540692625,0.0,optimal,True
SRU_1060,Mars_bakim_x3.0_orta,0.027960824540692927,0.027960824540692625,1.0000000000000109,optimal,False
SRU_1301,Mars_bakim_x3.0_orta,-1.0742861732946157e-30,0.027960824540692625,-3.8421119224547885e-29,optimal,True
SRU_2805,Mars_bakim_x3.0_orta,0.027960824540689898,0.027960824540692625,0.9999999999999025,optimal,False
SRU_1702,Mars_bakim_x3.0_orta,0.0,0.027960824540692625,0.0,optimal,True
SRU_1662,Mars_bakim_x3.0_orta,0.0,0.027960824540692625,0.0,optimal,True
SRU_1677,Mars_bakim_x3.0_orta,0.027960824540692982,0.027960824540692625,1.0000000000000129,optimal,False
SRU_2373,Mars_bakim_x3.0_orta,0.02796082454069252,0.027960824540692625,0.9999999999999962,optimal,False
SRU_0394,Mars_bakim_x3.0_orta,0.02796082454069252,0.027960824540692625,0.9999999999999962,optimal,False
SRU_1036,Mars_bakim_x3.0_orta,0.02796082454069252,0.027960824540692625,0.9999999999999962,optimal,False
SRU_1019,Mars_bakim_x3.0_orta,0.0,0.027960824540692625,0.0,optimal,True
SRU_0325,Mars_bakim_x3.0_orta,0.02796082454069353,0.027960824540692625,1.0000000000000324,optimal,False
SRU_1639,Mars_bakim_x3.0_orta,-6.973162004099541e-16,0.027960824540692625,-2.493904281667799e-14,optimal,True
SRU_1626,Mars_bakim_x3.0_orta,0.027960824540692028,0.027960824540692625,0.9999999999999787,optimal,False
SRU_0785,Mars_bakim_x3.0_orta,0.025336341831984258,0.027960824540692625,0.9061371489639427,optimal,False
SRU_1839,Mars_bakim_x3.0_orta,-1.1540130511264175e-15,0.027960824540692625,-4.1272497148534773e-14,optimal,True
SRU_2386,Mars_bakim_x3.0_orta,0.005194870616237854,0.027960824540692625,0.18579103805317074,optimal,False
SRU_0427,Mars_bakim_x3.0_orta,0.02796082454069375,0.027960824540692625,1.0000000000000402,optimal,False
SRU_0079,Mars_bakim_x3.0_orta,0.027960824540692198,0.027960824540692625,0.9999999999999848,optimal,False
SRU_0666,Mars_bakim_x3.0_orta,0.02796082454069283,0.027960824540692625,1.0000000000000073,optimal,False
SRU_1471,Mars_bakim_x3.0_orta,0.02796082454069283,0.027960824540692625,1.0000000000000073,optimal,False
SRU_0571,Mars_bakim_x3.0_orta,0.027960824540692944,0.027960824540692625,1.0000000000000113,optimal,False
SRU_0038,Mars_bakim_x3.0_orta,0.027960824540692944,0.027960824540692625,1.0000000000000113,optimal,False
SRU_0431,Mars_bakim_x3.0_orta,0.027960824540692944,0.027960824540692625,1.0000000000000113,optimal,False
SRU_2804,Mars_bakim_x3.0_orta,0.027960824540692944,0.027960824540692625,1.0000000000000113,optimal,False
SRU_1526,Mars_bakim_x3.0_orta,0.0,0.027960824540692625,0.0,optimal,True
SRU_2302,Mars_bakim_x3.0_orta,0.027960824540693655,0.027960824540692625,1.0000000000000369,optimal,False
SRU_1560,Mars_bakim_x3.0_orta,1.392059322963842e-15,0.027960824540692625,4.978606124214672e-14,optimal,True
SRU_1603,Mars_bakim_x3.0_orta,0.027960824540694817,0.027960824540692625,1.0000000000000784,optimal,False
SRU_0902,Mars_bakim_x3.0_orta,0.027960824540693346,0.027960824540692625,1.0000000000000258,optimal,False
SRU_1770,Mars_bakim_x3.0_orta,0.027960824540692677,0.027960824540692625,1.0000000000000018,optimal,False
SRU_1760,Mars_bakim_x3.0_orta,0.027960824540692677,0.027960824540692625,1.0000000000000018,optimal,False
SRU_1657,Mars_bakim_x3.0_orta,0.02744129204281835,0.027960824540692625,0.9814192711978799,optimal,False
SRU_1474,Mars_bakim_x3.0_orta,0.02796082454069283,0.027960824540692625,1.0000000000000073,optimal,False
SRU_1059,Mars_bakim_x3.0_orta,0.027960824540693742,0.027960824540692625,1.00000000000004,optimal,False
SRU_0030,Mars_bakim_x3.0_orta,1.049581809514953e-16,0.027960824540692625,3.7537584343675205e-15,optimal,True
SRU_0760,Mars_bakim_x3.0_orta,0.02796082454069283,0.027960824540692625,1.0000000000000073,optimal,False
SRU_2802,Mars_bakim_x3.0_orta,0.027960824540692694,0.027960824540692625,1.0000000000000024,optimal,False
SRU_1034,Mars_bakim_x3.0_orta,0.027960824540692694,0.027960824540692625,1.0000000000000024,optimal,False
SRU_1629,Mars_bakim_x3.0_orta,0.027960824540692694,0.027960824540692625,1.0000000000000024,optimal,False
SRU_0681,Mars_bakim_x3.0_orta,0.027960824540692694,0.027960824540692625,1.0000000000000024,optimal,False
SRU_0424,Mars_bakim_x3.0_orta,0.0279608245406927,0.027960824540692625,1.0000000000000027,optimal,False
SRU_0596,Mars_bakim_x3.0_orta,0.027960824540692396,0.027960824540692625,0.9999999999999918,optimal,False
SRU_1270,Mars_bakim_x3.0_orta,0.027960824540692396,0.027960824540692625,0.9999999999999918,optimal,False
SRU_0511,Mars_bakim_x3.0_orta,-6.439728961813921e-16,0.027960824540692625,-2.3031255578468006e-14,optimal,True
SRU_2198,Mars_bakim_x3.0_orta,-8.426156790462794e-18,0.027960824540692625,-3.0135580509079177e-16,optimal,True
SRU_2255,Mars_bakim_x3.0_orta,0.027960824540692868,0.027960824540692625,1.0000000000000087,optimal,False
SRU_1061,Mars_bakim_x3.0_orta,0.02796082454069224,0.027960824540692625,0.9999999999999862,optimal,False
SRU_1253,Mars_bakim_x3.0_orta,0.02796082454069224,0.027960824540692625,0.9999999999999862,optimal,False
SRU_1246,Mars_bakim_x3.0_orta,0.02796082454069224,0.027960824540692625,0.9999999999999862,optimal,False
SRU_0074,Mars_bakim_x3.0_orta,0.02796082454069224,0.027960824540692625,0.9999999999999862,optimal,False
SRU_0276,Mars_bakim_x3.0_orta,0.02796082454069224,0.027960824540692625,0.9999999999999862,optimal,False
SRU_0647,Mars_bakim_x3.0_orta,0.02796082454069224,0.027960824540692625,0.9999999999999862,optimal,False
SRU_1875,Mars_bakim_x3.0_orta,0.027960824540692254,0.027960824540692625,0.9999999999999867,optimal,False
SRU_1781,Mars_bakim_x3.0_orta,0.02796082454069305,0.027960824540692625,1.0000000000000153,optimal,False
SRU_0962,Mars_bakim_x3.0_orta,0.0,0.027960824540692625,0.0,optimal,True
SRU_1831,Mars_bakim_x3.0_orta,0.027960824540692642,0.027960824540692625,1.0000000000000007,optimal,False
SRU_0362,Mars_bakim_x3.0_orta,0.027960824540692965,0.027960824540692625,1.0000000000000122,optimal,False
SRU_1459,Mars_bakim_x3.0_orta,0.027960824540692965,0.027960824540692625,1.0000000000000122,optimal,False
SRU_0531,Mars_bakim_x3.0_orta,0.027960824540692965,0.027960824540692625,1.0000000000000122,optimal,False
SRU_1351,Mars_bakim_x3.0_orta,0.0,0.027960824540692625,0.0,optimal,True
SRU_0916,Mars_bakim_x3.0_orta,0.02796082454069272,0.027960824540692625,1.0000000000000033,optimal,False
SRU_1502,Mars_bakim_x3.0_orta,0.0,0.027960824540692625,0.0,optimal,True
SRU_0498,Mars_bakim_x3.0_orta,0.027960824540692816,0.027960824540692625,1.0000000000000069,optimal,False
SRU_0093,Mars_bakim_x3.0_orta,0.02796082454069335,0.027960824540692625,1.000000000000026,optimal,False
SRU_0669,Mars_bakim_x3.0_orta,0.02796082454069335,0.027960824540692625,1.000000000000026,optimal,False
SRU_0488,Mars_bakim_x3.0_orta,0.02796082454069335,0.027960824540692625,1.000000000000026,optimal,False
SRU_1172,Mars_bakim_x3.0_orta,0.02796082454069335,0.027960824540692625,1.000000000000026,optimal,False
SRU_1849,Mars_bakim_x3.0_orta,0.0,0.027960824540692625,0.0,optimal,True
SRU_0673,Mars_bakim_x3.0_orta,0.027960824540692104,0.027960824540692625,0.9999999999999813,optimal,False
SRU_2206,Mars_bakim_x3.0_orta,0.027960824540692805,0.027960824540692625,1.0000000000000064,optimal,False
SRU_1667,Mars_bakim_x3.0_orta,0.0,0.027960824540692625,0.0,optimal,True
SRU_1291,Mars_bakim_x3.0_orta,0.027960824540692823,0.027960824540692625,1.000000000000007,optimal,False
SRU_0588,Mars_bakim_x3.0_orta,0.027960824540692666,0.027960824540692625,1.0000000000000016,optimal,False
SRU_2658,Mars_bakim_x3.0_orta,0.027960824540692666,0.027960824540692625,1.0000000000000016,optimal,False
SRU_2145,Mars_bakim_x3.0_orta,-3.017380271748548e-17,0.027960824540692625,-1.0791456694552126e-15,optimal,True
SRU_0480,Mars_bakim_x3.0_orta,0.0,0.027960824540692625,0.0,optimal,True
SRU_2656,Mars_bakim_x3.0_orta,0.0,0.027960824540692625,0.0,optimal,True
SRU_1447,Mars_bakim_x3.0_orta,0.027960824540692958,0.027960824540692625,1.000000000000012,optimal,False
SRU_1119,Mars_bakim_x3.0_orta,0.02796082454069314,0.027960824540692625,1.0000000000000184,optimal,False
SRU_1778,Mars_bakim_x3.0_orta,0.02796082454069314,0.027960824540692625,1.0000000000000184,optimal,False
SRU_2740,Mars_bakim_x3.0_orta,0.02796082454069314,0.027960824540692625,1.0000000000000184,optimal,False
SRU_1874,Mars_bakim_x3.0_orta,0.0,0.027960824540692625,0.0,optimal,True
SRU_2019,Mars_bakim_x3.0_orta,0.027960824540692843,0.027960824540692625,1.0000000000000078,optimal,False
SRU_1483,Mars_bakim_x3.0_orta,0.027960824540692226,0.027960824540692625,0.9999999999999857,optimal,False
SRU_1075,Mars_bakim_x3.0_orta,0.027960824540692233,0.027960824540692625,0.999999999999986,optimal,False
SRU_2287,Mars_bakim_x3.0_orta,0.02796082454069226,0.027960824540692625,0.999999999999987,optimal,False
SRU_1611,Mars_bakim_x3.0_orta,0.026478049640058652,0.027960824540692625,0.9469695574078645,optimal,False
SRU_0727,Mars_bakim_x3.0_orta,-4.247131501218218e-17,0.027960824540692625,-1.5189578887550973e-15,optimal,True
SRU_1369,Mars_bakim_x3.0_orta,0.027960824540693933,0.027960824540692625,1.0000000000000469,optimal,False
SRU_0482,Mars_bakim_x3.0_orta,0.027960824540692722,0.027960824540692625,1.0000000000000036,optimal,False
SRU_0581,Mars_bakim_x3.0_orta,0.027960824540692722,0.027960824540692625,1.0000000000000036,optimal,False
SRU_0618,Mars_bakim_x3.0_orta,0.027960824540692722,0.027960824540692625,1.0000000000000036,optimal,False
SRU_2437,Mars_bakim_x3.0_orta,0.027960824540692722,0.027960824540692625,1.0000000000000036,optimal,False
SRU_0937,Mars_bakim_x3.0_orta,0.027960824540692722,0.027960824540692625,1.0000000000000036,optimal,False
SRU_1550,Mars_bakim_x3.0_orta,0.027960824540692722,0.027960824540692625,1.0000000000000036,optimal,False
SRU_1969,Mars_bakim_x3.0_orta,0.027960824540692722,0.027960824540692625,1.0000000000000036,optimal,False
SRU_0432,Mars_bakim_x3.0_orta,0.027960824540692722,0.027960824540692625,1.0000000000000036,optimal,False
SRU_1005,Mars_bakim_x3.0_orta,0.027960824540692722,0.027960824540692625,1.0000000000000036,optimal,False
SRU_1446,Mars_bakim_x3.0_orta,0.027960824540692743,0.027960824540692625,1.0000000000000042,optimal,False
SRU_0397,Mars_bakim_x3.0_orta,0.02796082454069284,0.027960824540692625,1.0000000000000078,optimal,False
SRU_1047,Mars_bakim_x3.0_orta,0.02796082454069284,0.027960824540692625,1.0000000000000078,optimal,False
SRU_1419,Mars_bakim_x3.0_orta,0.02796082454069284,0.027960824540692625,1.0000000000000078,optimal,False
SRU_1495,Mars_bakim_x3.0_orta,0.02796082454069284,0.027960824540692625,1.0000000000000078,optimal,False
SRU_0528,Mars_bakim_x3.0_orta,0.02796082454069284,0.027960824540692625,1.0000000000000078,optimal,False
SRU_0382,Mars_bakim_x3.0_orta,0.02796082454069284,0.027960824540692625,1.0000000000000078,optimal,False
SRU_2173,Mars_bakim_x3.0_orta,-1.3173393002932874e-31,0.027960824540692625,-4.711375011048424e-30,optimal,True
SRU_1480,Mars_bakim_x3.0_orta,0.0,0.027960824540692625,0.0,optimal,True
SRU_1900,Mars_bakim_x3.0_orta,0.027960824540692413,0.027960824540692625,0.9999999999999925,optimal,False
SRU_1651,Mars_bakim_x3.0_orta,0.0,0.027960824540692625,0.0,optimal,True
SRU_0456,Mars_bakim_x3.0_orta,0.027960824540693548,0.027960824540692625,1.000000000000033,optimal,False
SRU_1354,Mars_bakim_x3.0_orta,-1.0049527348941033e-31,0.027960824540692625,-3.594145564024949e-30,optimal,True
SRU_2753,Mars_bakim_x3.0_orta,0.0,0.027960824540692625,0.0,optimal,True
SRU_0395,Mars_bakim_x3.0_orta,0.0279608245406934,0.027960824540692625,1.0000000000000278,optimal,False
SRU_1623,Mars_bakim_x3.0_orta,0.027960824540692524,0.027960824540692625,0.9999999999999964,optimal,False
SRU_1949,Mars_bakim_x3.0_orta,0.027960824540692524,0.027960824540692625,0.9999999999999964,optimal,False
SRU_2063,Mars_bakim_x3.0_orta,-1.1391483349926283e-17,0.027960824540692625,-4.074087061827434e-16,optimal,True
SRU_1772,Mars_bakim_x3.0_orta,0.02796082454069316,0.027960824540692625,1.000000000000019,optimal,False
SRU_2204,Mars_bakim_x3.0_orta,0.027960824540693312,0.027960824540692625,1.0000000000000246,optimal,False
SRU_0601,Mars_bakim_x3.0_orta,0.027960824540693312,0.027960824540692625,1.0000000000000246,optimal,False
SRU_1031,Mars_bakim_x3.0_orta,0.027960824540693312,0.027960824540692625,1.0000000000000246,optimal,False
SRU_0115,Mars_bakim_x3.0_orta,4.352464658772714e-16,0.027960824540692625,1.556629580947579e-14,optimal,True
SRU_0716,Mars_bakim_x3.0_orta,0.02796082454069256,0.027960824540692625,0.9999999999999977,optimal,False
SRU_1914,Mars_bakim_x3.0_orta,0.0,0.027960824540692625,0.0,optimal,True
SRU_0523,Mars_bakim_x3.0_orta,0.0279608245406923,0.027960824540692625,0.9999999999999883,optimal,False
SRU_1929,Mars_bakim_x3.0_orta,0.0,0.027960824540692625,0.0,optimal,True
SRU_1041,Mars_bakim_x3.0_orta,0.02796082454069323,0.027960824540692625,1.0000000000000215,optimal,False
SRU_1235,Mars_bakim_x3.0_orta,0.02796082454069272,0.027960824540692625,1.0000000000000033,optimal,False
SRU_2334,Mars_bakim_x3.0_orta,0.02796082454069272,0.027960824540692625,1.0000000000000033,optimal,False
SRU_2072,Mars_bakim_x3.0_orta,0.02796082454069272,0.027960824540692625,1.0000000000000033,optimal,False
SRU_0981,Mars_bakim_x3.0_orta,0.02796082454069272,0.027960824540692625,1.0000000000000033,optimal,False
SRU_1774,Mars_bakim_x3.0_orta,0.02796082454069272,0.027960824540692625,1.0000000000000033,optimal,False
SRU_1955,Mars_bakim_x3.0_orta,0.02796082454069272,0.027960824540692625,1.0000000000000033,optimal,False
SRU_0314,Mars_bakim_x3.0_orta,0.02796082454069272,0.027960824540692625,1.0000000000000033,optimal,False
SRU_1139,Mars_bakim_x3.0_orta,0.0,0.027960824540692625,0.0,optimal,True
SRU_2375,Mars_bakim_x3.0_orta,0.027960824540692625,0.027960824540692625,1.0,optimal,False
SRU_2489,Mars_bakim_x3.0_orta,0.0,0.027960824540692625,0.0,optimal,True
SRU_2557,Mars_bakim_x3.0_orta,0.027960824540694276,0.027960824540692625,1.000000000000059,optimal,False
SRU_1214,Mars_bakim_x3.0_orta,0.027960824540693294,0.027960824540692625,1.000000000000024,optimal,False
SRU_1782,Mars_bakim_x3.0_orta,0.027960824540693294,0.027960824540692625,1.000000000000024,optimal,False
SRU_0007,Mars_bakim_x3.0_orta,0.027960824540693294,0.027960824540692625,1.000000000000024,optimal,False
SRU_0591,Mars_bakim_x3.0_orta,0.027960824540693294,0.027960824540692625,1.000000000000024,optimal,False
SRU_1039,Mars_bakim_x3.0_orta,0.027960824540692358,0.027960824540692625,0.9999999999999905,optimal,False
SRU_1741,Mars_bakim_x3.0_orta,0.027960824540692358,0.027960824540692625,0.9999999999999905,optimal,False
SRU_1344,Mars_bakim_x3.0_orta,0.027960824540692358,0.027960824540692625,0.9999999999999905,optimal,False
SRU_0961,Mars_bakim_x3.0_orta,0.0,0.027960824540692625,0.0,optimal,True
SRU_2082,Mars_bakim_x3.0_orta,0.027960824540692552,0.027960824540692625,0.9999999999999974,optimal,False
SRU_1866,Mars_bakim_x3.0_orta,0.027960824540692274,0.027960824540692625,0.9999999999999875,optimal,False
SRU_1758,Mars_bakim_x3.0_orta,0.027960824540692274,0.027960824540692625,0.9999999999999875,optimal,False
SRU_1062,Mars_bakim_x3.0_orta,0.027960824540692274,0.027960824540692625,0.9999999999999875,optimal,False
SRU_1125,Mars_bakim_x3.0_orta,0.027953914073523194,0.027960824540692625,0.99975285181024,optimal,False
SRU_0412,Mars_bakim_x3.0_orta,2.0807237840133673e-16,0.027960824540692625,7.441568044551755e-15,optimal,True
SRU_1757,Mars_bakim_x3.0_orta,0.02796082454069285,0.027960824540692625,1.000000000000008,optimal,False
SRU_1838,Mars_bakim_x3.0_orta,9.259304351563401e-30,0.027960824540692625,3.3115276475798935e-28,optimal,True
SRU_1479,Mars_bakim_x3.0_orta,4.578237032198463e-15,0.027960824540692625,1.637375545036432e-13,optimal,True
SRU_2246,Mars_bakim_x3.0_orta,0.02796082454069286,0.027960824540692625,1.0000000000000084,optimal,False
SRU_1538,Mars_bakim_x3.0_orta,0.02796082454069263,0.027960824540692625,1.0000000000000002,optimal,False
SRU_1287,Mars_bakim_x3.0_orta,0.02796082454069263,0.027960824540692625,1.0000000000000002,optimal,False
SRU_0850,Mars_bakim_x3.0_orta,0.02796082454069263,0.027960824540692625,1.0000000000000002,optimal,False
SRU_2708,Mars_bakim_x3.0_orta,0.02796082454069263,0.027960824540692625,1.0000000000000002,optimal,False
SRU_1334,Mars_bakim_x3.0_orta,0.0,0.027960824540692625,0.0,optimal,True
SRU_2171,Mars_bakim_x3.0_orta,0.027960824540694165,0.027960824540692625,1.000000000000055,optimal,False
SRU_0036,Mars_bakim_x3.0_orta,0.027960824540693367,0.027960824540692625,1.0000000000000266,optimal,False
SRU_1443,Mars_bakim_x3.0_orta,0.027960824540693367,0.027960824540692625,1.0000000000000266,optimal,False
SRU_1858,Mars_bakim_x3.0_orta,0.027960824540693367,0.027960824540692625,1.0000000000000266,optimal,False
SRU_1513,Mars_bakim_x3.0_orta,0.027960824540693367,0.027960824540692625,1.0000000000000266,optimal,False
SRU_2380,Mars_bakim_x3.0_orta,0.027960824540693367,0.027960824540692625,1.0000000000000266,optimal,False
SRU_1827,Mars_bakim_x3.0_orta,-2.012416123580449e-14,0.027960824540692625,-7.197270311723786e-13,optimal,True
SRU_0459,Mars_bakim_x3.0_orta,0.02796082454069115,0.027960824540692625,0.9999999999999473,optimal,False
SRU_0975,Mars_bakim_x3.0_orta,0.027960824540693017,0.027960824540692625,1.000000000000014,optimal,False
SRU_1153,Mars_bakim_x3.0_orta,-1.4691234405084051e-30,0.027960824540692625,-5.254220734336088e-29,optimal,True
SRU_1163,Mars_bakim_x3.0_orta,0.02796082454069197,0.027960824540692625,0.9999999999999766,optimal,False
SRU_0113,Mars_bakim_x3.0_orta,0.027960824540692666,0.027960824540692625,1.0000000000000016,optimal,False
SRU_2131,Mars_bakim_x3.0_orta,0.027960824540692666,0.027960824540692625,1.0000000000000016,optimal,False
SRU_0857,Mars_bakim_x3.0_orta,0.027960824540692666,0.027960824540692625,1.0000000000000016,optimal,False
SRU_1689,Mars_bakim_x3.0_orta,0.027960824540692666,0.027960824540692625,1.0000000000000016,optimal,False
SRU_0690,Mars_bakim_x3.0_orta,0.0,0.027960824540692625,0.0,optimal,True
SRU_2559,Mars_bakim_x3.0_orta,0.027960824540693707,0.027960824540692625,1.0000000000000386,optimal,False
SRU_0956,Mars_bakim_x3.0_orta,0.02796082454069347,0.027960824540692625,1.0000000000000302,optimal,False
SRU_1350,Mars_bakim_x3.0_orta,0.0,0.027960824540692625,0.0,optimal,True
SRU_1638,Mars_bakim_x3.0_orta,0.0,0.027960824540692625,0.0,optimal,True
SRU_2214,Mars_bakim_x3.0_orta,0.02796082454069264,0.027960824540692625,1.0000000000000004,optimal,False
SRU_1742,Mars_bakim_x3.0_orta,0.0,0.027960824540692625,0.0,optimal,True
SRU_2069,Mars_bakim_x3.0_orta,0.026616926600344766,0.027960824540692625,0.9519363980703779,optimal,False
SRU_0065,Mars_bakim_x3.0_orta,0.027960824540693006,0.027960824540692625,1.0000000000000135,optimal,False
SRU_0667,Mars_bakim_x3.0_orta,0.027960824540692337,0.027960824540692625,0.9999999999999897,optimal,False
SRU_0590,Mars_bakim_x3.0_orta,0.0,0.027960824540692625,0.0,optimal,True
SRU_1820,Mars_bakim_x3.0_orta,0.0,0.027960824540692625,0.0,optimal,True
SRU_1973,Mars_bakim_x3.0_orta,0.02796082454069013,0.027960824540692625,0.9999999999999107,optimal,False
SRU_2094,Mars_bakim_x3.0_orta,0.0,0.027960824540692625,0.0,optimal,True
SRU_0308,Mars_bakim_x3.0_orta,0.02796082454069286,0.027960824540692625,1.0000000000000084,optimal,False
SRU_2306,Mars_bakim_x3.0_orta,0.027960824540692625,0.027960824540692625,1.0,optimal,False
SRU_0368,Mars_bakim_x3.0_orta,0.027960824540692625,0.027960824540692625,1.0,optimal,False
SRU_2422,Mars_bakim_x3.0_orta,0.027960824540692625,0.027960824540692625,1.0,optimal,False
SRU_1433,Mars_bakim_x3.0_orta,0.027960824540692625,0.027960824540692625,1.0,optimal,False
SRU_0487,Mars_bakim_x3.0_orta,0.027959564141978064,0.027960824540692625,0.9999549226914705,optimal,False
SRU_1571,Mars_bakim_x3.0_orta,0.02796082454069327,0.027960824540692625,1.000000000000023,optimal,False
SRU_1544,Mars_bakim_x3.0_orta,0.027960824540693385,0.027960824540692625,1.000000000000027,optimal,False
SRU_1494,Mars_bakim_x3.0_orta,0.027960824540693385,0.027960824540692625,1.000000000000027,optimal,False
SRU_1209,Mars_bakim_x3.0_orta,0.027960824540693385,0.027960824540692625,1.000000000000027,optimal,False
SRU_1847,Mars_bakim_x3.0_orta,0.0,0.027960824540692625,0.0,optimal,True
SRU_0002,Mars_bakim_x3.0_orta,0.027960824540692607,0.027960824540692625,0.9999999999999993,optimal,False
SRU_1703,Mars_bakim_x3.0_orta,0.02796082454069245,0.027960824540692625,0.9999999999999938,optimal,False
SRU_2058,Mars_bakim_x3.0_orta,0.02796082454069245,0.027960824540692625,0.9999999999999938,optimal,False
SRU_1940,Mars_bakim_x3.0_orta,0.027960824540692403,0.027960824540692625,0.999999999999992,optimal,False
SRU_2657,Mars_bakim_x3.0_orta,0.0,0.027960824540692625,0.0,optimal,True
SRU_0403,Mars_bakim_x3.0_orta,-8.165907472515982e-14,0.027960824540692625,-2.9204816405295117e-12,optimal,True
SRU_2077,Mars_bakim_x3.0_orta,1.492517704488913e-17,0.027960824540692625,5.337888738999045e-16,optimal,True
SRU_2115,Mars_bakim_x3.0_orta,0.027960824540693017,0.027960824540692625,1.000000000000014,optimal,False
SRU_2146,Mars_bakim_x3.0_orta,-6.74166673547516e-31,0.027960824540692625,-2.411111562773735e-29,optimal,True
SRU_2000,Mars_bakim_x3.0_orta,0.027960824540692743,0.027960824540692625,1.0000000000000042,optimal,False
SRU_1188,Mars_bakim_x3.0_orta,0.02796082454069266,0.027960824540692625,1.0000000000000013,optimal,False
SRU_2355,Mars_bakim_x3.0_orta,0.02796082454069266,0.027960824540692625,1.0000000000000013,optimal,False
SRU_1228,Mars_bakim_x3.0_orta,0.02796082454069266,0.027960824540692625,1.0000000000000013,optimal,False
SRU_1501,Mars_bakim_x3.0_orta,0.0,0.027960824540692625,0.0,optimal,True
SRU_1066,Mars_bakim_x3.0_orta,0.027960824540693437,0.027960824540692625,1.000000000000029,optimal,False
SRU_2551,Mars_bakim_x3.0_orta,0.027960824540692996,0.027960824540692625,1.0000000000000133,optimal,False
SRU_1564,Mars_bakim_x3.0_orta,0.0,0.027960824540692625,0.0,optimal,True
SRU_1561,Mars_bakim_x3.0_orta,0.0,0.027960824540692625,0.0,optimal,True
SRU_1843,Mars_bakim_x3.0_orta,0.02796082454069316,0.027960824540692625,1.000000000000019,optimal,False
SRU_0796,Mars_bakim_x3.0_orta,0.027960824540692802,0.027960824540692625,1.0000000000000062,optimal,False
SRU_1420,Mars_bakim_x3.0_orta,0.027960824540692802,0.027960824540692625,1.0000000000000062,optimal,False
SRU_0634,Mars_bakim_x3.0_orta,0.027960824540692802,0.027960824540692625,1.0000000000000062,optimal,False
SRU_2429,Mars_bakim_x3.0_orta,0.027960824540692802,0.027960824540692625,1.0000000000000062,optimal,False
SRU_0485,Mars_bakim_x3.0_orta,0.027960824540692802,0.027960824540692625,1.0000000000000062,optimal,False
SRU_0663,Mars_bakim_x3.0_orta,0.0,0.027960824540692625,0.0,optimal,True
SRU_0986,Mars_bakim_x3.0_orta,0.027960824540692805,0.027960824540692625,1.0000000000000064,optimal,False
SRU_1057,Mars_bakim_x3.0_orta,0.02796082454069245,0.027960824540692625,0.9999999999999938,optimal,False
SRU_1223,Mars_bakim_x3.0_orta,-1.3143610714955717e-31,0.027960824540692625,-4.700723576955765e-30,optimal,True
SRU_1052,Mars_bakim_x3.0_orta,0.027960824540693038,0.027960824540692625,1.0000000000000147,optimal,False
SRU_1618,Mars_bakim_x3.0_orta,0.02796082454069301,0.027960824540692625,1.0000000000000138,optimal,False
SRU_1761,Mars_bakim_x3.0_orta,0.02796082454069301,0.027960824540692625,1.0000000000000138,optimal,False
SRU_1265,Mars_bakim_x3.0_orta,0.02796082454069301,0.027960824540692625,1.0000000000000138,optimal,False
SRU_0131,Mars_bakim_x3.0_orta,0.0,0.027960824540692625,0.0,optimal,True
SRU_0746,Mars_bakim_x3.0_orta,0.02796082454069347,0.027960824540692625,1.0000000000000302,optimal,False
SRU_0709,Mars_bakim_x3.0_orta,0.027960824540692493,0.027960824540692625,0.9999999999999953,optimal,False
SRU_1199,Mars_bakim_x3.0_orta,0.0279608245406925,0.027960824540692625,0.9999999999999956,optimal,False
SRU_2845,Mars_bakim_x3.0_orta,0.027960824540693416,0.027960824540692625,1.0000000000000282,optimal,False
SRU_2301,Mars_bakim_x3.0_orta,-3.8779855523368965e-30,0.027960824540692625,-1.3869353340038642e-28,optimal,True
SRU_1435,Mars_bakim_x3.0_orta,0.0,0.027960824540692625,0.0,optimal,True
SRU_2360,Mars_bakim_x3.0_orta,0.02487344717169352,0.027960824540692625,0.8895820341597613,optimal,False
SRU_1224,Mars_bakim_x3.0_orta,0.02796082454069336,0.027960824540692625,1.0000000000000262,optimal,False
SRU_2147,Mars_bakim_x3.0_orta,4.3621681419266383e-17,0.027960824540692625,1.560099966143052e-15,optimal,True
SRU_0400,Mars_bakim_x3.0_orta,0.027960824540693756,0.027960824540692625,1.0000000000000404,optimal,False
SRU_1282,Mars_bakim_x3.0_orta,0.027960824540693083,0.027960824540692625,1.0000000000000164,optimal,False
SRU_2022,Mars_bakim_x3.0_orta,0.027960824540693083,0.027960824540692625,1.0000000000000164,optimal,False
SRU_0822,Mars_bakim_x3.0_orta,0.027960824540693083,0.027960824540692625,1.0000000000000164,optimal,False
SRU_0897,Mars_bakim_x3.0_orta,0.027960824540693083,0.027960824540692625,1.0000000000000164,optimal,False
SRU_1947,Mars_bakim_x3.0_orta,0.027960824540693083,0.027960824540692625,1.0000000000000164,optimal,False
SRU_1652,Mars_bakim_x3.0_orta,0.0,0.027960824540692625,0.0,optimal,True
SRU_1068,Mars_bakim_x3.0_orta,0.02796082454069162,0.027960824540692625,0.999999999999964,optimal,False
SRU_1496,Mars_bakim_x3.0_orta,0.0279608245406929,0.027960824540692625,1.0000000000000098,optimal,False
SRU_1046,Mars_bakim_x3.0_orta,0.0279608245406929,0.027960824540692625,1.0000000000000098,optimal,False
SRU_1161,Mars_bakim_x3.0_orta,0.0279608245406929,0.027960824540692625,1.0000000000000098,optimal,False
SRU_0567,Mars_bakim_x3.0_orta,0.0279608245406929,0.027960824540692625,1.0000000000000098,optimal,False
SRU_0335,Mars_bakim_x3.0_orta,0.0279608245406929,0.027960824540692625,1.0000000000000098,optimal,False
SRU_2408,Mars_bakim_x3.0_orta,0.0279608245406929,0.027960824540692625,1.0000000000000098,optimal,False
SRU_1880,Mars_bakim_x3.0_orta,2.797125930710025e-16,0.027960824540692625,1.0003731923710777e-14,optimal,True
SRU_2363,Mars_bakim_x3.0_orta,0.027960824540692934,0.027960824540692625,1.000000000000011,optimal,False
SRU_1236,Mars_bakim_x3.0_orta,0.02796082454069303,0.027960824540692625,1.0000000000000144,optimal,False
SRU_2148,Mars_bakim_x3.0_orta,0.0,0.027960824540692625,0.0,optimal,True
SRU_2436,Mars_bakim_x3.0_orta,0.027960824540693187,0.027960824540692625,1.0000000000000202,optimal,False
SRU_2377,Mars_bakim_x3.0_orta,0.0,0.027960824540692625,0.0,optimal,True
SRU_0671,Mars_bakim_x3.0_orta,0.027960824540692073,0.027960824540692625,0.9999999999999802,optimal,False
SRU_1795,Mars_bakim_x3.0_orta,0.02796082454069245,0.027960824540692625,0.9999999999999938,optimal,False
SRU_0012,Mars_bakim_x3.0_orta,0.02796082454069245,0.027960824540692625,0.9999999999999938,optimal,False
SRU_1118,Mars_bakim_x3.0_orta,0.02796082454069245,0.027960824540692625,0.9999999999999938,optimal,False
SRU_0556,Mars_bakim_x3.0_orta,0.0,0.027960824540692625,0.0,optimal,True
SRU_1517,Mars_bakim_x3.0_orta,0.0,0.027960824540692625,0.0,optimal,True
SRU_2660,Mars_bakim_x3.0_orta,0.027960824540694432,0.027960824540692625,1.0000000000000646,optimal,False
SRU_1155,Mars_bakim_x3.0_orta,0.02796082454069372,0.027960824540692625,1.0000000000000393,optimal,False
SRU_1555,Mars_bakim_x3.0_orta,0.027960824540693784,0.027960824540692625,1.0000000000000415,optimal,False
SRU_0847,Mars_bakim_x3.0_orta,0.027960824540692937,0.027960824540692625,1.000000000000011,optimal,False
SRU_0938,Mars_bakim_x3.0_orta,0.027960824540692937,0.027960824540692625,1.000000000000011,optimal,False
SRU_2294,Mars_bakim_x3.0_orta,0.02737356089729566,0.027960824540692625,0.9789969125358841,optimal,False
SRU_0742,Mars_bakim_x3.0_orta,0.02796082454069518,0.027960824540692625,1.0000000000000913,optimal,False
SRU_0301,Mars_bakim_x3.0_orta,0.027960824540692906,0.027960824540692625,1.00000000000001,optimal,False
SRU_0527,Mars_bakim_x3.0_orta,0.027960824540692906,0.027960824540692625,1.00000000000001,optimal,False
SRU_2755,Mars_bakim_x3.0_orta,-2.558405037061791e-32,0.027960824540692625,-9.149962775019137e-31,optimal,True
SRU_0111,Mars_bakim_x3.0_orta,0.027960824540694255,0.027960824540692625,1.0000000000000584,optimal,False
SRU_1353,Mars_bakim_x3.0_orta,2.376178552158761e-16,0.027960824540692625,8.498242062570807e-15,optimal,True
SRU_1685,Mars_bakim_x3.0_orta,0.027960824540691362,0.027960824540692625,0.9999999999999548,optimal,False
SRU_0703,Mars_bakim_x3.0_orta,0.027960824540693166,0.027960824540692625,1.0000000000000193,optimal,False
SRU_2099,Mars_bakim_x3.0_orta,0.027960824540693166,0.027960824540692625,1.0000000000000193,optimal,False
SRU_1463,Mars_bakim_x3.0_orta,0.027960824540693166,0.027960824540692625,1.0000000000000193,optimal,False
SRU_2097,Mars_bakim_x3.0_orta,0.027960824540693166,0.027960824540692625,1.0000000000000193,optimal,False
SRU_1370,Mars_bakim_x3.0_orta,0.024873447171693812,0.027960824540692625,0.8895820341597718,optimal,False
SRU_1445,Mars_bakim_x3.0_orta,0.027960824540693346,0.027960824540692625,1.0000000000000258,optimal,False
SRU_1725,Mars_bakim_x3.0_orta,0.027960824540693634,0.027960824540692625,1.0000000000000362,optimal,False
SRU_0568,Mars_bakim_x3.0_orta,0.0,0.027960824540692625,0.0,optimal,True
SRU_0787,Mars_bakim_x3.0_orta,0.02796082454069275,0.027960824540692625,1.0000000000000044,optimal,False
SRU_2221,Mars_bakim_x3.0_orta,0.027960824540693634,0.027960824540692625,1.0000000000000362,optimal,False
SRU_1044,Mars_bakim_x3.0_orta,0.027960824540693634,0.027960824540692625,1.0000000000000362,optimal,False
SRU_1412,Mars_bakim_x3.0_orta,0.0,0.027960824540692625,0.0,optimal,True
SRU_1775,Mars_bakim_x3.0_orta,0.0,0.027960824540692625,0.0,optimal,True
SRU_1423,Mars_bakim_x3.0_orta,0.027960824540690845,0.027960824540692625,0.9999999999999364,optimal,False
SRU_1326,Mars_bakim_x3.0_orta,0.027960824540692694,0.027960824540692625,1.0000000000000024,optimal,False
SRU_1227,Mars_bakim_x3.0_orta,0.027960824540692694,0.027960824540692625,1.0000000000000024,optimal,False
SRU_1051,Mars_bakim_x3.0_orta,0.027960824540692694,0.027960824540692625,1.0000000000000024,optimal,False
SRU_0890,Mars_bakim_x3.0_orta,0.027960824540692694,0.027960824540692625,1.0000000000000024,optimal,False
SRU_1045,Mars_bakim_x3.0_orta,0.027960824540692358,0.027960824540692625,0.9999999999999905,optimal,False
SRU_2766,Mars_bakim_x3.0_orta,0.0,0.027960824540692625,0.0,optimal,True
SRU_0542,Mars_bakim_x3.0_orta,0.027960824540697087,0.027960824540692625,1.0000000000001597,optimal,False
SRU_2127,Mars_bakim_x3.0_orta,2.2168296945449542e-31,0.027960824540692625,7.928341638561853e-30,optimal,True
SRU_2794,Mars_bakim_x3.0_orta,0.02796082454069166,0.027960824540692625,0.9999999999999655,optimal,False
SRU_2348,Mars_bakim_x3.0_orta,0.027960824540693475,0.027960824540692625,1.0000000000000304,optimal,False
SRU_0729,Mars_bakim_x3.0_orta,0.027960824540693475,0.027960824540692625,1.0000000000000304,optimal,False
SRU_2295,Mars_bakim_x3.0_orta,0.027373560897296687,0.027960824540692625,0.9789969125359208,optimal,False
SRU_1123,Mars_bakim_x3.0_orta,0.027960824540692403,0.027960824540692625,0.999999999999992,optimal,False
SRU_2293,Mars_bakim_x3.0_orta,0.027373560897295906,0.027960824540692625,0.9789969125358929,optimal,False
SRU_1735,Mars_bakim_x3.0_orta,-1.5674541639238869e-30,0.027960824540692625,-5.605893923631264e-29,optimal,True
SRU_1448,Mars_bakim_x3.0_orta,0.02796082454069314,0.027960824540692625,1.0000000000000184,optimal,False
SRU_0529,Mars_bakim_x3.0_orta,0.027960824540693586,0.027960824540692625,1.0000000000000344,optimal,False
SRU_0386,Mars_bakim_x3.0_orta,4.715019798566809e-16,0.027960824540692625,1.6862949773547745e-14,optimal,True
SRU_1966,Mars_bakim_x3.0_orta,1.6797642348447056e-17,0.027960824540692625,6.007563304866315e-16,optimal,True
SRU_1484,Mars_bakim_x3.0_orta,0.02796082454069331,0.027960824540692625,1.0000000000000244,optimal,False
SRU_0532,Mars_bakim_x3.0_orta,6.829747323831701e-31,0.027960824540692625,2.4426129901470067e-29,optimal,True
SRU_1862,Mars_bakim_x3.0_orta,8.913654195374555e-16,0.027960824540692625,3.1879082043528865e-14,optimal,True
SRU_0728,Mars_bakim_x3.0_orta,-1.085257241276514e-17,0.027960824540692625,-3.8813492059116177e-16,optimal,True
SRU_1342,Mars_bakim_x3.0_orta,0.02796082454069872,0.027960824540692625,1.000000000000218,optimal,False
SRU_0959,Mars_bakim_x3.0_orta,0.02796082454069277,0.027960824540692625,1.000000000000005,optimal,False
SRU_1912,Mars_bakim_x3.0_orta,0.0,0.027960824540692625,0.0,optimal,True
SRU_2846,Mars_bakim_x3.0_orta,0.027960824540694568,0.027960824540692625,1.0000000000000695,optimal,False
SRU_1053,Mars_bakim_x3.0_orta,0.02796082454069296,0.027960824540692625,1.000000000000012,optimal,False
SRU_2160,Mars_bakim_x3.0_orta,0.02796082454069296,0.027960824540692625,1.000000000000012,optimal,False
SRU_1835,Mars_bakim_x3.0_orta,0.02796082454069296,0.027960824540692625,1.000000000000012,optimal,False
SRU_2080,Mars_bakim_x3.0_orta,0.02796082454069296,0.027960824540692625,1.000000000000012,optimal,False
SRU_1233,Mars_bakim_x3.0_orta,0.02796082454069296,0.027960824540692625,1.000000000000012,optimal,False
SRU_1609,Mars_bakim_x3.0_orta,0.0,0.027960824540692625,0.0,optimal,True
SRU_0804,Mars_bakim_x3.0_orta,0.0,0.027960824540692625,0.0,optimal,True
SRU_1116,Mars_bakim_x3.0_orta,0.0,0.027960824540692625,0.0,optimal,True
SRU_2426,Mars_bakim_x3.0_orta,0.0,0.027960824540692625,0.0,optimal,True
SRU_2239,Mars_bakim_x3.0_orta,0.0,0.027960824540692625,0.0,optimal,True
SRU_0396,Mars_bakim_x3.0_orta,0.027960824540693322,0.027960824540692625,1.0000000000000249,optimal,False
SRU_2430,Mars_bakim_x3.0_orta,0.027960824540692895,0.027960824540692625,1.0000000000000098,optimal,False
SRU_2743,Mars_bakim_x3.0_orta,0.027960824540692895,0.027960824540692625,1.0000000000000098,optimal,False
SRU_1130,Mars_bakim_x3.0_orta,0.027960824540692895,0.027960824540692625,1.0000000000000098,optimal,False
SRU_2787,Mars_bakim_x3.0_orta,0.02796082454069289,0.027960824540692625,1.0000000000000093,optimal,False
SRU_2111,Mars_bakim_x3.0_orta,0.027960824540693013,0.027960824540692625,1.000000000000014,optimal,False
SRU_1961,Mars_bakim_x3.0_orta,0.027960824540692604,0.027960824540692625,0.9999999999999992,optimal,False
SRU_0905,Mars_bakim_x3.0_orta,0.027960824540692604,0.027960824540692625,0.9999999999999992,optimal,False
SRU_1503,Mars_bakim_x3.0_orta,0.027960824540692604,0.027960824540692625,0.9999999999999992,optimal,False
SRU_2076,Mars_bakim_x3.0_orta,0.027960824540692604,0.027960824540692625,0.9999999999999992,optimal,False
SRU_1456,Mars_bakim_x3.0_orta,0.027960824540692604,0.027960824540692625,0.9999999999999992,optimal,False
SRU_0521,Mars_bakim_x3.0_orta,0.0,0.027960824540692625,0.0,optimal,True
SRU_1594,Mars_bakim_x3.0_orta,0.027960824540692555,0.027960824540692625,0.9999999999999976,optimal,False
SRU_1142,Mars_bakim_x3.0_orta,0.027960824540692555,0.027960824540692625,0.9999999999999976,optimal,False
SRU_1014,Mars_bakim_x3.0_orta,0.027960824540692555,0.027960824540692625,0.9999999999999976,optimal,False
SRU_0558,Mars_bakim_x3.0_orta,0.0,0.027960824540692625,0.0,optimal,True
SRU_2100,Mars_bakim_x3.0_orta,0.027960824540692906,0.027960824540692625,1.00000000000001,optimal,False
SRU_1303,Mars_bakim_x3.0_orta,0.027960824540692715,0.027960824540692625,1.0000000000000033,optimal,False
SRU_2784,Mars_bakim_x3.0_orta,0.027960824540692715,0.027960824540692625,1.0000000000000033,optimal,False
SRU_1791,Mars_bakim_x3.0_orta,0.027960824540692715,0.027960824540692625,1.0000000000000033,optimal,False
SRU_0824,Mars_bakim_x3.0_orta,-1.410518919703636e-30,0.027960824540692625,-5.044625624866124e-29,optimal,True
SRU_0855,Mars_bakim_x3.0_orta,0.027960824540707696,0.027960824540692625,1.0000000000005391,optimal,False
SRU_0674,Mars_bakim_x3.0_orta,0.0,0.027960824540692625,0.0,optimal,True
SRU_1970,Mars_bakim_x3.0_orta,0.027960824540693152,0.027960824540692625,1.0000000000000189,optimal,False
SRU_2199,Mars_bakim_x3.0_orta,0.027960824540693124,0.027960824540692625,1.0000000000000178,optimal,False
SRU_0600,Mars_bakim_x3.0_orta,0.027960824540693124,0.027960824540692625,1.0000000000000178,optimal,False
SRU_0505,Mars_bakim_x3.0_orta,0.027960824540693124,0.027960824540692625,1.0000000000000178,optimal,False
SRU_2184,Mars_bakim_x3.0_orta,0.0,0.027960824540692625,0.0,optimal,True
SRU_1366,Mars_bakim_x3.0_orta,0.0279608245406929,0.027960824540692625,1.0000000000000098,optimal,False
SRU_1670,Mars_bakim_x3.0_orta,0.027960824540693527,0.027960824540692625,1.0000000000000322,optimal,False
SRU_1701,Mars_bakim_x3.0_orta,0.027960824540693527,0.027960824540692625,1.0000000000000322,optimal,False
SRU_1042,Mars_bakim_x3.0_orta,0.027960824540693527,0.027960824540692625,1.0000000000000322,optimal,False
SRU_1963,Mars_bakim_x3.0_orta,0.027960824540693527,0.027960824540692625,1.0000000000000322,optimal,False
SRU_2202,Mars_bakim_x3.0_orta,0.027960824540693527,0.027960824540692625,1.0000000000000322,optimal,False
SRU_0756,Mars_bakim_x3.0_orta,0.027960824540693527,0.027960824540692625,1.0000000000000322,optimal,False
SRU_1705,Mars_bakim_x3.0_orta,0.027960824540693527,0.027960824540692625,1.0000000000000322,optimal,False
SRU_1906,Mars_bakim_x3.0_orta,0.02796082454069338,0.027960824540692625,1.000000000000027,optimal,False
SRU_2296,Mars_bakim_x3.0_orta,0.02737356089729766,0.027960824540692625,0.9789969125359557,optimal,False
SRU_2444,Mars_bakim_x3.0_orta,0.027960824540693305,0.027960824540692625,1.0000000000000244,optimal,False
SRU_0383,Mars_bakim_x3.0_orta,0.027960824540692722,0.027960824540692625,1.0000000000000036,optimal,False
SRU_0414,Mars_bakim_x3.0_orta,0.02796082454069327,0.027960824540692625,1.000000000000023,optimal,False
SRU_0022,Mars_bakim_x3.0_orta,0.02796082454069327,0.027960824540692625,1.000000000000023,optimal,False
SRU_0670,Mars_bakim_x3.0_orta,0.027953914073524166,0.027960824540692625,0.9997528518102747,optimal,False
SRU_2253,Mars_bakim_x3.0_orta,1.801280054896719e-17,0.027960824540692625,6.442156425949587e-16,optimal,True
SRU_1349,Mars_bakim_x3.0_orta,0.02796082454069492,0.027960824540692625,1.0000000000000822,optimal,False
SRU_0689,Mars_bakim_x3.0_orta,1.8903816308268967e-17,0.027960824540692625,6.760822192763811e-16,optimal,True
SRU_1198,Mars_bakim_x3.0_orta,0.0279608245406934,0.027960824540692625,1.0000000000000278,optimal,False
SRU_2701,Mars_bakim_x3.0_orta,6.692221036926497e-31,0.027960824540692625,2.3934276427317125e-29,optimal,True
SRU_2695,Mars_bakim_x3.0_orta,0.02796082454069261,0.027960824540692625,0.9999999999999996,optimal,False
SRU_1669,Mars_bakim_x3.0_orta,0.027960824540694373,0.027960824540692625,1.0000000000000626,optimal,False
SRU_2042,Mars_bakim_x3.0_orta,0.027960824540694373,0.027960824540692625,1.0000000000000626,optimal,False
SRU_1355,Mars_bakim_x3.0_orta,-4.424336674104652e-30,0.027960824540692625,-1.582334121680038e-28,optimal,True
SRU_1497,Mars_bakim_x3.0_orta,0.02796082454069601,0.027960824540692625,1.000000000000121,optimal,False
SRU_0915,Mars_bakim_x3.0_orta,0.027960824540692698,0.027960824540692625,1.0000000000000027,optimal,False
SRU_1855,Mars_bakim_x3.0_orta,0.027960824540692698,0.027960824540692625,1.0000000000000027,optimal,False
SRU_1559,Mars_bakim_x3.0_orta,0.027960824540692698,0.027960824540692625,1.0000000000000027,optimal,False
SRU_1786,Mars_bakim_x3.0_orta,0.02796082454069268,0.027960824540692625,1.000000000000002,optimal,False
SRU_0580,Mars_bakim_x3.0_orta,0.02796082454069237,0.027960824540692625,0.9999999999999909,optimal,False
SRU_1477,Mars_bakim_x3.0_orta,0.02796082454069237,0.027960824540692625,0.9999999999999909,optimal,False
SRU_1343,Mars_bakim_x3.0_orta,0.02796082454069237,0.027960824540692625,0.9999999999999909,optimal,False
SRU_1367,Mars_bakim_x3.0_orta,0.02796082454069237,0.027960824540692625,0.9999999999999909,optimal,False
SRU_0492,Mars_bakim_x3.0_orta,7.438537633957616e-17,0.027960824540692625,2.660342731714504e-15,optimal,True
SRU_0960,Mars_bakim_x3.0_orta,0.02796082454068999,0.027960824540692625,0.9999999999999059,optimal,False
SRU_0791,Mars_bakim_x3.0_orta,0.027960824540693267,0.027960824540692625,1.0000000000000229,optimal,False
SRU_2303,Mars_bakim_x3.0_orta,0.027960824540693267,0.027960824540692625,1.0000000000000229,optimal,False
SRU_2793,Mars_bakim_x3.0_orta,0.027960824540693267,0.027960824540692625,1.0000000000000229,optimal,False
SRU_2530,Mars_bakim_x3.0_orta,0.027960824540693267,0.027960824540692625,1.0000000000000229,optimal,False
SRU_0313,Mars_bakim_x3.0_orta,0.027960824540693267,0.027960824540692625,1.0000000000000229,optimal,False
SRU_0332,Mars_bakim_x3.0_orta,0.027960824540693267,0.027960824540692625,1.0000000000000229,optimal,False
SRU_0864,Mars_bakim_x3.0_orta,0.027960824540693267,0.027960824540692625,1.0000000000000229,optimal,False
SRU_0042,Mars_bakim_x3.0_orta,4.502960023944628e-16,0.027960824540692625,1.610453231588815e-14,optimal,True
SRU_1081,Mars_bakim_x3.0_orta,0.0,0.027960824540692625,0.0,optimal,True
SRU_1162,Mars_bakim_x3.0_orta,0.027960824540693166,0.027960824540692625,1.0000000000000193,optimal,False
SRU_2420,Mars_bakim_x3.0_orta,0.02796082454069356,0.027960824540692625,1.0000000000000335,optimal,False
SRU_1859,Mars_bakim_x3.0_orta,8.257103370679446e-17,0.027960824540692625,2.9530972374089034e-15,optimal,True
SRU_1189,Mars_bakim_x3.0_orta,0.02796082454069271,0.027960824540692625,1.000000000000003,optimal,False
SRU_2210,Mars_bakim_x3.0_orta,0.02796082454069278,0.027960824540692625,1.0000000000000056,optimal,False
SRU_0619,Mars_bakim_x3.0_orta,0.02796082454069278,0.027960824540692625,1.0000000000000056,optimal,False
SRU_0348,Mars_bakim_x3.0_orta,0.02796082454069278,0.027960824540692625,1.0000000000000056,optimal,False
SRU_0761,Mars_bakim_x3.0_orta,0.02796082454069278,0.027960824540692625,1.0000000000000056,optimal,False
SRU_0398,Mars_bakim_x3.0_orta,0.02796082454069278,0.027960824540692625,1.0000000000000056,optimal,False
SRU_0815,Mars_bakim_x3.0_orta,0.02796082454069278,0.027960824540692625,1.0000000000000056,optimal,False
SRU_1138,Mars_bakim_x3.0_orta,0.02796082454069278,0.027960824540692625,1.0000000000000056,optimal,False
SRU_0275,Mars_bakim_x3.0_orta,0.027960824540688805,0.027960824540692625,0.9999999999998633,optimal,False
SRU_0736,Mars_bakim_x3.0_orta,2.5483642013447625e-16,0.027960824540692625,9.114052404413236e-15,optimal,True
SRU_1620,Mars_bakim_x3.0_orta,-9.55324215452332e-15,0.027960824540692625,-3.416652517031486e-13,optimal,True
SRU_0936,Mars_bakim_x3.0_orta,0.027960824540692958,0.027960824540692625,1.000000000000012,optimal,False
SRU_1724,Mars_bakim_x3.0_orta,0.027960824540692826,0.027960824540692625,1.000000000000007,optimal,False
SRU_1842,Mars_bakim_x3.0_orta,0.027960824540692826,0.027960824540692625,1.000000000000007,optimal,False
SRU_2277,Mars_bakim_x3.0_orta,0.0,0.027960824540692625,0.0,optimal,True
SRU_2075,Mars_bakim_x3.0_orta,0.027960824540691764,0.027960824540692625,0.9999999999999692,optimal,False
SRU_1854,Mars_bakim_x3.0_orta,0.027960824540692313,0.027960824540692625,0.9999999999999888,optimal,False
SRU_1286,Mars_bakim_x3.0_orta,0.027960824540692313,0.027960824540692625,0.9999999999999888,optimal,False
SRU_0080,Mars_bakim_x3.0_orta,9.568734043391277e-17,0.027960824540692625,3.422193086425429e-15,optimal,True
SRU_2405,Mars_bakim_x3.0_orta,0.02796082454069398,0.027960824540692625,1.0000000000000484,optimal,False
SRU_2367,Mars_bakim_x3.0_orta,0.027960824540694314,0.027960824540692625,1.0000000000000604,optimal,False
SRU_0692,Mars_bakim_x3.0_orta,0.027960824540694314,0.027960824540692625,1.0000000000000604,optimal,False
SRU_2197,Mars_bakim_x3.0_orta,5.0764353627977624e-17,0.027960824540692625,1.815552812260526e-15,optimal,True
SRU_0576,Mars_bakim_x3.0_orta,0.0,0.027960824540692625,0.0,optimal,True
SRU_1971,Mars_bakim_x3.0_orta,0.027960824540693045,0.027960824540692625,1.000000000000015,optimal,False
SRU_2317,Mars_bakim_x3.0_orta,1.0282002448624769e-33,0.027960824540692625,3.677288712877875e-32,optimal,True
SRU_1296,Mars_bakim_x3.0_orta,0.027960824540690377,0.027960824540692625,0.9999999999999196,optimal,False
SRU_1665,Mars_bakim_x3.0_orta,0.0,0.027960824540692625,0.0,optimal,True
SRU_1473,Mars_bakim_x3.0_orta,0.027960824540692118,0.027960824540692625,0.9999999999999819,optimal,False
SRU_0933,Mars_bakim_x3.0_orta,0.027960824540693402,0.027960824540692625,1.0000000000000278,optimal,False
SRU_1035,Mars_bakim_x3.0_orta,0.027960824540693402,0.027960824540692625,1.0000000000000278,optimal,False
SRU_0132,Mars_bakim_x3.0_orta,0.027960824540693402,0.027960824540692625,1.0000000000000278,optimal,False
SRU_0177,Mars_bakim_x3.0_orta,0.027960824540693402,0.027960824540692625,1.0000000000000278,optimal,False
SRU_1055,Mars_bakim_x3.0_orta,0.027960824540693402,0.027960824540692625,1.0000000000000278,optimal,False
SRU_1013,Mars_bakim_x3.0_orta,4.170623396286212e-17,0.027960824540692625,1.4915952818975419e-15,optimal,True
SRU_0686,Mars_bakim_x3.0_orta,0.02796082454069277,0.027960824540692625,1.000000000000005,optimal,False
SRU_1430,Mars_bakim_x3.0_orta,-2.6629548803486038e-17,0.027960824540692625,-9.523878226384519e-16,optimal,True
SRU_0660,Mars_bakim_x3.0_orta,0.027960824540693346,0.027960824540692625,1.0000000000000258,optimal,False
SRU_1170,Mars_bakim_x3.0_orta,0.027960824540706065,0.027960824540692625,1.0000000000004807,optimal,False
SRU_1832,Mars_bakim_x3.0_orta,0.027960824540694183,0.027960824540692625,1.0000000000000557,optimal,False
SRU_2216,Mars_bakim_x3.0_orta,0.027960824540694183,0.027960824540692625,1.0000000000000557,optimal,False
SRU_1708,Mars_bakim_x3.0_orta,0.027960824540694183,0.027960824540692625,1.0000000000000557,optimal,False
SRU_1668,Mars_bakim_x3.0_orta,3.4330387068288915e-16,0.027960824540692625,1.2278031006677354e-14,optimal,True
SRU_1740,Mars_bakim_x3.0_orta,0.02796082454069286,0.027960824540692625,1.0000000000000084,optimal,False
SRU_2039,Mars_bakim_x3.0_orta,0.027960824540692493,0.027960824540692625,0.9999999999999953,optimal,False
SRU_2044,Mars_bakim_x3.0_orta,0.027960824540692757,0.027960824540692625,1.0000000000000047,optimal,False
SRU_0653,Mars_bakim_x3.0_orta,0.027960824540692757,0.027960824540692625,1.0000000000000047,optimal,False
SRU_1460,Mars_bakim_x3.0_orta,0.027960824540692757,0.027960824540692625,1.0000000000000047,optimal,False
SRU_1058,Mars_bakim_x3.0_orta,0.027960824540692757,0.027960824540692625,1.0000000000000047,optimal,False
SRU_0043,Mars_bakim_x3.0_orta,0.0,0.027960824540692625,0.0,optimal,True
SRU_2128,Mars_bakim_x3.0_orta,0.0,0.027960824540692625,0.0,optimal,True
SRU_1169,Mars_bakim_x3.0_orta,0.027960824540693714,0.027960824540692625,1.0000000000000389,optimal,False
SRU_0238,Mars_bakim_x3.0_orta,0.027960824540693343,0.027960824540692625,1.0000000000000258,optimal,False
SRU_1788,Mars_bakim_x3.0_orta,0.02796082454069334,0.027960824540692625,1.0000000000000255,optimal,False
SRU_0989,Mars_bakim_x3.0_orta,0.02796082454069388,0.027960824540692625,1.0000000000000449,optimal,False
SRU_0682,Mars_bakim_x3.0_orta,5.222591337628454e-16,0.027960824540692625,1.867824509262159e-14,optimal,True
SRU_0808,Mars_bakim_x3.0_orta,0.027960824540692212,0.027960824540692625,0.9999999999999852,optimal,False
SRU_0602,Mars_bakim_x3.0_orta,0.027960824540693315,0.027960824540692625,1.0000000000000246,optimal,False
SRU_2807,Mars_bakim_x3.0_orta,0.027960824540693315,0.027960824540692625,1.0000000000000246,optimal,False
SRU_0895,Mars_bakim_x3.0_orta,0.027960824540693315,0.027960824540692625,1.0000000000000246,optimal,False
SRU_1413,Mars_bakim_x3.0_orta,0.027960824540693315,0.027960824540692625,1.0000000000000246,optimal,False
SRU_1894,Mars_bakim_x3.0_orta,0.027960824540693315,0.027960824540692625,1.0000000000000246,optimal,False
SRU_0979,Mars_bakim_x3.0_orta,0.027960824540693315,0.027960824540692625,1.0000000000000246,optimal,False
SRU_0028,Mars_bakim_x3.0_orta,-2.7836096192625805e-30,0.027960824540692625,-9.955391748950287e-29,optimal,True
SRU_1621,Mars_bakim_x3.0_orta,0.0,0.027960824540692625,0.0,optimal,True
SRU_1260,Mars_bakim_x3.0_orta,0.027960824540693572,0.027960824540692625,1.000000000000034,optimal,False
SRU_0323,Mars_bakim_x3.0_orta,0.027960824540692927,0.027960824540692625,1.0000000000000109,optimal,False
SRU_1872,Mars_bakim_x3.0_orta,8.79094910826672e-31,0.027960824540692625,3.144023558916463e-29,optimal,True
SRU_0326,Mars_bakim_x3.0_orta,0.02796082454069378,0.027960824540692625,1.0000000000000413,optimal,False
SRU_1210,Mars_bakim_x3.0_orta,0.027960824540692757,0.027960824540692625,1.0000000000000047,optimal,False
SRU_1745,Mars_bakim_x3.0_orta,0.027960824540692757,0.027960824540692625,1.0000000000000047,optimal,False
SRU_1684,Mars_bakim_x3.0_orta,0.0,0.027960824540692625,0.0,optimal,True
SRU_2068,Mars_bakim_x3.0_orta,0.027960824540693378,0.027960824540692625,1.0000000000000269,optimal,False
SRU_2152,Mars_bakim_x3.0_orta,0.027960824540692854,0.027960824540692625,1.0000000000000082,optimal,False
SRU_1027,Mars_bakim_x3.0_orta,0.02796082454069288,0.027960824540692625,1.000000000000009,optimal,False
SRU_0479,Mars_bakim_x3.0_orta,0.02796082454069382,0.027960824540692625,1.0000000000000426,optimal,False
SRU_0605,Mars_bakim_x3.0_orta,0.02796082454069382,0.027960824540692625,1.0000000000000426,optimal,False
SRU_1133,Mars_bakim_x3.0_orta,0.027960824540693843,0.027960824540692625,1.0000000000000435,optimal,False
SRU_0597,Mars_bakim_x3.0_orta,0.027960824540692902,0.027960824540692625,1.00000000000001,optimal,False
SRU_0538,Mars_bakim_x3.0_orta,0.027960824540692902,0.027960824540692625,1.00000000000001,optimal,False
Unknown,Mars_bakim_x3.0_orta,0.024873447171692823,0.027960824540692625,0.8895820341597365,optimal,False
SRU_0947,Mars_bakim_x3.0_orta,0.027960824540692784,0.027960824540692625,1.0000000000000058,optimal,False
SRU_1257,Mars_bakim_x3.0_orta,0.027960824540692902,0.027960824540692625,1.00000000000001,optimal,False
SRU_0544,Mars_bakim_x3.0_orta,0.027960824540692902,0.027960824540692625,1.00000000000001,optimal,False
SRU_1913,Mars_bakim_x3.0_orta,-2.56963790404691e-17,0.027960824540692625,-9.19013636492444e-16,optimal,True
SRU_0722,Mars_bakim_x3.0_orta,0.027960824540690533,0.027960824540692625,0.9999999999999252,optimal,False
SRU_0557,Mars_bakim_x3.0_orta,-2.794009094683394e-18,0.027960824540692625,-9.992584770227891e-17,optimal,True
SRU_2149,Mars_bakim_x3.0_orta,0.027960824540691088,0.027960824540692625,0.999999999999945,optimal,False
SRU_0337,Mars_bakim_x3.0_orta,-1.2449346188300797e-18,0.027960824540692625,-4.4524245592910587e-17,optimal,True
SRU_0001,Mars_bakim_x3.0_orta,0.027960824540691098,0.027960824540692625,0.9999999999999454,optimal,False
SRU_1664,Mars_bakim_x3.0_orta,0.027960824540693183,0.027960824540692625,1.00000000000002,optimal,False
SRU_0041,Mars_bakim_x3.0_orta,1.568675012617281e-17,0.027960824540692625,5.610260206505422e-16,optimal,True
SRU_0020,Mars_bakim_x3.0_orta,0.027960824540693003,0.027960824540692625,1.0000000000000135,optimal,False
SRU_0550,Mars_bakim_x3.0_orta,0.027960824540693784,0.027960824540692625,1.0000000000000415,optimal,False
SRU_1080,Mars_bakim_x3.0_orta,-1.525461332434589e-17,0.027960824540692625,-5.45570939875009e-16,optimal,True
SRU_1302,Mars_bakim_x3.0_orta,0.02796082454069096,0.027960824540692625,0.9999999999999405,optimal,False
SRU_1149,Mars_bakim_x3.0_orta,0.027960824540693405,0.027960824540692625,1.000000000000028,optimal,False
SRU_0419,Mars_bakim_x3.0_orta,4.318932292012042e-19,0.027960824540692625,1.5446369565126766e-17,optimal,True
SRU_1714,Mars_bakim_x3.0_orta,0.0,0.027960824540692625,0.0,optimal,True
SRU_0372,Mars_bakim_x3.0_orta,0.02796082454069116,0.027960824540692625,0.9999999999999476,optimal,False
SRU_0685,Mars_bakim_x3.0_orta,-4.1722787336321205e-18,0.027960824540692625,-1.4921873021162229e-16,optimal,True
SRU_1049,Mars_bakim_x3.0_orta,0.027960824540694845,0.027960824540692625,1.0000000000000795,optimal,False
SRU_1476,Mars_bakim_x3.0_orta,0.027960824540693405,0.027960824540692625,1.000000000000028,optimal,False
SRU_1225,Mars_bakim_x3.0_orta,0.027960824540693405,0.027960824540692625,1.000000000000028,optimal,False
SRU_1939,Mars_bakim_x3.0_orta,0.027960824540693405,0.027960824540692625,1.000000000000028,optimal,False
SRU_1038,Mars_bakim_x3.0_orta,0.027960824540693405,0.027960824540692625,1.000000000000028,optimal,False
SRU_0955,Mars_bakim_x3.0_orta,0.027960824540693405,0.027960824540692625,1.000000000000028,optimal,False
SRU_2154,Mars_bakim_x3.0_orta,0.027960824540693405,0.027960824540692625,1.000000000000028,optimal,False
SRU_1018,Mars_bakim_x3.0_orta,-3.934959522518926e-17,0.027960824540692625,-1.407311689536267e-15,optimal,True
SRU_0484,Mars_bakim_x3.0_orta,0.027959564141976163,0.027960824540692625,0.9999549226914025,optimal,False
SRU_2799,Mars_bakim_x3.0_orta,0.0279608245406933,0.027960824540692625,1.0000000000000242,optimal,False
SRU_1112,Mars_bakim_x3.0_orta,0.027960824540692476,0.027960824540692625,0.9999999999999947,optimal,False
SRU_1666,Mars_bakim_x3.0_orta,-4.287314185624806e-18,0.027960824540692625,-1.533328954368026e-16,optimal,True
SRU_2721,Mars_bakim_x3.0_orta,0.027960824540690873,0.027960824540692625,0.9999999999999374,optimal,False
SRU_1856,Mars_bakim_x3.0_orta,0.027960824540693142,0.027960824540692625,1.0000000000000184,optimal,False
SRU_0589,Mars_bakim_x3.0_orta,0.027960824540693142,0.027960824540692625,1.0000000000000184,optimal,False
SRU_0651,Mars_bakim_x3.0_orta,0.027960824540693142,0.027960824540692625,1.0000000000000184,optimal,False
SRU_1415,Mars_bakim_x3.0_orta,-1.7634063180862357e-17,0.027960824540692625,-6.306703564910514e-16,optimal,True
SRU_0775,Mars_bakim_x3.0_orta,0.027960824540693752,0.027960824540692625,1.0000000000000404,optimal,False
SRU_1411,Mars_bakim_x3.0_orta,1.2683265120466292e-18,0.027960824540692625,4.536084085076881e-17,optimal,True
SRU_1285,Mars_bakim_x3.0_orta,0.027960824540692607,0.027960824540692625,0.9999999999999993,optimal,False
SRU_1252,Mars_bakim_x3.0_orta,0.027960824540692552,0.027960824540692625,0.9999999999999974,optimal,False
SRU_0045,Mars_bakim_x3.0_orta,1.5000467069429736e-17,0.027960824540692625,5.364815707633691e-16,optimal,True
SRU_1200,Mars_bakim_x3.0_orta,0.02796082454069261,0.027960824540692625,0.9999999999999996,optimal,False
SRU_1905,Mars_bakim_x3.0_orta,0.027960824540692236,0.027960824540692625,0.9999999999999861,optimal,False
SRU_1792,Mars_bakim_x3.0_orta,0.027960824540692916,0.027960824540692625,1.0000000000000104,optimal,False
SRU_0697,Mars_bakim_x3.0_orta,0.027960824540692916,0.027960824540692625,1.0000000000000104,optimal,False
SRU_1617,Mars_bakim_x3.0_orta,0.027960824540692916,0.027960824540692625,1.0000000000000104,optimal,False
SRU_1323,Mars_bakim_x3.0_orta,0.027960824540692916,0.027960824540692625,1.0000000000000104,optimal,False
SRU_0717,Mars_bakim_x3.0_orta,0.027960824540692916,0.027960824540692625,1.0000000000000104,optimal,False
SRU_2153,Mars_bakim_x3.0_orta,-6.239483667035654e-17,0.027960824540692625,-2.231509180981075e-15,optimal,True
SRU_2806,Mars_bakim_x3.0_orta,0.02796082454069305,0.027960824540692625,1.0000000000000153,optimal,False
SRU_2497,Mars_bakim_x3.0_orta,0.027960824540692802,0.027960824540692625,1.0000000000000062,optimal,False
SRU_2319,Mars_bakim_x3.0_orta,0.027960824540692802,0.027960824540692625,1.0000000000000062,optimal,False
SRU_0969,Mars_bakim_x3.0_orta,-3.035550181668835e-32,0.027960824540692625,-1.0856440149864195e-30,optimal,True
SRU_1547,Mars_bakim_x3.0_orta,0.027960824540693013,0.027960824540692625,1.000000000000014,optimal,False
SRU_0239,Mars_bakim_x3.0_orta,0.02796082454069331,0.027960824540692625,1.0000000000000244,optimal,False
SRU_0385,Mars_bakim_x3.0_orta,0.02796082454069331,0.027960824540692625,1.0000000000000244,optimal,False
SRU_0828,Mars_bakim_x3.0_orta,0.0,0.027960824540692625,0.0,optimal,True
SRU_0486,Mars_bakim_x3.0_orta,0.02795956414197819,0.027960824540692625,0.9999549226914749,optimal,False
SRU_1796,Mars_bakim_x3.0_orta,0.027960824540693718,0.027960824540692625,1.000000000000039,optimal,False
SRU_0825,Mars_bakim_x3.0_orta,0.027960824540693586,0.027960824540692625,1.0000000000000344,optimal,False
SRU_0561,Mars_bakim_x3.0_orta,0.0,0.027960824540692625,0.0,optimal,True
SRU_1616,Mars_bakim_x3.0_orta,0.027960824540689936,0.027960824540692625,0.9999999999999039,optimal,False
SRU_1173,Mars_bakim_x3.0_orta,0.027960824540693142,0.027960824540692625,1.0000000000000184,optimal,False
SRU_0560,Mars_bakim_x3.0_orta,4.1419964945619895e-16,0.027960824540692625,1.4813570638927184e-14,optimal,True
SRU_1215,Mars_bakim_x3.0_orta,1.7987607693165876e-30,0.027960824540692625,6.433146371269457e-29,optimal,True
SRU_0496,Mars_bakim_x3.0_orta,0.02796082454069338,0.027960824540692625,1.000000000000027,optimal,False
SRU_2207,Mars_bakim_x3.0_orta,0.027960824540692288,0.027960824540692625,0.999999999999988,optimal,False
SRU_0838,Mars_bakim_x3.0_orta,0.027960824540692288,0.027960824540692625,0.999999999999988,optimal,False
SRU_0569,Mars_bakim_x3.0_orta,0.0,0.027960824540692625,0.0,optimal,True
SRU_2791,Mars_bakim_x3.0_orta,0.0,0.027960824540692625,0.0,optimal,True
SRU_2150,Mars_bakim_x3.0_orta,0.027960824540687955,0.027960824540692625,0.999999999999833,optimal,False
SRU_2681,Mars_bakim_x3.0_orta,0.02796082454069264,0.027960824540692625,1.0000000000000004,optimal,False
SRU_0422,Mars_bakim_x3.0_orta,-7.870104958656275e-31,0.027960824540692625,-2.814689869822173e-29,optimal,True
SRU_0874,Mars_bakim_x3.0_orta,0.027960824540692958,0.027960824540692625,1.000000000000012,optimal,False
SRU_0037,Mars_bakim_x3.0_orta,0.027960824540693104,0.027960824540692625,1.000000000000017,optimal,False
SRU_2342,Mars_bakim_x3.0_orta,0.0,0.027960824540692625,0.0,optimal,True
SRU_1556,Mars_bakim_x3.0_orta,0.02796082454069244,0.027960824540692625,0.9999999999999934,optimal,False
SRU_0481,Mars_bakim_x3.0_orta,0.02796082454069293,0.027960824540692625,1.0000000000000109,optimal,False
SRU_1630,Mars_bakim_x3.0_orta,0.02796082454069293,0.027960824540692625,1.0000000000000109,optimal,False
SRU_1557,Mars_bakim_x3.0_orta,0.02796082454069293,0.027960824540692625,1.0000000000000109,optimal,False
SRU_0300,Mars_bakim_x3.0_orta,0.02796082454069293,0.027960824540692625,1.0000000000000109,optimal,False
SRU_1237,Mars_bakim_x3.0_orta,0.02796082454069293,0.027960824540692625,1.0000000000000109,optimal,False
SRU_1267,Mars_bakim_x3.0_orta,0.02796082454069293,0.027960824540692625,1.0000000000000109,optimal,False
SRU_1048,Mars_bakim_x3.0_orta,0.02796082454069293,0.027960824540692625,1.0000000000000109,optimal,False
SRU_0364,Mars_bakim_x3.0_orta,0.02796082454069293,0.027960824540692625,1.0000000000000109,optimal,False
SRU_0922,Mars_bakim_x3.0_orta,0.02796082454069293,0.027960824540692625,1.0000000000000109,optimal,False
SRU_0839,Mars_bakim_x3.0_orta,0.02796082454069293,0.027960824540692625,1.0000000000000109,optimal,False
SRU_0811,Mars_bakim_x3.0_orta,0.0,0.027960824540692625,0.0,optimal,True
SRU_1229,Mars_bakim_x3.0_orta,0.027960824540692954,0.027960824540692625,1.0000000000000118,optimal,False
SRU_0322,Mars_bakim_x3.0_orta,0.027960824540693104,0.027960824540692625,1.000000000000017,optimal,False
SRU_0393,Mars_bakim_x3.0_orta,0.027960824540693104,0.027960824540692625,1.000000000000017,optimal,False
SRU_0980,Mars_bakim_x3.0_orta,0.027960824540693104,0.027960824540692625,1.000000000000017,optimal,False
SRU_1363,Mars_bakim_x3.0_orta,0.0,0.027960824540692625,0.0,optimal,True
SRU_1006,Mars_bakim_x3.0_orta,0.02796082454069334,0.027960824540692625,1.0000000000000255,optimal,False
SRU_2541,Mars_bakim_x3.0_orta,0.027960824540693364,0.027960824540692625,1.0000000000000264,optimal,False
SRU_2344,Mars_bakim_x3.0_orta,0.027960824540693364,0.027960824540692625,1.0000000000000264,optimal,False
SRU_0931,Mars_bakim_x3.0_orta,0.027960824540693364,0.027960824540692625,1.0000000000000264,optimal,False
SRU_2217,Mars_bakim_x3.0_orta,0.0,0.027960824540692625,0.0,optimal,True
SRU_1444,Mars_bakim_x3.0_orta,0.02796082454069333,0.027960824540692625,1.000000000000025,optimal,False
SRU_1030,Mars_bakim_x3.0_orta,0.027960824540693364,0.027960824540692625,1.0000000000000264,optimal,False
SRU_2220,Mars_bakim_x3.0_orta,0.0,0.027960824540692625,0.0,optimal,True
SRU_1710,Mars_bakim_x3.0_orta,0.027960824540693274,0.027960824540692625,1.000000000000023,optimal,False
SRU_0710,Mars_bakim_x3.0_orta,0.027960824540693284,0.027960824540692625,1.0000000000000235,optimal,False
SRU_2060,Mars_bakim_x3.0_orta,-1.2367026032276173e-31,0.027960824540692625,-4.422983311625125e-30,optimal,True
SRU_0963,Mars_bakim_x3.0_orta,-3.0048621234349233e-15,0.027960824540692625,-1.0746686382806109e-13,optimal,True
SRU_2693,Mars_bakim_x3.0_orta,0.02796082454070759,0.027960824540692625,1.0000000000005351,optimal,False
SRU_2205,Mars_bakim_x3.0_orta,0.027960824540692934,0.027960824540692625,1.000000000000011,optimal,False
SRU_0423,Mars_bakim_x3.0_orta,0.027960824540692934,0.027960824540692625,1.000000000000011,optimal,False
SRU_1709,Mars_bakim_x3.0_orta,0.027960824540692607,0.027960824540692625,0.9999999999999993,optimal,False
SRU_1211,Mars_bakim_x3.0_orta,0.027960824540692607,0.027960824540692625,0.9999999999999993,optimal,False
SRU_2219,Mars_bakim_x3.0_orta,0.027960824540692607,0.027960824540692625,0.9999999999999993,optimal,False
SRU_2812,Mars_bakim_x3.0_orta,0.027960824540692607,0.027960824540692625,0.9999999999999993,optimal,False
SRU_0608,Mars_bakim_x3.0_orta,0.027960824540692607,0.027960824540692625,0.9999999999999993,optimal,False
SRU_1514,Mars_bakim_x3.0_orta,0.027960824540692607,0.027960824540692625,0.9999999999999993,optimal,False
SRU_1614,Mars_bakim_x3.0_orta,0.027960824540692607,0.027960824540692625,0.9999999999999993,optimal,False
SRU_2709,Mars_bakim_x3.0_orta,0.027960824540692607,0.027960824540692625,0.9999999999999993,optimal,False
SRU_1050,Mars_bakim_x3.0_orta,0.027960824540692607,0.027960824540692625,0.9999999999999993,optimal,False
SRU_1744,Mars_bakim_x3.0_orta,0.027960824540692607,0.027960824540692625,0.9999999999999993,optimal,False
SRU_0573,Mars_bakim_x3.0_orta,0.027960824540692607,0.027960824540692625,0.9999999999999993,optimal,False
SRU_2761,Mars_bakim_x3.0_orta,0.027960824540692816,0.027960824540692625,1.0000000000000069,optimal,False
SRU_0691,Mars_bakim_x3.0_orta,0.027960824540692816,0.027960824540692625,1.0000000000000069,optimal,False
SRU_0461,Mars_bakim_x3.0_orta,0.027960824540692816,0.027960824540692625,1.0000000000000069,optimal,False
SRU_2203,Mars_bakim_x3.0_orta,0.027960824540692816,0.027960824540692625,1.0000000000000069,optimal,False
SRU_1554,Mars_bakim_x3.0_orta,0.0,0.027960824540692625,0.0,optimal,True
SRU_1384,Mars_bakim_x3.0_orta,0.027960824540692892,0.027960824540692625,1.0000000000000095,optimal,False
SRU_1218,Mars_bakim_x3.0_orta,0.027960824540693013,0.027960824540692625,1.000000000000014,optimal,False
SRU_1552,Mars_bakim_x3.0_sert,0.006662435703953717,0.00666243570395448,0.9999999999998854,optimal,False
SRU_0970,Mars_bakim_x3.0_sert,0.006662435703953717,0.00666243570395448,0.9999999999998854,optimal,False
SRU_0078,Mars_bakim_x3.0_sert,0.00666243570395372,0.00666243570395448,0.999999999999886,optimal,False
SRU_2218,Mars_bakim_x3.0_sert,0.006662435703953692,0.00666243570395448,0.9999999999998817,optimal,False
SRU_0846,Mars_bakim_x3.0_sert,0.006662435703953692,0.00666243570395448,0.9999999999998817,optimal,False
SRU_2369,Mars_bakim_x3.0_sert,0.006662435703953692,0.00666243570395448,0.9999999999998817,optimal,False
SRU_1457,Mars_bakim_x3.0_sert,0.006662435703953692,0.00666243570395448,0.9999999999998817,optimal,False
SRU_1269,Mars_bakim_x3.0_sert,0.006662435703953692,0.00666243570395448,0.9999999999998817,optimal,False
SRU_1553,Mars_bakim_x3.0_sert,0.0,0.00666243570395448,0.0,optimal,True
SRU_2450,Mars_bakim_x3.0_sert,0.006662435703954788,0.00666243570395448,1.0000000000000462,optimal,False
SRU_2098,Mars_bakim_x3.0_sert,0.006662435703953479,0.00666243570395448,0.9999999999998498,optimal,False
SRU_2320,Mars_bakim_x3.0_sert,0.006662435703953479,0.00666243570395448,0.9999999999998498,optimal,False
SRU_1481,Mars_bakim_x3.0_sert,0.006662435703953479,0.00666243570395448,0.9999999999998498,optimal,False
SRU_1442,Mars_bakim_x3.0_sert,0.006662435703953692,0.00666243570395448,0.9999999999998817,optimal,False
SRU_0034,Mars_bakim_x3.0_sert,0.006662435703953692,0.00666243570395448,0.9999999999998817,optimal,False
SRU_1335,Mars_bakim_x3.0_sert,0.006662435703953692,0.00666243570395448,0.9999999999998817,optimal,False
SRU_2739,Mars_bakim_x3.0_sert,0.0,0.00666243570395448,0.0,optimal,True
SRU_1060,Mars_bakim_x3.0_sert,0.006662435703954606,0.00666243570395448,1.0000000000000189,optimal,False
SRU_1301,Mars_bakim_x3.0_sert,-1.0742861732946157e-30,0.00666243570395448,-1.6124525939619567e-28,optimal,True
SRU_2805,Mars_bakim_x3.0_sert,0.006662435703954081,0.00666243570395448,0.9999999999999402,optimal,False
SRU_1702,Mars_bakim_x3.0_sert,0.0,0.00666243570395448,0.0,optimal,True
SRU_1662,Mars_bakim_x3.0_sert,0.0,0.00666243570395448,0.0,optimal,True
SRU_1677,Mars_bakim_x3.0_sert,0.0066624357039547985,0.00666243570395448,1.0000000000000477,optimal,False
SRU_2373,Mars_bakim_x3.0_sert,0.006662435703954495,0.00666243570395448,1.0000000000000022,optimal,False
SRU_0394,Mars_bakim_x3.0_sert,0.006662435703954495,0.00666243570395448,1.0000000000000022,optimal,False
SRU_1036,Mars_bakim_x3.0_sert,0.006662435703954495,0.00666243570395448,1.0000000000000022,optimal,False
SRU_1019,Mars_bakim_x3.0_sert,0.0,0.00666243570395448,0.0,optimal,True
SRU_0325,Mars_bakim_x3.0_sert,0.006662435703954966,0.00666243570395448,1.0000000000000728,optimal,False
SRU_1639,Mars_bakim_x3.0_sert,-6.973162004099541e-16,0.00666243570395448,-1.046638543912796e-13,optimal,True
SRU_1626,Mars_bakim_x3.0_sert,0.006662435703954356,0.00666243570395448,0.9999999999999813,optimal,False
SRU_0785,Mars_bakim_x3.0_sert,0.006037080493936556,0.00666243570395448,0.9061371489638924,optimal,False
SRU_1839,Mars_bakim_x3.0_sert,-1.1540130511264175e-15,0.00666243570395448,-1.732118856233696e-13,optimal,True
SRU_2386,Mars_bakim_x3.0_sert,0.001237820845404631,0.00666243570395448,0.1857910380538343,optimal,False
SRU_0427,Mars_bakim_x3.0_sert,0.006662435703955001,0.00666243570395448,1.0000000000000782,optimal,False
SRU_0079,Mars_bakim_x3.0_sert,0.006662435703953968,0.00666243570395448,0.9999999999999231,optimal,False
SRU_0666,Mars_bakim_x3.0_sert,0.006662435703954413,0.00666243570395448,0.99999999999999,optimal,False
SRU_1471,Mars_bakim_x3.0_sert,0.006662435703954413,0.00666243570395448,0.99999999999999,optimal,False
SRU_0571,Mars_bakim_x3.0_sert,0.006662435703954195,0.00666243570395448,0.9999999999999571,optimal,False
SRU_0038,Mars_bakim_x3.0_sert,0.006662435703954195,0.00666243570395448,0.9999999999999571,optimal,False
SRU_0431,Mars_bakim_x3.0_sert,0.006662435703954195,0.00666243570395448,0.9999999999999571,optimal,False
SRU_2804,Mars_bakim_x3.0_sert,0.006662435703954195,0.00666243570395448,0.9999999999999571,optimal,False
SRU_1526,Mars_bakim_x3.0_sert,0.0,0.00666243570395448,0.0,optimal,True
SRU_2302,Mars_bakim_x3.0_sert,0.00666243570395514,0.00666243570395448,1.000000000000099,optimal,False
SRU_1560,Mars_bakim_x3.0_sert,1.392059322963842e-15,0.00666243570395448,2.0894150200017495e-13,optimal,True
SRU_1603,Mars_bakim_x3.0_sert,0.006662435703955206,0.00666243570395448,1.000000000000109,optimal,False
SRU_0902,Mars_bakim_x3.0_sert,0.006662435703954404,0.00666243570395448,0.9999999999999886,optimal,False
SRU_1770,Mars_bakim_x3.0_sert,0.006662435703954337,0.00666243570395448,0.9999999999999786,optimal,False
SRU_1760,Mars_bakim_x3.0_sert,0.006662435703954337,0.00666243570395448,0.9999999999999786,optimal,False
SRU_1657,Mars_bakim_x3.0_sert,0.006538642792977571,0.00666243570395448,0.9814192711978545,optimal,False
SRU_1474,Mars_bakim_x3.0_sert,0.006662435703954186,0.00666243570395448,0.9999999999999558,optimal,False
SRU_1059,Mars_bakim_x3.0_sert,0.006662435703954991,0.00666243570395448,1.0000000000000766,optimal,False
SRU_0030,Mars_bakim_x3.0_sert,1.049581809514953e-16,0.00666243570395448,1.5753725156281433e-14,optimal,True
SRU_0760,Mars_bakim_x3.0_sert,0.006662435703954192,0.00666243570395448,0.9999999999999568,optimal,False
SRU_2802,Mars_bakim_x3.0_sert,0.006662435703954002,0.00666243570395448,0.9999999999999283,optimal,False
SRU_1034,Mars_bakim_x3.0_sert,0.006662435703954002,0.00666243570395448,0.9999999999999283,optimal,False
SRU_1629,Mars_bakim_x3.0_sert,0.006662435703954002,0.00666243570395448,0.9999999999999283,optimal,False
SRU_0681,Mars_bakim_x3.0_sert,0.006662435703954002,0.00666243570395448,0.9999999999999283,optimal,False
SRU_0424,Mars_bakim_x3.0_sert,0.006662435703954006,0.00666243570395448,0.9999999999999288,optimal,False
SRU_0596,Mars_bakim_x3.0_sert,0.00666243570395397,0.00666243570395448,0.9999999999999234,optimal,False
SRU_1270,Mars_bakim_x3.0_sert,0.00666243570395397,0.00666243570395448,0.9999999999999234,optimal,False
SRU_0511,Mars_bakim_x3.0_sert,-6.439728961813921e-16,0.00666243570395448,-9.665727742770754e-14,optimal,True
SRU_2198,Mars_bakim_x3.0_sert,-8.426156790462794e-18,0.00666243570395448,-1.2647261699593528e-15,optimal,True
SRU_2255,Mars_bakim_x3.0_sert,0.006662435703954637,0.00666243570395448,1.0000000000000235,optimal,False
SRU_1061,Mars_bakim_x3.0_sert,0.006662435703954676,0.00666243570395448,1.0000000000000295,optimal,False
SRU_1253,Mars_bakim_x3.0_sert,0.006662435703954676,0.00666243570395448,1.0000000000000295,optimal,False
SRU_1246,Mars_bakim_x3.0_sert,0.006662435703954676,0.00666243570395448,1.0000000000000295,optimal,False
SRU_0074,Mars_bakim_x3.0_sert,0.006662435703954676,0.00666243570395448,1.0000000000000295,optimal,False
SRU_0276,Mars_bakim_x3.0_sert,0.006662435703954676,0.00666243570395448,1.0000000000000295,optimal,False
SRU_0647,Mars_bakim_x3.0_sert,0.006662435703954676,0.00666243570395448,1.0000000000000295,optimal,False
SRU_1875,Mars_bakim_x3.0_sert,0.006662435703954677,0.00666243570395448,1.0000000000000295,optimal,False
SRU_1781,Mars_bakim_x3.0_sert,0.006662435703954737,0.00666243570395448,1.0000000000000386,optimal,False
SRU_0962,Mars_bakim_x3.0_sert,0.0,0.00666243570395448,0.0,optimal,True
SRU_1831,Mars_bakim_x3.0_sert,0.0066624357039545045,0.00666243570395448,1.0000000000000036,optimal,False
SRU_0362,Mars_bakim_x3.0_sert,0.006662435703954593,0.00666243570395448,1.0000000000000169,optimal,False
SRU_1459,Mars_bakim_x3.0_sert,0.006662435703954593,0.00666243570395448,1.0000000000000169,optimal,False
SRU_0531,Mars_bakim_x3.0_sert,0.006662435703954593,0.00666243570395448,1.0000000000000169,optimal,False
SRU_1351,Mars_bakim_x3.0_sert,0.0,0.00666243570395448,0.0,optimal,True
SRU_0916,Mars_bakim_x3.0_sert,0.006662435703954531,0.00666243570395448,1.0000000000000078,optimal,False
SRU_1502,Mars_bakim_x3.0_sert,0.0,0.00666243570395448,0.0,optimal,True
SRU_0498,Mars_bakim_x3.0_sert,0.0066624357039545565,0.00666243570395448,1.0000000000000115,optimal,False
SRU_0093,Mars_bakim_x3.0_sert,0.006662435703954731,0.00666243570395448,1.0000000000000375,optimal,False
SRU_0669,Mars_bakim_x3.0_sert,0.006662435703954731,0.00666243570395448,1.0000000000000375,optimal,False
SRU_0488,Mars_bakim_x3.0_sert,0.006662435703954731,0.00666243570395448,1.0000000000000375,optimal,False
SRU_1172,Mars_bakim_x3.0_sert,0.006662435703954731,0.00666243570395448,1.0000000000000375,optimal,False
SRU_1849,Mars_bakim_x3.0_sert,0.0,0.00666243570395448,0.0,optimal,True
SRU_0673,Mars_bakim_x3.0_sert,0.006662435703954304,0.00666243570395448,0.9999999999999736,optimal,False
SRU_2206,Mars_bakim_x3.0_sert,0.006662435703954864,0.00666243570395448,1.0000000000000577,optimal,False
SRU_1667,Mars_bakim_x3.0_sert,0.0,0.00666243570395448,0.0,optimal,True
SRU_1291,Mars_bakim_x3.0_sert,0.006662435703954356,0.00666243570395448,0.9999999999999813,optimal,False
SRU_0588,Mars_bakim_x3.0_sert,0.006662435703954139,0.00666243570395448,0.9999999999999488,optimal,False
SRU_2658,Mars_bakim_x3.0_sert,0.006662435703954139,0.00666243570395448,0.9999999999999488,optimal,False
SRU_2145,Mars_bakim_x3.0_sert,-3.017380271748548e-17,0.00666243570395448,-4.528944677030933e-15,optimal,True
SRU_0480,Mars_bakim_x3.0_sert,0.0,0.00666243570395448,0.0,optimal,True
SRU_2656,Mars_bakim_x3.0_sert,0.0,0.00666243570395448,0.0,optimal,True
SRU_1447,Mars_bakim_x3.0_sert,0.006662435703954787,0.00666243570395448,1.0000000000000462,optimal,False
SRU_1119,Mars_bakim_x3.0_sert,0.006662435703955202,0.00666243570395448,1.0000000000001084,optimal,False
SRU_1778,Mars_bakim_x3.0_sert,0.006662435703955202,0.00666243570395448,1.0000000000001084,optimal,False
SRU_2740,Mars_bakim_x3.0_sert,0.006662435703955202,0.00666243570395448,1.0000000000001084,optimal,False
SRU_1874,Mars_bakim_x3.0_sert,0.0,0.00666243570395448,0.0,optimal,True
SRU_2019,Mars_bakim_x3.0_sert,0.006662435703954564,0.00666243570395448,1.0000000000000127,optimal,False
SRU_1483,Mars_bakim_x3.0_sert,0.0066624357039547655,0.00666243570395448,1.0000000000000429,optimal,False
SRU_1075,Mars_bakim_x3.0_sert,0.0066624357039547655,0.00666243570395448,1.0000000000000429,optimal,False
SRU_2287,Mars_bakim_x3.0_sert,0.006662435703955014,0.00666243570395448,1.0000000000000802,optimal,False
SRU_1611,Mars_bakim_x3.0_sert,0.006309123789830367,0.00666243570395448,0.9469695574076001,optimal,False
SRU_0727,Mars_bakim_x3.0_sert,-4.247131501218218e-17,0.00666243570395448,-6.3747429467834695e-15,optimal,True
SRU_1369,Mars_bakim_x3.0_sert,0.006662435703954833,0.00666243570395448,1.000000000000053,optimal,False
SRU_0482,Mars_bakim_x3.0_sert,0.0066624357039541315,0.00666243570395448,0.9999999999999477,optimal,False
SRU_0581,Mars_bakim_x3.0_sert,0.0066624357039541315,0.00666243570395448,0.9999999999999477,optimal,False
SRU_0618,Mars_bakim_x3.0_sert,0.0066624357039541315,0.00666243570395448,0.9999999999999477,optimal,False
SRU_2437,Mars_bakim_x3.0_sert,0.0066624357039541315,0.00666243570395448,0.9999999999999477,optimal,False
SRU_0937,Mars_bakim_x3.0_sert,0.0066624357039541315,0.00666243570395448,0.9999999999999477,optimal,False
SRU_1550,Mars_bakim_x3.0_sert,0.0066624357039541315,0.00666243570395448,0.9999999999999477,optimal,False
SRU_1969,Mars_bakim_x3.0_sert,0.0066624357039541315,0.00666243570395448,0.9999999999999477,optimal,False
SRU_0432,Mars_bakim_x3.0_sert,0.0066624357039541315,0.00666243570395448,0.9999999999999477,optimal,False
SRU_1005,Mars_bakim_x3.0_sert,0.0066624357039541315,0.00666243570395448,0.9999999999999477,optimal,False
SRU_1446,Mars_bakim_x3.0_sert,0.00666243570395412,0.00666243570395448,0.9999999999999459,optimal,False
SRU_0397,Mars_bakim_x3.0_sert,0.00666243570395412,0.00666243570395448,0.9999999999999459,optimal,False
SRU_1047,Mars_bakim_x3.0_sert,0.00666243570395412,0.00666243570395448,0.9999999999999459,optimal,False
SRU_1419,Mars_bakim_x3.0_sert,0.00666243570395412,0.00666243570395448,0.9999999999999459,optimal,False
SRU_1495,Mars_bakim_x3.0_sert,0.00666243570395412,0.00666243570395448,0.9999999999999459,optimal,False
SRU_0528,Mars_bakim_x3.0_sert,0.00666243570395412,0.00666243570395448,0.9999999999999459,optimal,False
SRU_0382,Mars_bakim_x3.0_sert,0.00666243570395412,0.00666243570395448,0.9999999999999459,optimal,False
SRU_2173,Mars_bakim_x3.0_sert,-1.3173393002932874e-31,0.00666243570395448,-1.9772638098576806e-29,optimal,True
SRU_1480,Mars_bakim_x3.0_sert,0.0,0.00666243570395448,0.0,optimal,True
SRU_1900,Mars_bakim_x3.0_sert,0.006662435703954511,0.00666243570395448,1.0000000000000047,optimal,False
SRU_1651,Mars_bakim_x3.0_sert,0.0,0.00666243570395448,0.0,optimal,True
SRU_0456,Mars_bakim_x3.0_sert,0.0066624357039551845,0.00666243570395448,1.0000000000001057,optimal,False
SRU_1354,Mars_bakim_x3.0_sert,-1.0049527348941033e-31,0.00666243570395448,-1.5083863913277464e-29,optimal,True
SRU_2753,Mars_bakim_x3.0_sert,0.0,0.00666243570395448,0.0,optimal,True
SRU_0395,Mars_bakim_x3.0_sert,0.006662435703955012,0.00666243570395448,1.0000000000000797,optimal,False
SRU_1623,Mars_bakim_x3.0_sert,0.006662435703954464,0.00666243570395448,0.9999999999999976,optimal,False
SRU_1949,Mars_bakim_x3.0_sert,0.006662435703954464,0.00666243570395448,0.9999999999999976,optimal,False
SRU_2063,Mars_bakim_x3.0_sert,-1.1391483349926283e-17,0.00666243570395448,-1.709807622333208e-15,optimal,True
SRU_1772,Mars_bakim_x3.0_sert,0.006662435703954709,0.00666243570395448,1.0000000000000344,optimal,False
SRU_2204,Mars_bakim_x3.0_sert,0.00666243570395474,0.00666243570395448,1.000000000000039,optimal,False
SRU_0601,Mars_bakim_x3.0_sert,0.00666243570395474,0.00666243570395448,1.000000000000039,optimal,False
SRU_1031,Mars_bakim_x3.0_sert,0.00666243570395474,0.00666243570395448,1.000000000000039,optimal,False
SRU_0115,Mars_bakim_x3.0_sert,4.352464658772714e-16,0.00666243570395448,6.53284302044268e-14,optimal,True
SRU_0716,Mars_bakim_x3.0_sert,0.006662435703954539,0.00666243570395448,1.0000000000000089,optimal,False
SRU_1914,Mars_bakim_x3.0_sert,0.0,0.00666243570395448,0.0,optimal,True
SRU_0523,Mars_bakim_x3.0_sert,0.006662435703954063,0.00666243570395448,0.9999999999999374,optimal,False
SRU_1929,Mars_bakim_x3.0_sert,0.0,0.00666243570395448,0.0,optimal,True
SRU_1041,Mars_bakim_x3.0_sert,0.006662435703955141,0.00666243570395448,1.0000000000000993,optimal,False
SRU_1235,Mars_bakim_x3.0_sert,0.006662435703954971,0.00666243570395448,1.0000000000000737,optimal,False
SRU_2334,Mars_bakim_x3.0_sert,0.006662435703954971,0.00666243570395448,1.0000000000000737,optimal,False
SRU_2072,Mars_bakim_x3.0_sert,0.006662435703954971,0.00666243570395448,1.0000000000000737,optimal,False
SRU_0981,Mars_bakim_x3.0_sert,0.006662435703954971,0.00666243570395448,1.0000000000000737,optimal,False
SRU_1774,Mars_bakim_x3.0_sert,0.006662435703954971,0.00666243570395448,1.0000000000000737,optimal,False
SRU_1955,Mars_bakim_x3.0_sert,0.006662435703954971,0.00666243570395448,1.0000000000000737,optimal,False
SRU_0314,Mars_bakim_x3.0_sert,0.006662435703954971,0.00666243570395448,1.0000000000000737,optimal,False
SRU_1139,Mars_bakim_x3.0_sert,0.0,0.00666243570395448,0.0,optimal,True
SRU_2375,Mars_bakim_x3.0_sert,0.006662435703954558,0.00666243570395448,1.0000000000000118,optimal,False
SRU_2489,Mars_bakim_x3.0_sert,0.0,0.00666243570395448,0.0,optimal,True
SRU_2557,Mars_bakim_x3.0_sert,0.006662435703954268,0.00666243570395448,0.9999999999999681,optimal,False
SRU_1214,Mars_bakim_x3.0_sert,0.006662435703953745,0.00666243570395448,0.9999999999998896,optimal,False
SRU_1782,Mars_bakim_x3.0_sert,0.006662435703953745,0.00666243570395448,0.9999999999998896,optimal,False
SRU_0007,Mars_bakim_x3.0_sert,0.006662435703953745,0.00666243570395448,0.9999999999998896,optimal,False
SRU_0591,Mars_bakim_x3.0_sert,0.006662435703953745,0.00666243570395448,0.9999999999998896,optimal,False
SRU_1039,Mars_bakim_x3.0_sert,0.006662435703953717,0.00666243570395448,0.9999999999998854,optimal,False
SRU_1741,Mars_bakim_x3.0_sert,0.006662435703953717,0.00666243570395448,0.9999999999998854,optimal,False
SRU_1344,Mars_bakim_x3.0_sert,0.006662435703953717,0.00666243570395448,0.9999999999998854,optimal,False
SRU_0961,Mars_bakim_x3.0_sert,0.0,0.00666243570395448,0.0,optimal,True
SRU_2082,Mars_bakim_x3.0_sert,0.00666243570395454,0.00666243570395448,1.0000000000000089,optimal,False
SRU_1866,Mars_bakim_x3.0_sert,0.0066624357039541575,0.00666243570395448,0.9999999999999516,optimal,False
SRU_1758,Mars_bakim_x3.0_sert,0.0066624357039541575,0.00666243570395448,0.9999999999999516,optimal,False
SRU_1062,Mars_bakim_x3.0_sert,0.0066624357039541575,0.00666243570395448,0.9999999999999516,optimal,False
SRU_1125,Mars_bakim_x3.0_sert,0.006660789095030616,0.00666243570395448,0.999752851810204,optimal,False
SRU_0412,Mars_bakim_x3.0_sert,2.0807237840133673e-16,0.00666243570395448,3.123067713476554e-14,optimal,True
SRU_1757,Mars_bakim_x3.0_sert,0.006662435703954963,0.00666243570395448,1.0000000000000726,optimal,False
SRU_1838,Mars_bakim_x3.0_sert,9.259304351563401e-30,0.00666243570395448,1.3897776673578332e-27,optimal,True
SRU_1479,Mars_bakim_x3.0_sert,4.578237032198463e-15,0.00666243570395448,6.871716644831643e-13,optimal,True
SRU_2246,Mars_bakim_x3.0_sert,0.006662435703954345,0.00666243570395448,0.9999999999999797,optimal,False
SRU_1538,Mars_bakim_x3.0_sert,0.006662435703953854,0.00666243570395448,0.999999999999906,optimal,False
SRU_1287,Mars_bakim_x3.0_sert,0.006662435703953854,0.00666243570395448,0.999999999999906,optimal,False
SRU_0850,Mars_bakim_x3.0_sert,0.006662435703953854,0.00666243570395448,0.999999999999906,optimal,False
SRU_2708,Mars_bakim_x3.0_sert,0.006662435703953854,0.00666243570395448,0.999999999999906,optimal,False
SRU_1334,Mars_bakim_x3.0_sert,0.0,0.00666243570395448,0.0,optimal,True
SRU_2171,Mars_bakim_x3.0_sert,0.00666243570395472,0.00666243570395448,1.000000000000036,optimal,False
SRU_0036,Mars_bakim_x3.0_sert,0.0066624357039541575,0.00666243570395448,0.9999999999999516,optimal,False
SRU_1443,Mars_bakim_x3.0_sert,0.0066624357039541575,0.00666243570395448,0.9999999999999516,optimal,False
SRU_1858,Mars_bakim_x3.0_sert,0.0066624357039541575,0.00666243570395448,0.9999999999999516,optimal,False
SRU_1513,Mars_bakim_x3.0_sert,0.0066624357039541575,0.00666243570395448,0.9999999999999516,optimal,False
SRU_2380,Mars_bakim_x3.0_sert,0.0066624357039541575,0.00666243570395448,0.9999999999999516,optimal,False
SRU_1827,Mars_bakim_x3.0_sert,-2.012416123580449e-14,0.00666243570395448,-3.0205411549202373e-12,optimal,True
SRU_0459,Mars_bakim_x3.0_sert,0.006662435703954127,0.00666243570395448,0.999999999999947,optimal,False
SRU_0975,Mars_bakim_x3.0_sert,0.006662435703953786,0.00666243570395448,0.9999999999998959,optimal,False
SRU_1153,Mars_bakim_x3.0_sert,-1.4691234405084051e-30,0.00666243570395448,-2.205084605373991e-28,optimal,True
SRU_1163,Mars_bakim_x3.0_sert,0.006662435703955026,0.00666243570395448,1.000000000000082,optimal,False
SRU_0113,Mars_bakim_x3.0_sert,0.006662435703953342,0.00666243570395448,0.9999999999998292,optimal,False
SRU_2131,Mars_bakim_x3.0_sert,0.006662435703953342,0.00666243570395448,0.9999999999998292,optimal,False
SRU_0857,Mars_bakim_x3.0_sert,0.006662435703953342,0.00666243570395448,0.9999999999998292,optimal,False
SRU_1689,Mars_bakim_x3.0_sert,0.006662435703953342,0.00666243570395448,0.9999999999998292,optimal,False
SRU_0690,Mars_bakim_x3.0_sert,0.0,0.00666243570395448,0.0,optimal,True
SRU_2559,Mars_bakim_x3.0_sert,0.006662435703955427,0.00666243570395448,1.000000000000142,optimal,False
SRU_0956,Mars_bakim_x3.0_sert,0.006662435703954461,0.00666243570395448,0.9999999999999971,optimal,False
SRU_1350,Mars_bakim_x3.0_sert,0.0,0.00666243570395448,0.0,optimal,True
SRU_1638,Mars_bakim_x3.0_sert,0.0,0.00666243570395448,0.0,optimal,True
SRU_2214,Mars_bakim_x3.0_sert,0.00666243570395431,0.00666243570395448,0.9999999999999745,optimal,False
SRU_1742,Mars_bakim_x3.0_sert,0.0,0.00666243570395448,0.0,optimal,True
SRU_2069,Mars_bakim_x3.0_sert,0.006342215046397942,0.00666243570395448,0.9519363980703827,optimal,False
SRU_0065,Mars_bakim_x3.0_sert,0.006662435703955191,0.00666243570395448,1.0000000000001068,optimal,False
SRU_0667,Mars_bakim_x3.0_sert,0.006662435703954793,0.00666243570395448,1.000000000000047,optimal,False
SRU_0590,Mars_bakim_x3.0_sert,0.0,0.00666243570395448,0.0,optimal,True
SRU_1820,Mars_bakim_x3.0_sert,0.0,0.00666243570395448,0.0,optimal,True
SRU_1973,Mars_bakim_x3.0_sert,0.006662435703953908,0.00666243570395448,0.9999999999999141,optimal,False
SRU_2094,Mars_bakim_x3.0_sert,0.0,0.00666243570395448,0.0,optimal,True
SRU_0308,Mars_bakim_x3.0_sert,0.006662435703954554,0.00666243570395448,1.000000000000011,optimal,False
SRU_2306,Mars_bakim_x3.0_sert,0.006662435703953671,0.00666243570395448,0.9999999999998785,optimal,False
SRU_0368,Mars_bakim_x3.0_sert,0.006662435703953671,0.00666243570395448,0.9999999999998785,optimal,False
SRU_2422,Mars_bakim_x3.0_sert,0.006662435703953671,0.00666243570395448,0.9999999999998785,optimal,False
SRU_1433,Mars_bakim_x3.0_sert,0.006662435703953671,0.00666243570395448,0.9999999999998785,optimal,False
SRU_0487,Mars_bakim_x3.0_sert,0.006662135379283887,0.00666243570395448,0.9999549226913492,optimal,False
SRU_1571,Mars_bakim_x3.0_sert,0.006662435703955406,0.00666243570395448,1.000000000000139,optimal,False
SRU_1544,Mars_bakim_x3.0_sert,0.0066624357039540595,0.00666243570395448,0.9999999999999368,optimal,False
SRU_1494,Mars_bakim_x3.0_sert,0.0066624357039540595,0.00666243570395448,0.9999999999999368,optimal,False
SRU_1209,Mars_bakim_x3.0_sert,0.0066624357039540595,0.00666243570395448,0.9999999999999368,optimal,False
SRU_1847,Mars_bakim_x3.0_sert,0.0,0.00666243570395448,0.0,optimal,True
SRU_0002,Mars_bakim_x3.0_sert,0.006662435703954363,0.00666243570395448,0.9999999999999825,optimal,False
SRU_1703,Mars_bakim_x3.0_sert,0.006662435703954469,0.00666243570395448,0.9999999999999983,optimal,False
SRU_2058,Mars_bakim_x3.0_sert,0.006662435703954469,0.00666243570395448,0.9999999999999983,optimal,False
SRU_1940,Mars_bakim_x3.0_sert,0.006662435703954458,0.00666243570395448,0.9999999999999967,optimal,False
SRU_2657,Mars_bakim_x3.0_sert,0.0,0.00666243570395448,0.0,optimal,True
SRU_0403,Mars_bakim_x3.0_sert,-8.165907472515982e-14,0.00666243570395448,-1.2256639816680135e-11,optimal,True
SRU_2077,Mars_bakim_x3.0_sert,1.492517704488913e-17,0.00666243570395448,2.240198286045794e-15,optimal,True
SRU_2115,Mars_bakim_x3.0_sert,0.006662435703954817,0.00666243570395448,1.0000000000000504,optimal,False
SRU_2146,Mars_bakim_x3.0_sert,-6.74166673547516e-31,0.00666243570395448,-1.0118922020476164e-28,optimal,True
SRU_2000,Mars_bakim_x3.0_sert,0.006662435703954749,0.00666243570395448,1.0000000000000404,optimal,False
SRU_1188,Mars_bakim_x3.0_sert,0.006662435703954037,0.00666243570395448,0.9999999999999335,optimal,False
SRU_2355,Mars_bakim_x3.0_sert,0.006662435703954037,0.00666243570395448,0.9999999999999335,optimal,False
SRU_1228,Mars_bakim_x3.0_sert,0.006662435703954037,0.00666243570395448,0.9999999999999335,optimal,False
SRU_1501,Mars_bakim_x3.0_sert,0.0,0.00666243570395448,0.0,optimal,True
SRU_1066,Mars_bakim_x3.0_sert,0.006662435703955026,0.00666243570395448,1.000000000000082,optimal,False
SRU_2551,Mars_bakim_x3.0_sert,0.006662435703953661,0.00666243570395448,0.9999999999998771,optimal,False
SRU_1564,Mars_bakim_x3.0_sert,0.0,0.00666243570395448,0.0,optimal,True
SRU_1561,Mars_bakim_x3.0_sert,0.0,0.00666243570395448,0.0,optimal,True
SRU_1843,Mars_bakim_x3.0_sert,0.0066624357039548575,0.00666243570395448,1.0000000000000566,optimal,False
SRU_0796,Mars_bakim_x3.0_sert,0.00666243570395444,0.00666243570395448,0.999999999999994,optimal,False
SRU_1420,Mars_bakim_x3.0_sert,0.00666243570395444,0.00666243570395448,0.999999999999994,optimal,False
SRU_0634,Mars_bakim_x3.0_sert,0.00666243570395444,0.00666243570395448,0.999999999999994,optimal,False
SRU_2429,Mars_bakim_x3.0_sert,0.00666243570395444,0.00666243570395448,0.999999999999994,optimal,False
SRU_0485,Mars_bakim_x3.0_sert,0.00666243570395444,0.00666243570395448,0.999999999999994,optimal,False
SRU_0663,Mars_bakim_x3.0_sert,0.0,0.00666243570395448,0.0,optimal,True
SRU_0986,Mars_bakim_x3.0_sert,0.006662435703954552,0.00666243570395448,1.0000000000000109,optimal,False
SRU_1057,Mars_bakim_x3.0_sert,0.006662435703953733,0.00666243570395448,0.9999999999998879,optimal,False
SRU_1223,Mars_bakim_x3.0_sert,-1.3143610714955717e-31,0.00666243570395448,-1.9727936296862636e-29,optimal,True
SRU_1052,Mars_bakim_x3.0_sert,0.006662435703954604,0.00666243570395448,1.0000000000000187,optimal,False
SRU_1618,Mars_bakim_x3.0_sert,0.006662435703953845,0.00666243570395448,0.9999999999999047,optimal,False
SRU_1761,Mars_bakim_x3.0_sert,0.006662435703953845,0.00666243570395448,0.9999999999999047,optimal,False
SRU_1265,Mars_bakim_x3.0_sert,0.006662435703953845,0.00666243570395448,0.9999999999999047,optimal,False
SRU_0131,Mars_bakim_x3.0_sert,0.0,0.00666243570395448,0.0,optimal,True
SRU_0746,Mars_bakim_x3.0_sert,0.006662435703954017,0.00666243570395448,0.9999999999999305,optimal,False
SRU_0709,Mars_bakim_x3.0_sert,0.00666243570395468,0.00666243570395448,1.00000000000003,optimal,False
SRU_1199,Mars_bakim_x3.0_sert,0.0066624357039546805,0.00666243570395448,1.00000000000003,optimal,False
SRU_2845,Mars_bakim_x3.0_sert,0.006662435703954702,0.00666243570395448,1.0000000000000333,optimal,False
SRU_2301,Mars_bakim_x3.0_sert,-3.8779855523368965e-30,0.00666243570395448,-5.820672385678894e-28,optimal,True
SRU_1435,Mars_bakim_x3.0_sert,0.0,0.00666243570395448,0.0,optimal,True
SRU_2360,Mars_bakim_x3.0_sert,0.005926783105982804,0.00666243570395448,0.8895820341598147,optimal,False
SRU_1224,Mars_bakim_x3.0_sert,0.0066624357039547,0.00666243570395448,1.0000000000000329,optimal,False
SRU_2147,Mars_bakim_x3.0_sert,4.3621681419266383e-17,0.00666243570395448,6.547407488431715e-15,optimal,True
SRU_0400,Mars_bakim_x3.0_sert,0.006662435703954455,0.00666243570395448,0.9999999999999962,optimal,False
SRU_1282,Mars_bakim_x3.0_sert,0.006662435703953754,0.00666243570395448,0.9999999999998911,optimal,False
SRU_2022,Mars_bakim_x3.0_sert,0.006662435703953754,0.00666243570395448,0.9999999999998911,optimal,False
SRU_0822,Mars_bakim_x3.0_sert,0.006662435703953754,0.00666243570395448,0.9999999999998911,optimal,False
SRU_0897,Mars_bakim_x3.0_sert,0.006662435703953754,0.00666243570395448,0.9999999999998911,optimal,False
SRU_1947,Mars_bakim_x3.0_sert,0.006662435703953754,0.00666243570395448,0.9999999999998911,optimal,False
SRU_1652,Mars_bakim_x3.0_sert,0.0,0.00666243570395448,0.0,optimal,True
SRU_1068,Mars_bakim_x3.0_sert,0.006662435703954861,0.00666243570395448,1.000000000000057,optimal,False
SRU_1496,Mars_bakim_x3.0_sert,0.006662435703953738,0.00666243570395448,0.9999999999998885,optimal,False
SRU_1046,Mars_bakim_x3.0_sert,0.006662435703953738,0.00666243570395448,0.9999999999998885,optimal,False
SRU_1161,Mars_bakim_x3.0_sert,0.006662435703953738,0.00666243570395448,0.9999999999998885,optimal,False
SRU_0567,Mars_bakim_x3.0_sert,0.006662435703953738,0.00666243570395448,0.9999999999998885,optimal,False
SRU_0335,Mars_bakim_x3.0_sert,0.006662435703953738,0.00666243570395448,0.9999999999998885,optimal,False
SRU_2408,Mars_bakim_x3.0_sert,0.006662435703953738,0.00666243570395448,0.9999999999998885,optimal,False
SRU_1880,Mars_bakim_x3.0_sert,2.797125930710025e-16,0.00666243570395448,4.198353357541289e-14,optimal,True
SRU_2363,Mars_bakim_x3.0_sert,0.006662435703953889,0.00666243570395448,0.9999999999999112,optimal,False
SRU_1236,Mars_bakim_x3.0_sert,0.006662435703954262,0.00666243570395448,0.9999999999999671,optimal,False
SRU_2148,Mars_bakim_x3.0_sert,0.0,0.00666243570395448,0.0,optimal,True
SRU_2436,Mars_bakim_x3.0_sert,0.006662435703954807,0.00666243570395448,1.000000000000049,optimal,False
SRU_2377,Mars_bakim_x3.0_sert,0.0,0.00666243570395448,0.0,optimal,True
SRU_0671,Mars_bakim_x3.0_sert,0.006662435703954595,0.00666243570395448,1.000000000000017,optimal,False
SRU_1795,Mars_bakim_x3.0_sert,0.006662435703953751,0.00666243570395448,0.9999999999998905,optimal,False
SRU_0012,Mars_bakim_x3.0_sert,0.006662435703953751,0.00666243570395448,0.9999999999998905,optimal,False
SRU_1118,Mars_bakim_x3.0_sert,0.006662435703953751,0.00666243570395448,0.9999999999998905,optimal,False
SRU_0556,Mars_bakim_x3.0_sert,0.0,0.00666243570395448,0.0,optimal,True
SRU_1517,Mars_bakim_x3.0_sert,0.0,0.00666243570395448,0.0,optimal,True
SRU_2660,Mars_bakim_x3.0_sert,0.006662435703955242,0.00666243570395448,1.0000000000001144,optimal,False
SRU_1155,Mars_bakim_x3.0_sert,0.0066624357039542685,0.00666243570395448,0.9999999999999682,optimal,False
SRU_1555,Mars_bakim_x3.0_sert,0.00666243570395428,0.00666243570395448,0.9999999999999699,optimal,False
SRU_0847,Mars_bakim_x3.0_sert,0.006662435703953772,0.00666243570395448,0.9999999999998938,optimal,False
SRU_0938,Mars_bakim_x3.0_sert,0.006662435703953772,0.00666243570395448,0.9999999999998938,optimal,False
SRU_2294,Mars_bakim_x3.0_sert,0.006522503984139872,0.00666243570395448,0.9789969125358234,optimal,False
SRU_0742,Mars_bakim_x3.0_sert,0.006662435703955347,0.00666243570395448,1.0000000000001301,optimal,False
SRU_0301,Mars_bakim_x3.0_sert,0.0066624357039545765,0.00666243570395448,1.0000000000000144,optimal,False
SRU_0527,Mars_bakim_x3.0_sert,0.0066624357039545765,0.00666243570395448,1.0000000000000144,optimal,False
SRU_2755,Mars_bakim_x3.0_sert,-2.558405037061791e-32,0.00666243570395448,-3.840044618431744e-30,optimal,True
SRU_0111,Mars_bakim_x3.0_sert,0.006662435703955085,0.00666243570395448,1.0000000000000908,optimal,False
SRU_1353,Mars_bakim_x3.0_sert,2.376178552158761e-16,0.00666243570395448,3.56653130738415e-14,optimal,True
SRU_1685,Mars_bakim_x3.0_sert,0.006662435703953286,0.00666243570395448,0.9999999999998207,optimal,False
SRU_0703,Mars_bakim_x3.0_sert,0.0066624357039540075,0.00666243570395448,0.9999999999999291,optimal,False
SRU_2099,Mars_bakim_x3.0_sert,0.0066624357039540075,0.00666243570395448,0.9999999999999291,optimal,False
SRU_1463,Mars_bakim_x3.0_sert,0.0066624357039540075,0.00666243570395448,0.9999999999999291,optimal,False
SRU_2097,Mars_bakim_x3.0_sert,0.0066624357039540075,0.00666243570395448,0.9999999999999291,optimal,False
SRU_1370,Mars_bakim_x3.0_sert,0.005926783105983357,0.00666243570395448,0.8895820341598978,optimal,False
SRU_1445,Mars_bakim_x3.0_sert,0.006662435703955491,0.00666243570395448,1.0000000000001517,optimal,False
SRU_1725,Mars_bakim_x3.0_sert,0.006662435703953745,0.00666243570395448,0.9999999999998896,optimal,False
SRU_0568,Mars_bakim_x3.0_sert,0.0,0.00666243570395448,0.0,optimal,True
SRU_0787,Mars_bakim_x3.0_sert,0.0066624357039551975,0.00666243570395448,1.0000000000001077,optimal,False
SRU_2221,Mars_bakim_x3.0_sert,0.006662435703953745,0.00666243570395448,0.9999999999998896,optimal,False
SRU_1044,Mars_bakim_x3.0_sert,0.006662435703953745,0.00666243570395448,0.9999999999998896,optimal,False
SRU_1412,Mars_bakim_x3.0_sert,0.0,0.00666243570395448,0.0,optimal,True
SRU_1775,Mars_bakim_x3.0_sert,0.0,0.00666243570395448,0.0,optimal,True
SRU_1423,Mars_bakim_x3.0_sert,0.0066624357039532615,0.00666243570395448,0.999999999999817,optimal,False
SRU_1326,Mars_bakim_x3.0_sert,0.006662435703954808,0.00666243570395448,1.0000000000000493,optimal,False
SRU_1227,Mars_bakim_x3.0_sert,0.006662435703954808,0.00666243570395448,1.0000000000000493,optimal,False
SRU_1051,Mars_bakim_x3.0_sert,0.006662435703954808,0.00666243570395448,1.0000000000000493,optimal,False
SRU_0890,Mars_bakim_x3.0_sert,0.006662435703954808,0.00666243570395448,1.0000000000000493,optimal,False
SRU_2128,Mars_bakim_x3.0_sert,0.0,0.00666243570395448,0.0,optimal,True
SRU_1169,Mars_bakim_x3.0_sert,0.006662435703954709,0.00666243570395448,1.0000000000000344,optimal,False
SRU_0238,Mars_bakim_x3.0_sert,0.006662435703954616,0.00666243570395448,1.0000000000000204,optimal,False
SRU_1788,Mars_bakim_x3.0_sert,0.006662435703954617,0.00666243570395448,1.0000000000000207,optimal,False
SRU_0989,Mars_bakim_x3.0_sert,0.006662435703955053,0.00666243570395448,1.000000000000086,optimal,False
SRU_0682,Mars_bakim_x3.0_sert,5.222591337628454e-16,0.00666243570395448,7.838861896301065e-14,optimal,True
SRU_0808,Mars_bakim_x3.0_sert,0.006662435703955013,0.00666243570395448,1.00000000000008,optimal,False
SRU_0602,Mars_bakim_x3.0_sert,0.00666243570395506,0.00666243570395448,1.000000000000087,optimal,False
SRU_2807,Mars_bakim_x3.0_sert,0.00666243570395506,0.00666243570395448,1.000000000000087,optimal,False
SRU_0895,Mars_bakim_x3.0_sert,0.00666243570395506,0.00666243570395448,1.000000000000087,optimal,False
SRU_1413,Mars_bakim_x3.0_sert,0.00666243570395506,0.00666243570395448,1.000000000000087,optimal,False
SRU_1894,Mars_bakim_x3.0_sert,0.00666243570395506,0.00666243570395448,1.000000000000087,optimal,False
SRU_0979,Mars_bakim_x3.0_sert,0.00666243570395506,0.00666243570395448,1.000000000000087,optimal,False
SRU_0028,Mars_bakim_x3.0_sert,-2.7836096192625805e-30,0.00666243570395448,-4.178066015121726e-28,optimal,True
SRU_1621,Mars_bakim_x3.0_sert,0.0,0.00666243570395448,0.0,optimal,True
SRU_1260,Mars_bakim_x3.0_sert,0.006662435703954786,0.00666243570395448,1.000000000000046,optimal,False
SRU_0323,Mars_bakim_x3.0_sert,0.00666243570395424,0.00666243570395448,0.9999999999999639,optimal,False
SRU_1872,Mars_bakim_x3.0_sert,8.79094910826672e-31,0.00666243570395448,1.3194797666938631e-28,optimal,True
SRU_0326,Mars_bakim_x3.0_sert,0.0066624357039550604,0.00666243570395448,1.000000000000087,optimal,False
SRU_1210,Mars_bakim_x3.0_sert,0.0066624357039542035,0.00666243570395448,0.9999999999999585,optimal,False
SRU_1745,Mars_bakim_x3.0_sert,0.0066624357039542035,0.00666243570395448,0.9999999999999585,optimal,False
SRU_1684,Mars_bakim_x3.0_sert,0.0,0.00666243570395448,0.0,optimal,True
SRU_2068,Mars_bakim_x3.0_sert,0.0066624357039550995,0.00666243570395448,1.000000000000093,optimal,False
SRU_2152,Mars_bakim_x3.0_sert,0.006662435703954105,0.00666243570395448,0.9999999999999436,optimal,False
SRU_1027,Mars_bakim_x3.0_sert,0.0066624357039541055,0.00666243570395448,0.9999999999999437,optimal,False
SRU_0479,Mars_bakim_x3.0_sert,0.006662435703954964,0.00666243570395448,1.0000000000000726,optimal,False
SRU_0605,Mars_bakim_x3.0_sert,0.006662435703954964,0.00666243570395448,1.0000000000000726,optimal,False
SRU_1133,Mars_bakim_x3.0_sert,0.006662435703954964,0.00666243570395448,1.0000000000000726,optimal,False
SRU_0597,Mars_bakim_x3.0_sert,0.006662435703954612,0.00666243570395448,1.0000000000000198,optimal,False
SRU_0538,Mars_bakim_x3.0_sert,0.006662435703954612,0.00666243570395448,1.0000000000000198,optimal,False
Unknown,Mars_bakim_x3.0_sert,0.005926783105982003,0.00666243570395448,0.8895820341596946,optimal,False
SRU_0947,Mars_bakim_x3.0_sert,0.006662435703954227,0.00666243570395448,0.999999999999962,optimal,False
SRU_1257,Mars_bakim_x3.0_sert,0.006662435703954612,0.00666243570395448,1.0000000000000198,optimal,False
SRU_0544,Mars_bakim_x3.0_sert,0.006662435703954612,0.00666243570395448,1.0000000000000198,optimal,False
SRU_1913,Mars_bakim_x3.0_sert,-2.56963790404691e-17,0.00666243570395448,-3.856904619014492e-15,optimal,True
SRU_0722,Mars_bakim_x3.0_sert,0.006662435703952823,0.00666243570395448,0.9999999999997512,optimal,False
SRU_0557,Mars_bakim_x3.0_sert,-2.794009094683394e-18,0.00666243570395448,-4.193675134493251e-16,optimal,True
SRU_2149,Mars_bakim_x3.0_sert,0.006662435703953031,0.00666243570395448,0.9999999999997825,optimal,False
SRU_0337,Mars_bakim_x3.0_sert,-1.2449346188300797e-18,0.00666243570395448,-1.8685878170518784e-16,optimal,True
SRU_0001,Mars_bakim_x3.0_sert,0.006662435703953032,0.00666243570395448,0.9999999999997826,optimal,False
SRU_1664,Mars_bakim_x3.0_sert,0.006662435703953881,0.00666243570395448,0.9999999999999101,optimal,False
SRU_0041,Mars_bakim_x3.0_sert,1.568675012617281e-17,0.00666243570395448,2.3545067934932503e-15,optimal,True
SRU_0020,Mars_bakim_x3.0_sert,0.006662435703954606,0.00666243570395448,1.0000000000000189,optimal,False
SRU_0550,Mars_bakim_x3.0_sert,0.006662435703953878,0.00666243570395448,0.9999999999999096,optimal,False
SRU_1080,Mars_bakim_x3.0_sert,-1.525461332434589e-17,0.00666243570395448,-2.2896451091140036e-15,optimal,True
SRU_1302,Mars_bakim_x3.0_sert,0.006662435703953001,0.00666243570395448,0.9999999999997781,optimal,False
SRU_1149,Mars_bakim_x3.0_sert,0.006662435703955143,0.00666243570395448,1.0000000000000995,optimal,False
SRU_0419,Mars_bakim_x3.0_sert,4.318932292012042e-19,0.00666243570395448,6.482512528336363e-17,optimal,True
SRU_1714,Mars_bakim_x3.0_sert,0.0,0.00666243570395448,0.0,optimal,True
SRU_0372,Mars_bakim_x3.0_sert,0.006662435703952972,0.00666243570395448,0.9999999999997736,optimal,False
SRU_0685,Mars_bakim_x3.0_sert,-4.1722787336321205e-18,0.00666243570395448,-6.262392492817108e-16,optimal,True
SRU_1049,Mars_bakim_x3.0_sert,0.006662435703956153,0.00666243570395448,1.0000000000002511,optimal,False
SRU_1476,Mars_bakim_x3.0_sert,0.006662435703955143,0.00666243570395448,1.0000000000000995,optimal,False
SRU_1225,Mars_bakim_x3.0_sert,0.006662435703955143,0.00666243570395448,1.0000000000000995,optimal,False
SRU_1939,Mars_bakim_x3.0_sert,0.006662435703955143,0.00666243570395448,1.0000000000000995,optimal,False
SRU_1038,Mars_bakim_x3.0_sert,0.006662435703955143,0.00666243570395448,1.0000000000000995,optimal,False
SRU_0955,Mars_bakim_x3.0_sert,0.006662435703955143,0.00666243570395448,1.0000000000000995,optimal,False
SRU_2154,Mars_bakim_x3.0_sert,0.006662435703955143,0.00666243570395448,1.0000000000000995,optimal,False
SRU_1018,Mars_bakim_x3.0_sert,-3.934959522518926e-17,0.00666243570395448,-5.906187612712473e-15,optimal,True
SRU_0484,Mars_bakim_x3.0_sert,0.00666213537928316,0.00666243570395448,0.9999549226912401,optimal,False
SRU_2799,Mars_bakim_x3.0_sert,0.006662435703954072,0.00666243570395448,0.9999999999999387,optimal,False
SRU_1112,Mars_bakim_x3.0_sert,0.006662435703954198,0.00666243570395448,0.9999999999999577,optimal,False
SRU_1666,Mars_bakim_x3.0_sert,-4.287314185624806e-18,0.00666243570395448,-6.435055250259416e-16,optimal,True
SRU_2721,Mars_bakim_x3.0_sert,0.0066624357039529805,0.00666243570395448,0.999999999999775,optimal,False
SRU_1856,Mars_bakim_x3.0_sert,0.006662435703954342,0.00666243570395448,0.9999999999999793,optimal,False
SRU_0589,Mars_bakim_x3.0_sert,0.006662435703954342,0.00666243570395448,0.9999999999999793,optimal,False
SRU_0651,Mars_bakim_x3.0_sert,0.006662435703954342,0.00666243570395448,0.9999999999999793,optimal,False
SRU_1415,Mars_bakim_x3.0_sert,-1.7634063180862357e-17,0.00666243570395448,-2.6467892471210915e-15,optimal,True
SRU_0775,Mars_bakim_x3.0_sert,0.0066624357039552174,0.00666243570395448,1.0000000000001106,optimal,False
SRU_1411,Mars_bakim_x3.0_sert,1.2683265120466292e-18,0.00666243570395448,1.9036979393194228e-16,optimal,True
SRU_1285,Mars_bakim_x3.0_sert,0.006662435703954602,0.00666243570395448,1.0000000000000182,optimal,False
SRU_1252,Mars_bakim_x3.0_sert,0.0066624357039540855,0.00666243570395448,0.9999999999999407,optimal,False
SRU_0045,Mars_bakim_x3.0_sert,1.5000467069429736e-17,0.00666243570395448,2.2514989616374427e-15,optimal,True
SRU_1200,Mars_bakim_x3.0_sert,0.006662435703954576,0.00666243570395448,1.0000000000000142,optimal,False
SRU_1905,Mars_bakim_x3.0_sert,0.006662435703954203,0.00666243570395448,0.9999999999999584,optimal,False
SRU_1792,Mars_bakim_x3.0_sert,0.00666243570395371,0.00666243570395448,0.9999999999998844,optimal,False
SRU_0697,Mars_bakim_x3.0_sert,0.00666243570395371,0.00666243570395448,0.9999999999998844,optimal,False
SRU_1617,Mars_bakim_x3.0_sert,0.00666243570395371,0.00666243570395448,0.9999999999998844,optimal,False
SRU_1323,Mars_bakim_x3.0_sert,0.00666243570395371,0.00666243570395448,0.9999999999998844,optimal,False
SRU_0717,Mars_bakim_x3.0_sert,0.00666243570395371,0.00666243570395448,0.9999999999998844,optimal,False
SRU_2153,Mars_bakim_x3.0_sert,-6.239483667035654e-17,0.00666243570395448,-9.365169052711784e-15,optimal,True
SRU_2806,Mars_bakim_x3.0_sert,0.006662435703954617,0.00666243570395448,1.0000000000000207,optimal,False
SRU_2497,Mars_bakim_x3.0_sert,0.006662435703953944,0.00666243570395448,0.9999999999999195,optimal,False
SRU_2319,Mars_bakim_x3.0_sert,0.006662435703953944,0.00666243570395448,0.9999999999999195,optimal,False
SRU_0969,Mars_bakim_x3.0_sert,-3.035550181668835e-32,0.00666243570395448,-4.556216850043428e-30,optimal,True
SRU_1547,Mars_bakim_x3.0_sert,0.0066624357039545895,0.00666243570395448,1.0000000000000164,optimal,False
SRU_0239,Mars_bakim_x3.0_sert,0.0066624357039541185,0.00666243570395448,0.9999999999999457,optimal,False
SRU_0385,Mars_bakim_x3.0_sert,0.006662435703954119,0.00666243570395448,0.9999999999999458,optimal,False
SRU_0828,Mars_bakim_x3.0_sert,0.0,0.00666243570395448,0.0,optimal,True
SRU_0486,Mars_bakim_x3.0_sert,0.006662135379284562,0.00666243570395448,0.9999549226914505,optimal,False
SRU_1796,Mars_bakim_x3.0_sert,0.006662435703954008,0.00666243570395448,0.9999999999999292,optimal,False
SRU_0825,Mars_bakim_x3.0_sert,0.006662435703954659,0.00666243570395448,1.0000000000000269,optimal,False
SRU_0561,Mars_bakim_x3.0_sert,0.0,0.00666243570395448,0.0,optimal,True
SRU_1616,Mars_bakim_x3.0_sert,0.006662435703953843,0.00666243570395448,0.9999999999999043,optimal,False
SRU_1173,Mars_bakim_x3.0_sert,0.006662435703954943,0.00666243570395448,1.0000000000000695,optimal,False
SRU_0560,Mars_bakim_x3.0_sert,4.1419964945619895e-16,0.00666243570395448,6.216940288224489e-14,optimal,True
SRU_1215,Mars_bakim_x3.0_sert,1.7987607693165876e-30,0.00666243570395448,2.699854601597034e-28,optimal,True
SRU_0496,Mars_bakim_x3.0_sert,0.006662435703954992,0.00666243570395448,1.0000000000000768,optimal,False
SRU_2207,Mars_bakim_x3.0_sert,0.006662435703954357,0.00666243570395448,0.9999999999999815,optimal,False
SRU_0838,Mars_bakim_x3.0_sert,0.006662435703954357,0.00666243570395448,0.9999999999999815,optimal,False
SRU_0569,Mars_bakim_x3.0_sert,0.0,0.00666243570395448,0.0,optimal,True
SRU_2791,Mars_bakim_x3.0_sert,0.0,0.00666243570395448,0.0,optimal,True
SRU_2150,Mars_bakim_x3.0_sert,0.006662435703953398,0.00666243570395448,0.9999999999998376,optimal,False
SRU_2681,Mars_bakim_x3.0_sert,0.006662435703954669,0.00666243570395448,1.0000000000000284,optimal,False
SRU_0422,Mars_bakim_x3.0_sert,-7.870104958656275e-31,0.00666243570395448,-1.1812654272948533e-28,optimal,True
SRU_0874,Mars_bakim_x3.0_sert,0.006662435703954897,0.00666243570395448,1.0000000000000626,optimal,False
SRU_0037,Mars_bakim_x3.0_sert,0.006662435703955177,0.00666243570395448,1.0000000000001046,optimal,False
SRU_2342,Mars_bakim_x3.0_sert,0.0,0.00666243570395448,0.0,optimal,True
SRU_1556,Mars_bakim_x3.0_sert,0.0066624357039542954,0.00666243570395448,0.9999999999999722,optimal,False
SRU_0481,Mars_bakim_x3.0_sert,0.006662435703954635,0.00666243570395448,1.000000000000023,optimal,False
SRU_1630,Mars_bakim_x3.0_sert,0.006662435703954635,0.00666243570395448,1.000000000000023,optimal,False
SRU_1557,Mars_bakim_x3.0_sert,0.006662435703954635,0.00666243570395448,1.000000000000023,optimal,False
SRU_0300,Mars_bakim_x3.0_sert,0.006662435703954635,0.00666243570395448,1.000000000000023,optimal,False
SRU_1237,Mars_bakim_x3.0_sert,0.006662435703954635,0.00666243570395448,1.000000000000023,optimal,False
SRU_1267,Mars_bakim_x3.0_sert,0.006662435703954635,0.00666243570395448,1.000000000000023,optimal,False
SRU_1048,Mars_bakim_x3.0_sert,0.006662435703954635,0.00666243570395448,1.000000000000023,optimal,False
SRU_0364,Mars_bakim_x3.0_sert,0.006662435703954635,0.00666243570395448,1.000000000000023,optimal,False
SRU_0922,Mars_bakim_x3.0_sert,0.006662435703954635,0.00666243570395448,1.000000000000023,optimal,False
SRU_0839,Mars_bakim_x3.0_sert,0.006662435703954635,0.00666243570395448,1.000000000000023,optimal,False
SRU_0811,Mars_bakim_x3.0_sert,0.0,0.00666243570395448,0.0,optimal,True
SRU_1229,Mars_bakim_x3.0_sert,0.006662435703954588,0.00666243570395448,1.0000000000000162,optimal,False
SRU_0322,Mars_bakim_x3.0_sert,0.006662435703955177,0.00666243570395448,1.0000000000001046,optimal,False
SRU_0393,Mars_bakim_x3.0_sert,0.006662435703955177,0.00666243570395448,1.0000000000001046,optimal,False
SRU_0980,Mars_bakim_x3.0_sert,0.006662435703955177,0.00666243570395448,1.0000000000001046,optimal,False
SRU_1363,Mars_bakim_x3.0_sert,0.0,0.00666243570395448,0.0,optimal,True
SRU_1006,Mars_bakim_x3.0_sert,0.006662435703954232,0.00666243570395448,0.9999999999999628,optimal,False
SRU_2541,Mars_bakim_x3.0_sert,0.006662435703954598,0.00666243570395448,1.0000000000000178,optimal,False
SRU_2344,Mars_bakim_x3.0_sert,0.006662435703954598,0.00666243570395448,1.0000000000000178,optimal,False
SRU_0931,Mars_bakim_x3.0_sert,0.006662435703954598,0.00666243570395448,1.0000000000000178,optimal,False
SRU_2217,Mars_bakim_x3.0_sert,0.0,0.00666243570395448,0.0,optimal,True
SRU_1444,Mars_bakim_x3.0_sert,0.006662435703954811,0.00666243570395448,1.0000000000000495,optimal,False
SRU_1030,Mars_bakim_x3.0_sert,0.006662435703954598,0.00666243570395448,1.0000000000000178,optimal,False
SRU_2220,Mars_bakim_x3.0_sert,0.0,0.00666243570395448,0.0,optimal,True
SRU_1710,Mars_bakim_x3.0_sert,0.006662435703954797,0.00666243570395448,1.0000000000000475,optimal,False
SRU_0710,Mars_bakim_x3.0_sert,0.006662435703954421,0.00666243570395448,0.9999999999999911,optimal,False
SRU_2060,Mars_bakim_x3.0_sert,-1.2367026032276173e-31,0.00666243570395448,-1.856231952067581e-29,optimal,True
SRU_0963,Mars_bakim_x3.0_sert,-3.0048621234349233e-15,0.00666243570395448,-4.5101555301335085e-13,optimal,True
SRU_2693,Mars_bakim_x3.0_sert,0.006662435703958018,0.00666243570395448,1.0000000000005311,optimal,False
SRU_2205,Mars_bakim_x3.0_sert,0.006662435703954585,0.00666243570395448,1.0000000000000158,optimal,False
SRU_0423,Mars_bakim_x3.0_sert,0.006662435703954584,0.00666243570395448,1.0000000000000155,optimal,False
SRU_1709,Mars_bakim_x3.0_sert,0.006662435703954378,0.00666243570395448,0.9999999999999847,optimal,False
SRU_1211,Mars_bakim_x3.0_sert,0.006662435703954378,0.00666243570395448,0.9999999999999847,optimal,False
SRU_2219,Mars_bakim_x3.0_sert,0.006662435703954378,0.00666243570395448,0.9999999999999847,optimal,False
SRU_2812,Mars_bakim_x3.0_sert,0.006662435703954378,0.00666243570395448,0.9999999999999847,optimal,False
SRU_0608,Mars_bakim_x3.0_sert,0.006662435703954378,0.00666243570395448,0.9999999999999847,optimal,False
SRU_1514,Mars_bakim_x3.0_sert,0.006662435703954378,0.00666243570395448,0.9999999999999847,optimal,False
SRU_1614,Mars_bakim_x3.0_sert,0.006662435703954378,0.00666243570395448,0.9999999999999847,optimal,False
SRU_2709,Mars_bakim_x3.0_sert,0.006662435703954378,0.00666243570395448,0.9999999999999847,optimal,False
SRU_1050,Mars_bakim_x3.0_sert,0.006662435703954378,0.00666243570395448,0.9999999999999847,optimal,False
SRU_1744,Mars_bakim_x3.0_sert,0.006662435703954378,0.00666243570395448,0.9999999999999847,optimal,False
SRU_0573,Mars_bakim_x3.0_sert,0.006662435703954378,0.00666243570395448,0.9999999999999847,optimal,False
SRU_2761,Mars_bakim_x3.0_sert,0.006662435703954686,0.00666243570395448,1.0000000000000309,optimal,False
SRU_0691,Mars_bakim_x3.0_sert,0.006662435703954686,0.00666243570395448,1.0000000000000309,optimal,False
SRU_0461,Mars_bakim_x3.0_sert,0.006662435703954686,0.00666243570395448,1.0000000000000309,optimal,False
SRU_2203,Mars_bakim_x3.0_sert,0.006662435703954686,0.00666243570395448,1.0000000000000309,optimal,False
SRU_1554,Mars_bakim_x3.0_sert,0.0,0.00666243570395448,0.0,optimal,True
SRU_1384,Mars_bakim_x3.0_sert,0.006662435703954575,0.00666243570395448,1.0000000000000142,optimal,False
SRU_1218,Mars_bakim_x3.0_sert,0.006662435703954016,0.00666243570395448,0.9999999999999304,optimal,False
SRU_1045,Mars_bakim_x3.0_sert,0.006662435703953717,0.00666243570395448,0.9999999999998854,optimal,False
SRU_2766,Mars_bakim_x3.0_sert,0.0,0.00666243570395448,0.0,optimal,True
SRU_0542,Mars_bakim_x3.0_sert,0.006662435703956604,0.00666243570395448,1.0000000000003189,optimal,False
SRU_2127,Mars_bakim_x3.0_sert,2.2168296945449542e-31,0.00666243570395448,3.3273562298382226e-29,optimal,True
SRU_2794,Mars_bakim_x3.0_sert,0.006662435703954008,0.00666243570395448,0.9999999999999292,optimal,False
SRU_2348,Mars_bakim_x3.0_sert,0.006662435703954315,0.00666243570395448,0.9999999999999752,optimal,False
SRU_0729,Mars_bakim_x3.0_sert,0.006662435703954315,0.00666243570395448,0.9999999999999752,optimal,False
SRU_2295,Mars_bakim_x3.0_sert,0.006522503984140098,0.00666243570395448,0.9789969125358575,optimal,False
SRU_1123,Mars_bakim_x3.0_sert,0.006662435703954539,0.00666243570395448,1.0000000000000089,optimal,False
SRU_2293,Mars_bakim_x3.0_sert,0.006522503984140123,0.00666243570395448,0.9789969125358613,optimal,False
SRU_1735,Mars_bakim_x3.0_sert,-1.5674541639238869e-30,0.00666243570395448,-2.3526743575079103e-28,optimal,True
SRU_1448,Mars_bakim_x3.0_sert,0.006662435703954582,0.00666243570395448,1.0000000000000153,optimal,False
SRU_0529,Mars_bakim_x3.0_sert,0.006662435703954573,0.00666243570395448,1.000000000000014,optimal,False
SRU_0386,Mars_bakim_x3.0_sert,4.715019798566809e-16,0.00666243570395448,7.077021089701797e-14,optimal,True
SRU_1966,Mars_bakim_x3.0_sert,1.6797642348447056e-17,0.00666243570395448,2.5212464472230234e-15,optimal,True
SRU_1484,Mars_bakim_x3.0_sert,0.006662435703954891,0.00666243570395448,1.0000000000000617,optimal,False
SRU_0532,Mars_bakim_x3.0_sert,6.829747323831701e-31,0.00666243570395448,1.0251126806038689e-28,optimal,True
SRU_1862,Mars_bakim_x3.0_sert,8.913654195374555e-16,0.00666243570395448,1.3378972182926835e-13,optimal,True
SRU_0728,Mars_bakim_x3.0_sert,-1.085257241276514e-17,0.00666243570395448,-1.6289196466576945e-15,optimal,True
SRU_1342,Mars_bakim_x3.0_sert,0.006662435703956504,0.00666243570395448,1.0000000000003038,optimal,False
SRU_0959,Mars_bakim_x3.0_sert,0.006662435703954206,0.00666243570395448,0.9999999999999588,optimal,False
SRU_1912,Mars_bakim_x3.0_sert,0.0,0.00666243570395448,0.0,optimal,True
SRU_2846,Mars_bakim_x3.0_sert,0.006662435703954765,0.00666243570395448,1.0000000000000426,optimal,False
SRU_1053,Mars_bakim_x3.0_sert,0.006662435703953954,0.00666243570395448,0.999999999999921,optimal,False
SRU_2160,Mars_bakim_x3.0_sert,0.006662435703953954,0.00666243570395448,0.999999999999921,optimal,False
SRU_1835,Mars_bakim_x3.0_sert,0.006662435703953954,0.00666243570395448,0.999999999999921,optimal,False
SRU_2080,Mars_bakim_x3.0_sert,0.006662435703953954,0.00666243570395448,0.999999999999921,optimal,False
SRU_1233,Mars_bakim_x3.0_sert,0.006662435703953954,0.00666243570395448,0.999999999999921,optimal,False
SRU_1609,Mars_bakim_x3.0_sert,0.0,0.00666243570395448,0.0,optimal,True
SRU_0804,Mars_bakim_x3.0_sert,0.0,0.00666243570395448,0.0,optimal,True
SRU_1116,Mars_bakim_x3.0_sert,0.0,0.00666243570395448,0.0,optimal,True
SRU_2426,Mars_bakim_x3.0_sert,0.0,0.00666243570395448,0.0,optimal,True
SRU_2239,Mars_bakim_x3.0_sert,0.0,0.00666243570395448,0.0,optimal,True
SRU_0396,Mars_bakim_x3.0_sert,0.006662435703954564,0.00666243570395448,1.0000000000000127,optimal,False
SRU_2430,Mars_bakim_x3.0_sert,0.006662435703954938,0.00666243570395448,1.0000000000000688,optimal,False
SRU_2743,Mars_bakim_x3.0_sert,0.006662435703954938,0.00666243570395448,1.0000000000000688,optimal,False
SRU_1130,Mars_bakim_x3.0_sert,0.006662435703954938,0.00666243570395448,1.0000000000000688,optimal,False
SRU_2787,Mars_bakim_x3.0_sert,0.0066624357039549355,0.00666243570395448,1.0000000000000684,optimal,False
SRU_2111,Mars_bakim_x3.0_sert,0.006662435703954641,0.00666243570395448,1.000000000000024,optimal,False
SRU_1961,Mars_bakim_x3.0_sert,0.006662435703954467,0.00666243570395448,0.999999999999998,optimal,False
SRU_0905,Mars_bakim_x3.0_sert,0.006662435703954467,0.00666243570395448,0.999999999999998,optimal,False
SRU_1503,Mars_bakim_x3.0_sert,0.006662435703954467,0.00666243570395448,0.999999999999998,optimal,False
SRU_2076,Mars_bakim_x3.0_sert,0.006662435703954467,0.00666243570395448,0.999999999999998,optimal,False
SRU_1456,Mars_bakim_x3.0_sert,0.006662435703954467,0.00666243570395448,0.999999999999998,optimal,False
SRU_0521,Mars_bakim_x3.0_sert,0.0,0.00666243570395448,0.0,optimal,True
SRU_1594,Mars_bakim_x3.0_sert,0.0066624357039546354,0.00666243570395448,1.0000000000000233,optimal,False
SRU_1142,Mars_bakim_x3.0_sert,0.006662435703954365,0.00666243570395448,0.9999999999999827,optimal,False
SRU_1014,Mars_bakim_x3.0_sert,0.006662435703954365,0.00666243570395448,0.9999999999999827,optimal,False
SRU_0558,Mars_bakim_x3.0_sert,0.0,0.00666243570395448,0.0,optimal,True
SRU_2100,Mars_bakim_x3.0_sert,0.0066624357039545765,0.00666243570395448,1.0000000000000144,optimal,False
SRU_1303,Mars_bakim_x3.0_sert,0.006662435703954712,0.00666243570395448,1.0000000000000349,optimal,False
SRU_2784,Mars_bakim_x3.0_sert,0.006662435703954712,0.00666243570395448,1.0000000000000349,optimal,False
SRU_1791,Mars_bakim_x3.0_sert,0.006662435703954712,0.00666243570395448,1.0000000000000349,optimal,False
SRU_0824,Mars_bakim_x3.0_sert,-1.410518919703636e-30,0.00666243570395448,-2.1171219991908127e-28,optimal,True
SRU_0855,Mars_bakim_x3.0_sert,0.00666243570395853,0.00666243570395448,1.0000000000006077,optimal,False
SRU_0674,Mars_bakim_x3.0_sert,0.0,0.00666243570395448,0.0,optimal,True
SRU_1970,Mars_bakim_x3.0_sert,0.006662435703954916,0.00666243570395448,1.0000000000000653,optimal,False
SRU_2199,Mars_bakim_x3.0_sert,0.006662435703954363,0.00666243570395448,0.9999999999999825,optimal,False
SRU_0600,Mars_bakim_x3.0_sert,0.006662435703954363,0.00666243570395448,0.9999999999999825,optimal,False
SRU_0505,Mars_bakim_x3.0_sert,0.006662435703954363,0.00666243570395448,0.9999999999999825,optimal,False
SRU_2184,Mars_bakim_x3.0_sert,0.0,0.00666243570395448,0.0,optimal,True
SRU_1366,Mars_bakim_x3.0_sert,0.006662435703954575,0.00666243570395448,1.0000000000000142,optimal,False
SRU_1670,Mars_bakim_x3.0_sert,0.006662435703955117,0.00666243570395448,1.0000000000000955,optimal,False
SRU_1701,Mars_bakim_x3.0_sert,0.006662435703955117,0.00666243570395448,1.0000000000000955,optimal,False
SRU_1042,Mars_bakim_x3.0_sert,0.006662435703955117,0.00666243570395448,1.0000000000000955,optimal,False
SRU_1963,Mars_bakim_x3.0_sert,0.006662435703955117,0.00666243570395448,1.0000000000000955,optimal,False
SRU_2202,Mars_bakim_x3.0_sert,0.006662435703955117,0.00666243570395448,1.0000000000000955,optimal,False
SRU_0756,Mars_bakim_x3.0_sert,0.006662435703955117,0.00666243570395448,1.0000000000000955,optimal,False
SRU_1705,Mars_bakim_x3.0_sert,0.006662435703955117,0.00666243570395448,1.0000000000000955,optimal,False
SRU_1906,Mars_bakim_x3.0_sert,0.0066624357039546675,0.00666243570395448,1.0000000000000282,optimal,False
SRU_2296,Mars_bakim_x3.0_sert,0.006522503984141931,0.00666243570395448,0.9789969125361325,optimal,False
SRU_2444,Mars_bakim_x3.0_sert,0.006662435703954652,0.00666243570395448,1.0000000000000258,optimal,False
SRU_0383,Mars_bakim_x3.0_sert,0.006662435703953834,0.00666243570395448,0.999999999999903,optimal,False
SRU_0414,Mars_bakim_x3.0_sert,0.006662435703953876,0.00666243570395448,0.9999999999999093,optimal,False
SRU_0022,Mars_bakim_x3.0_sert,0.006662435703953876,0.00666243570395448,0.9999999999999093,optimal,False
SRU_0670,Mars_bakim_x3.0_sert,0.006660789095030352,0.00666243570395448,0.9997528518101644,optimal,False
SRU_2253,Mars_bakim_x3.0_sert,1.801280054896719e-17,0.00666243570395448,2.7036359297660036e-15,optimal,True
SRU_1349,Mars_bakim_x3.0_sert,0.006662435703955043,0.00666243570395448,1.0000000000000846,optimal,False
SRU_0689,Mars_bakim_x3.0_sert,1.8903816308268967e-17,0.00666243570395448,2.8373731692522948e-15,optimal,True
SRU_1198,Mars_bakim_x3.0_sert,0.00666243570395523,0.00666243570395448,1.0000000000001126,optimal,False
SRU_2701,Mars_bakim_x3.0_sert,6.692221036926497e-31,0.00666243570395448,1.0044706372107032e-28,optimal,True
SRU_2695,Mars_bakim_x3.0_sert,0.006662435703954293,0.00666243570395448,0.9999999999999719,optimal,False
SRU_1669,Mars_bakim_x3.0_sert,0.006662435703954844,0.00666243570395448,1.0000000000000546,optimal,False
SRU_2042,Mars_bakim_x3.0_sert,0.006662435703954844,0.00666243570395448,1.0000000000000546,optimal,False
SRU_1355,Mars_bakim_x3.0_sert,-4.424336674104652e-30,0.00666243570395448,-6.640719506649187e-28,optimal,True
SRU_1497,Mars_bakim_x3.0_sert,0.006662435703955318,0.00666243570395448,1.0000000000001257,optimal,False
SRU_0915,Mars_bakim_x3.0_sert,0.0066624357039547916,0.00666243570395448,1.0000000000000466,optimal,False
SRU_1855,Mars_bakim_x3.0_sert,0.0066624357039547916,0.00666243570395448,1.0000000000000466,optimal,False
SRU_1559,Mars_bakim_x3.0_sert,0.0066624357039547916,0.00666243570395448,1.0000000000000466,optimal,False
SRU_1786,Mars_bakim_x3.0_sert,0.006662435703954851,0.00666243570395448,1.0000000000000557,optimal,False
SRU_0580,Mars_bakim_x3.0_sert,0.00666243570395411,0.00666243570395448,0.9999999999999444,optimal,False
SRU_1477,Mars_bakim_x3.0_sert,0.00666243570395411,0.00666243570395448,0.9999999999999444,optimal,False
SRU_1343,Mars_bakim_x3.0_sert,0.00666243570395411,0.00666243570395448,0.9999999999999444,optimal,False
SRU_1367,Mars_bakim_x3.0_sert,0.00666243570395411,0.00666243570395448,0.9999999999999444,optimal,False
SRU_0492,Mars_bakim_x3.0_sert,7.438537633957616e-17,0.00666243570395448,1.1164892187315941e-14,optimal,True
SRU_0960,Mars_bakim_x3.0_sert,0.006662435703953721,0.00666243570395448,0.9999999999998861,optimal,False
SRU_0791,Mars_bakim_x3.0_sert,0.006662435703954157,0.00666243570395448,0.9999999999999515,optimal,False
SRU_2303,Mars_bakim_x3.0_sert,0.006662435703954157,0.00666243570395448,0.9999999999999515,optimal,False
SRU_2793,Mars_bakim_x3.0_sert,0.006662435703954157,0.00666243570395448,0.9999999999999515,optimal,False
SRU_2530,Mars_bakim_x3.0_sert,0.006662435703954157,0.00666243570395448,0.9999999999999515,optimal,False
SRU_0313,Mars_bakim_x3.0_sert,0.006662435703954157,0.00666243570395448,0.9999999999999515,optimal,False
SRU_0332,Mars_bakim_x3.0_sert,0.006662435703954157,0.00666243570395448,0.9999999999999515,optimal,False
SRU_0864,Mars_bakim_x3.0_sert,0.006662435703954157,0.00666243570395448,0.9999999999999515,optimal,False
SRU_0042,Mars_bakim_x3.0_sert,4.502960023944628e-16,0.00666243570395448,6.758729425744255e-14,optimal,True
SRU_1081,Mars_bakim_x3.0_sert,0.0,0.00666243570395448,0.0,optimal,True
SRU_1162,Mars_bakim_x3.0_sert,0.0066624357039549355,0.00666243570395448,1.0000000000000684,optimal,False
SRU_2420,Mars_bakim_x3.0_sert,0.006662435703954443,0.00666243570395448,0.9999999999999944,optimal,False
SRU_1859,Mars_bakim_x3.0_sert,8.257103370679446e-17,0.00666243570395448,1.2393520534507302e-14,optimal,True
SRU_1189,Mars_bakim_x3.0_sert,0.006662435703954531,0.00666243570395448,1.0000000000000078,optimal,False
SRU_2210,Mars_bakim_x3.0_sert,0.006662435703953843,0.00666243570395448,0.9999999999999043,optimal,False
SRU_0619,Mars_bakim_x3.0_sert,0.006662435703953843,0.00666243570395448,0.9999999999999043,optimal,False
SRU_0348,Mars_bakim_x3.0_sert,0.006662435703953843,0.00666243570395448,0.9999999999999043,optimal,False
SRU_0761,Mars_bakim_x3.0_sert,0.006662435703953843,0.00666243570395448,0.9999999999999043,optimal,False
SRU_0398,Mars_bakim_x3.0_sert,0.006662435703953843,0.00666243570395448,0.9999999999999043,optimal,False
SRU_0815,Mars_bakim_x3.0_sert,0.006662435703953843,0.00666243570395448,0.9999999999999043,optimal,False
SRU_1138,Mars_bakim_x3.0_sert,0.006662435703953843,0.00666243570395448,0.9999999999999043,optimal,False
SRU_0275,Mars_bakim_x3.0_sert,0.006662435703950882,0.00666243570395448,0.99999999999946,optimal,False
SRU_0736,Mars_bakim_x3.0_sert,2.5483642013447625e-16,0.00666243570395448,3.824973800245733e-14,optimal,True
SRU_1620,Mars_bakim_x3.0_sert,-9.55324215452332e-15,0.00666243570395448,-1.4338963374690438e-12,optimal,True
SRU_0936,Mars_bakim_x3.0_sert,0.006662435703955042,0.00666243570395448,1.0000000000000844,optimal,False
SRU_1724,Mars_bakim_x3.0_sert,0.006662435703954148,0.00666243570395448,0.9999999999999502,optimal,False
SRU_1842,Mars_bakim_x3.0_sert,0.006662435703954148,0.00666243570395448,0.9999999999999502,optimal,False
SRU_2277,Mars_bakim_x3.0_sert,0.0,0.00666243570395448,0.0,optimal,True
SRU_2075,Mars_bakim_x3.0_sert,0.006662435703953976,0.00666243570395448,0.9999999999999244,optimal,False
SRU_1854,Mars_bakim_x3.0_sert,0.006662435703953169,0.00666243570395448,0.9999999999998032,optimal,False
SRU_1286,Mars_bakim_x3.0_sert,0.006662435703953169,0.00666243570395448,0.9999999999998032,optimal,False
SRU_0080,Mars_bakim_x3.0_sert,9.568734043391277e-17,0.00666243570395448,1.4362215965118833e-14,optimal,True
SRU_2405,Mars_bakim_x3.0_sert,0.006662435703954623,0.00666243570395448,1.0000000000000215,optimal,False
SRU_2367,Mars_bakim_x3.0_sert,0.006662435703954197,0.00666243570395448,0.9999999999999576,optimal,False
SRU_0692,Mars_bakim_x3.0_sert,0.006662435703954197,0.00666243570395448,0.9999999999999576,optimal,False
SRU_2197,Mars_bakim_x3.0_sert,5.0764353627977624e-17,0.00666243570395448,7.619488710089391e-15,optimal,True
SRU_0576,Mars_bakim_x3.0_sert,0.0,0.00666243570395448,0.0,optimal,True
SRU_1971,Mars_bakim_x3.0_sert,0.006662435703954761,0.00666243570395448,1.0000000000000422,optimal,False
SRU_2317,Mars_bakim_x3.0_sert,1.0282002448624769e-33,0.00666243570395448,1.5432798011877098e-31,optimal,True
SRU_1296,Mars_bakim_x3.0_sert,0.006662435703952131,0.00666243570395448,0.9999999999996475,optimal,False
SRU_1665,Mars_bakim_x3.0_sert,0.0,0.00666243570395448,0.0,optimal,True
SRU_1473,Mars_bakim_x3.0_sert,0.0066624357039546216,0.00666243570395448,1.0000000000000213,optimal,False
SRU_0933,Mars_bakim_x3.0_sert,0.006662435703954206,0.00666243570395448,0.9999999999999588,optimal,False
SRU_1035,Mars_bakim_x3.0_sert,0.006662435703954206,0.00666243570395448,0.9999999999999588,optimal,False
SRU_0132,Mars_bakim_x3.0_sert,0.006662435703954206,0.00666243570395448,0.9999999999999588,optimal,False
SRU_0177,Mars_bakim_x3.0_sert,0.006662435703954206,0.00666243570395448,0.9999999999999588,optimal,False
SRU_1055,Mars_bakim_x3.0_sert,0.006662435703954206,0.00666243570395448,0.9999999999999588,optimal,False
SRU_1013,Mars_bakim_x3.0_sert,4.170623396286212e-17,0.00666243570395448,6.25990790997164e-15,optimal,True
SRU_0686,Mars_bakim_x3.0_sert,0.006662435703954541,0.00666243570395448,1.000000000000009,optimal,False
SRU_1430,Mars_bakim_x3.0_sert,-2.6629548803486038e-17,0.00666243570395448,-3.996968974526854e-15,optimal,True
SRU_0660,Mars_bakim_x3.0_sert,0.006662435703955042,0.00666243570395448,1.0000000000000844,optimal,False
SRU_1170,Mars_bakim_x3.0_sert,0.006662435703957998,0.00666243570395448,1.000000000000528,optimal,False
SRU_1832,Mars_bakim_x3.0_sert,0.006662435703955725,0.00666243570395448,1.0000000000001867,optimal,False
SRU_2216,Mars_bakim_x3.0_sert,0.006662435703955725,0.00666243570395448,1.0000000000001867,optimal,False
SRU_1708,Mars_bakim_x3.0_sert,0.006662435703955725,0.00666243570395448,1.0000000000001867,optimal,False
SRU_1668,Mars_bakim_x3.0_sert,3.4330387068288915e-16,0.00666243570395448,5.1528282738867043e-14,optimal,True
SRU_1740,Mars_bakim_x3.0_sert,0.006662435703954607,0.00666243570395448,1.000000000000019,optimal,False
SRU_2039,Mars_bakim_x3.0_sert,0.0066624357039547595,0.00666243570395448,1.000000000000042,optimal,False
SRU_2044,Mars_bakim_x3.0_sert,0.0066624357039548575,0.00666243570395448,1.0000000000000566,optimal,False
SRU_0653,Mars_bakim_x3.0_sert,0.0066624357039548575,0.00666243570395448,1.0000000000000566,optimal,False
SRU_1460,Mars_bakim_x3.0_sert,0.0066624357039548575,0.00666243570395448,1.0000000000000566,optimal,False
SRU_1058,Mars_bakim_x3.0_sert,0.0066624357039548575,0.00666243570395448,1.0000000000000566,optimal,False
SRU_0043,Mars_bakim_x3.0_sert,0.0,0.00666243570395448,0.0,optimal,True
