gen_id,senaryo,growth,wt_buyume,oran,status,esansiyel
BSU23920,Dunya_referans,0.11796638932239699,0.11796638932290017,0.9999999999957345,optimal,False
BSU03150,Dunya_referans,0.0,0.11796638932290017,0.0,optimal,True
BSU09410,Dunya_referans,0.11796638932239775,0.11796638932290017,0.999999999995741,optimal,False
BSU27610,Dunya_referans,0.11796638932239761,0.11796638932290017,0.9999999999957399,optimal,False
BSU32100,Dunya_referans,0.11796638932239761,0.11796638932290017,0.9999999999957399,optimal,False
BSU38500,Dunya_referans,1.2031017083618218e-16,0.11796638932290017,1.0198682143849173e-15,optimal,True
BSU30200,Dunya_referans,0.11796638932239788,0.11796638932290017,0.9999999999957421,optimal,False
BSU30790,Dunya_referans,-7.071058738727667e-17,0.11796638932290017,-5.994130005431132e-16,optimal,True
BSU28310,Dunya_referans,0.1179663893224019,0.11796638932290017,0.9999999999957762,optimal,False
BSU29440,Dunya_referans,-1.834937886144986e-16,0.11796638932290017,-1.5554751626095413e-15,optimal,True
BSU37320,Dunya_referans,0.11796638932239992,0.11796638932290017,0.9999999999957594,optimal,False
BSU39740,Dunya_referans,0.1179663893223984,0.11796638932290017,0.9999999999957465,optimal,False
BSU30420,Dunya_referans,0.1179663893223984,0.11796638932290017,0.9999999999957465,optimal,False
BSU02230,Dunya_referans,0.1179663893223984,0.11796638932290017,0.9999999999957465,optimal,False
BSU05340,Dunya_referans,0.1179663893223984,0.11796638932290017,0.9999999999957465,optimal,False
BSU23860,Dunya_referans,0.1179663893223984,0.11796638932290017,0.9999999999957465,optimal,False
BSU35740,Dunya_referans,0.0,0.11796638932290017,0.0,optimal,True
BSU14900,Dunya_referans,0.07771329258281093,0.11796638932290017,0.6587748682388881,optimal,False
BSU00380,Dunya_referans,0.1179663893224019,0.11796638932290017,0.9999999999957762,optimal,False
BSU22420,Dunya_referans,0.11796638932239814,0.11796638932290017,0.9999999999957443,optimal,False
BSU39060,Dunya_referans,0.11796638932239814,0.11796638932290017,0.9999999999957443,optimal,False
BSU02130,Dunya_referans,0.11796638932239814,0.11796638932290017,0.9999999999957443,optimal,False
BSU13500,Dunya_referans,0.11796638932239814,0.11796638932290017,0.9999999999957443,optimal,False
BSU34190,Dunya_referans,0.11796638932239814,0.11796638932290017,0.9999999999957443,optimal,False
BSU06430,Dunya_referans,-4.333784705764526e-14,0.11796638932290017,-3.6737453190179416e-13,optimal,True
BSU36660,Dunya_referans,0.11796638932238293,0.11796638932290017,0.9999999999956154,optimal,False
BSU30940,Dunya_referans,0.11796638932239956,0.11796638932290017,0.9999999999957563,optimal,False
BSU33800,Dunya_referans,0.11796638932239956,0.11796638932290017,0.9999999999957563,optimal,False
BSU03790,Dunya_referans,0.11796638932239956,0.11796638932290017,0.9999999999957563,optimal,False
BSU15480,Dunya_referans,0.11796638932239956,0.11796638932290017,0.9999999999957563,optimal,False
BSU31580,Dunya_referans,0.11796638932239956,0.11796638932290017,0.9999999999957563,optimal,False
BSU37760,Dunya_referans,0.11796638932239956,0.11796638932290017,0.9999999999957563,optimal,False
BSU03220,Dunya_referans,0.11796638932239956,0.11796638932290017,0.9999999999957563,optimal,False
BSU00920,Dunya_referans,0.11796638932239956,0.11796638932290017,0.9999999999957563,optimal,False
BSU33710,Dunya_referans,0.11796638932239956,0.11796638932290017,0.9999999999957563,optimal,False
BSU28540,Dunya_referans,0.11796638932239956,0.11796638932290017,0.9999999999957563,optimal,False
BSU18540,Dunya_referans,0.11796638932239956,0.11796638932290017,0.9999999999957563,optimal,False
BSU23970,Dunya_referans,0.11796638932239956,0.11796638932290017,0.9999999999957563,optimal,False
BSU32490,Dunya_referans,0.11796638932239956,0.11796638932290017,0.9999999999957563,optimal,False
BSU17680,Dunya_referans,0.11796638932239956,0.11796638932290017,0.9999999999957563,optimal,False
BSU22960,Dunya_referans,0.11796638932239956,0.11796638932290017,0.9999999999957563,optimal,False
BSU32240,Dunya_referans,-3.2738694661110674e-16,0.11796638932290017,-2.7752561427897572e-15,optimal,True
BSU36920,Dunya_referans,0.10758289301447098,0.11796638932290017,0.9119791970575003,optimal,False
BSU18800,Dunya_referans,0.11796638932239642,0.11796638932290017,0.9999999999957297,optimal,False
BSU28790,Dunya_referans,0.11796638932240122,0.11796638932290017,0.9999999999957704,optimal,False
BSU19350,Dunya_referans,0.11796638932240122,0.11796638932290017,0.9999999999957704,optimal,False
BSU06230,Dunya_referans,0.11796638932240122,0.11796638932290017,0.9999999999957704,optimal,False
BSU35609,Dunya_referans,0.11796638932240122,0.11796638932290017,0.9999999999957704,optimal,False
BSU32110,Dunya_referans,0.11796638932240122,0.11796638932290017,0.9999999999957704,optimal,False
BSU38110,Dunya_referans,0.11796638932240122,0.11796638932290017,0.9999999999957704,optimal,False
BSU08650,Dunya_referans,0.11796638932240122,0.11796638932290017,0.9999999999957704,optimal,False
BSU07570,Dunya_referans,0.11796638932240122,0.11796638932290017,0.9999999999957704,optimal,False
BSU22440,Dunya_referans,2.8561360269560724e-16,0.11796638932290017,2.421143889670298e-15,optimal,True
BSU39540,Dunya_referans,0.11796638932239757,0.11796638932290017,0.9999999999957395,optimal,False
BSU33170,Dunya_referans,0.11796638932240264,0.11796638932290017,0.9999999999957824,optimal,False
BSU29190,Dunya_referans,0.10873127909269809,0.11796638932290017,0.9217140553066896,optimal,False
BSU06360,Dunya_referans,-1.3141585102827063e-18,0.11796638932290017,-1.1140109634834741e-17,optimal,True
BSU27870,Dunya_referans,-3.681636182870802e-14,0.11796638932290017,-3.120919614478788e-13,optimal,True
BSU29220,Dunya_referans,0.11796638932239903,0.11796638932290017,0.9999999999957518,optimal,False
BSU02870,Dunya_referans,0.11796638932239577,0.11796638932290017,0.9999999999957242,optimal,False
BSU36010,Dunya_referans,0.11796638932239577,0.11796638932290017,0.9999999999957242,optimal,False
BSU22650,Dunya_referans,2.850839720828955e-16,0.11796638932290017,2.4166542158254707e-15,optimal,True
BSU26640,Dunya_referans,0.11796638932239782,0.11796638932290017,0.9999999999957416,optimal,False
BSU31620,Dunya_referans,0.11796638932239255,0.11796638932290017,0.9999999999956969,optimal,False
BSU38580,Dunya_referans,0.11796638932239255,0.11796638932290017,0.9999999999956969,optimal,False
BSU28560,Dunya_referans,0.11796638932239255,0.11796638932290017,0.9999999999956969,optimal,False
BSU25070,Dunya_referans,-1.5753956862086665e-16,0.11796638932290017,-1.3354614778421835e-15,optimal,True
BSU14860,Dunya_referans,0.10756837987659541,0.11796638932290017,0.9118561693208809,optimal,False
BSU12290,Dunya_referans,0.11796638932239957,0.11796638932290017,0.9999999999957564,optimal,False
BSU40330,Dunya_referans,0.11796638932239782,0.11796638932290017,0.9999999999957416,optimal,False
BSU36470,Dunya_referans,0.11796638932239782,0.11796638932290017,0.9999999999957416,optimal,False
BSU08840,Dunya_referans,0.11796638932239782,0.11796638932290017,0.9999999999957416,optimal,False
BSU06490,Dunya_referans,-5.031978876195855e-14,0.11796638932290017,-4.2656038767298483e-13,optimal,True
BSU12340,Dunya_referans,0.11796638932239857,0.11796638932290017,0.999999999995748,optimal,False
BSU23580,Dunya_referans,0.11796638932239924,0.11796638932290017,0.9999999999957536,optimal,False
BSU30720,Dunya_referans,0.11796638932239924,0.11796638932290017,0.9999999999957536,optimal,False
BSU22560,Dunya_referans,0.07771329258281537,0.11796638932290017,0.6587748682389257,optimal,False
BSU10140,Dunya_referans,0.11796638932240028,0.11796638932290017,0.9999999999957624,optimal,False
BSU39410,Dunya_referans,0.11796638932240043,0.11796638932290017,0.9999999999957637,optimal,False
BSU36820,Dunya_referans,,0.11796638932290017,,infeasible,False
BSU27330,Dunya_referans,0.11796633111999978,0.11796638932290017,0.9999995066145474,optimal,False
BSU04470,Dunya_referans,0.1179663893223989,0.11796638932290017,0.9999999999957507,optimal,False
BSU18480,Dunya_referans,0.1179663893224007,0.11796638932290017,0.9999999999957659,optimal,False
BSU19370,Dunya_referans,0.11072875884403369,0.11796638932290017,0.938646672832755,optimal,False
BSU00680,Dunya_referans,0.11795491187032646,0.11796638932290017,0.9999027057398333,optimal,False
BSU34130,Dunya_referans,0.11796638932240272,0.11796638932290017,0.9999999999957832,optimal,False
BSU11190,Dunya_referans,1.7166643333566327e-16,0.11796638932290017,1.4552147804216858e-15,optimal,True
BSU03990,Dunya_referans,0.11796638932239877,0.11796638932290017,0.9999999999957496,optimal,False
BSU16920,Dunya_referans,-7.015609867257183e-16,0.11796638932290017,-5.947126047957526e-15,optimal,True
BSU17660,Dunya_referans,0.11796638932239864,0.11796638932290017,0.9999999999957485,optimal,False
BSU13120,Dunya_referans,0.11796638932239581,0.11796638932290017,0.9999999999957245,optimal,False
BSU33290,Dunya_referans,0.11796638932239581,0.11796638932290017,0.9999999999957245,optimal,False
BSU26710,Dunya_referans,0.11796638932239581,0.11796638932290017,0.9999999999957245,optimal,False
BSU28280,Dunya_referans,4.677073244838129e-16,0.11796638932290017,3.964750698638357e-15,optimal,True
BSU21770,Dunya_referans,0.11796638932239932,0.11796638932290017,0.9999999999957543,optimal,False
BSU29990,Dunya_referans,0.11796638932239938,0.11796638932290017,0.9999999999957547,optimal,False
BSU07520,Dunya_referans,0.11796638932239938,0.11796638932290017,0.9999999999957547,optimal,False
BSU30960,Dunya_referans,0.11796638932239938,0.11796638932290017,0.9999999999957547,optimal,False
BSU32750,Dunya_referans,0.11796638932239938,0.11796638932290017,0.9999999999957547,optimal,False
BSU38830,Dunya_referans,0.11796638932239938,0.11796638932290017,0.9999999999957547,optimal,False
BSU15650,Dunya_referans,0.11796638932239938,0.11796638932290017,0.9999999999957547,optimal,False
BSU00500,Dunya_referans,-7.015609867257183e-16,0.11796638932290017,-5.947126047957526e-15,optimal,True
BSU31650,Dunya_referans,0.11796638932240093,0.11796638932290017,0.9999999999957679,optimal,False
BSU25660,Dunya_referans,-2.3385366224190643e-16,0.11796638932290017,-1.9823753493191785e-15,optimal,True
BSU12910,Dunya_referans,0.11796638932239763,0.11796638932290017,0.99999999999574,optimal,False
BSU17610,Dunya_referans,0.11796638932239938,0.11796638932290017,0.9999999999957547,optimal,False
BSU32480,Dunya_referans,0.11796638932239938,0.11796638932290017,0.9999999999957547,optimal,False
BSU02140,Dunya_referans,0.11796638932239938,0.11796638932290017,0.9999999999957547,optimal,False
BSU14610,Dunya_referans,0.10621239585180939,0.11796638932290017,0.9003615051833324,optimal,False
BSU38170,Dunya_referans,0.11796638932238997,0.11796638932290017,0.999999999995675,optimal,False
BSU30980,Dunya_referans,0.11796638932239575,0.11796638932290017,0.9999999999957241,optimal,False
BSU30270,Dunya_referans,0.11796638932239575,0.11796638932290017,0.9999999999957241,optimal,False
BSU13560,Dunya_referans,0.11796638932239575,0.11796638932290017,0.9999999999957241,optimal,False
BSU14520,Dunya_referans,0.11796638932239575,0.11796638932290017,0.9999999999957241,optimal,False
BSU15200,Dunya_referans,5.680803692040633e-17,0.11796638932290017,4.815612077852966e-16,optimal,True
BSU11710,Dunya_referans,0.11796638932239784,0.11796638932290017,0.9999999999957417,optimal,False
BSU30290,Dunya_referans,0.11796638932239581,0.11796638932290017,0.9999999999957245,optimal,False
BSU15790,Dunya_referans,0.11783279598320343,0.11796638932290017,0.9988675304850514,optimal,False
BSU02860,Dunya_referans,0.11796638932239849,0.11796638932290017,0.9999999999957473,optimal,False
BSU36850,Dunya_referans,,0.11796638932290017,,infeasible,False
BSU00460,Dunya_referans,1.1113778608112232e-29,0.11796638932290017,9.421139929689087e-29,optimal,True
BSU28270,Dunya_referans,0.0,0.11796638932290017,0.0,optimal,True
BSU03860,Dunya_referans,0.11796638932239799,0.11796638932290017,0.999999999995743,optimal,False
BSU31350,Dunya_referans,0.11641696038789487,0.11796638932290017,0.9868655051332955,optimal,False
BSU39710,Dunya_referans,0.11796638932239782,0.11796638932290017,0.9999999999957416,optimal,False
BSU28440,Dunya_referans,0.10427271062554423,0.11796638932290017,0.8839188113160495,optimal,False
BSU05830,Dunya_referans,0.1179663893223936,0.11796638932290017,0.9999999999957059,optimal,False
BSU27910,Dunya_referans,0.11796638932240106,0.11796638932290017,0.999999999995769,optimal,False
BSU25310,Dunya_referans,0.11796638932240106,0.11796638932290017,0.999999999995769,optimal,False
BSU02760,Dunya_referans,0.11796638932240106,0.11796638932290017,0.999999999995769,optimal,False
BSU05900,Dunya_referans,0.11796638932240106,0.11796638932290017,0.999999999995769,optimal,False
BSU38560,Dunya_referans,0.11796638932240106,0.11796638932290017,0.999999999995769,optimal,False
BSU27040,Dunya_referans,0.11796638932240106,0.11796638932290017,0.999999999995769,optimal,False
BSU23960,Dunya_referans,0.11796638932240106,0.11796638932290017,0.999999999995769,optimal,False
BSU27200,Dunya_referans,0.11796638932240106,0.11796638932290017,0.999999999995769,optimal,False
BSU32830,Dunya_referans,0.11785912840422783,0.11796638932290017,0.9990907501764867,optimal,False
BSU39020,Dunya_referans,0.11796638932240196,0.11796638932290017,0.9999999999957767,optimal,False
BSU28720,Dunya_referans,0.11796638932240106,0.11796638932290017,0.999999999995769,optimal,False
BSU08180,Dunya_referans,0.11796638932240106,0.11796638932290017,0.999999999995769,optimal,False
BSU16740,Dunya_referans,0.11796638932240106,0.11796638932290017,0.999999999995769,optimal,False
BSU33310,Dunya_referans,0.11796638932240106,0.11796638932290017,0.999999999995769,optimal,False
BSU38710,Dunya_referans,0.11796638932240106,0.11796638932290017,0.999999999995769,optimal,False
BSU17380,Dunya_referans,5.680803692040476e-17,0.11796638932290017,4.815612077852834e-16,optimal,True
BSU05860,Dunya_referans,0.1179663893223997,0.11796638932290017,0.9999999999957575,optimal,False
BSU18250,Dunya_referans,0.11796638932239581,0.11796638932290017,0.9999999999957245,optimal,False
BSU14630,Dunya_referans,0.11796638932239581,0.11796638932290017,0.9999999999957245,optimal,False
BSU29470,Dunya_referans,0.11777977643514827,0.11796638932290017,0.998418084262619,optimal,False
BSU13960,Dunya_referans,0.11796634917149021,0.11796638932290017,0.9999996596368661,optimal,False
BSU15560,Dunya_referans,5.067058777822691e-16,0.11796638932290017,4.2953410771546354e-15,optimal,True
BSU18410,Dunya_referans,0.11796638932239747,0.11796638932290017,0.9999999999957386,optimal,False
BSU20250,Dunya_referans,0.11796604010887315,0.11796638932290017,0.9999970397158969,optimal,False
BSU02850,Dunya_referans,0.11796638932239786,0.11796638932290017,0.999999999995742,optimal,False
BSU07700,Dunya_referans,0.11796638932240121,0.11796638932290017,0.9999999999957703,optimal,False
BSU08090,Dunya_referans,0.11796638932240121,0.11796638932290017,0.9999999999957703,optimal,False
BSU29370,Dunya_referans,0.11796638932240121,0.11796638932290017,0.9999999999957703,optimal,False
BSU11250,Dunya_referans,1.0558020734595469e-16,0.11796638932290017,8.950024490192563e-16,optimal,True
BSU07510,Dunya_referans,0.11796638932240576,0.11796638932290017,0.9999999999958089,optimal,False
BSU23080,Dunya_referans,1.072236461875458e-16,0.11796638932290017,9.089338650015886e-16,optimal,True
BSU03950,Dunya_referans,0.11796638932240014,0.11796638932290017,0.9999999999957613,optimal,False
BSU35730,Dunya_referans,-2.3385366224190643e-16,0.11796638932290017,-1.9823753493191785e-15,optimal,True
BSU16100,Dunya_referans,0.1109419995070239,0.11796638932290017,0.9404543119765328,optimal,False
BSU10360,Dunya_referans,0.11796638932239656,0.11796638932290017,0.9999999999957309,optimal,False
BSU00180,Dunya_referans,0.11796604010886996,0.11796638932290017,0.9999970397158698,optimal,False
BSU24040,Dunya_referans,4.873961883699729e-17,0.11796638932290017,4.131653017164588e-16,optimal,True
BSU14880,Dunya_referans,0.11796638932239759,0.11796638932290017,0.9999999999957396,optimal,False
BSU03060,Dunya_referans,0.11796638932239863,0.11796638932290017,0.9999999999957484,optimal,False
BSU13180,Dunya_referans,2.4367936446469032e-17,0.11796638932290017,2.0656677369151805e-16,optimal,True
BSU22610,Dunya_referans,0.0,0.11796638932290017,0.0,optimal,True
BSU27260,Dunya_referans,0.11794145507264163,0.11796638932290017,0.9997886325893193,optimal,False
BSU15510,Dunya_referans,0.11796638932240035,0.11796638932290017,0.9999999999957631,optimal,False
BSU24280,Dunya_referans,-1.1237375126636054e-16,0.11796638932290017,-9.52591258504731e-16,optimal,True
BSU22890,Dunya_referans,0.11773111646692995,0.11796638932290017,0.9980055941584663,optimal,False
BSU38300,Dunya_referans,0.1179663893224007,0.11796638932290017,0.9999999999957659,optimal,False
BSU02430,Dunya_referans,0.11796638932239581,0.11796638932290017,0.9999999999957245,optimal,False
BSU03981,Dunya_referans,0.11796638932239581,0.11796638932290017,0.9999999999957245,optimal,False
BSU02750,Dunya_referans,0.11796638932239581,0.11796638932290017,0.9999999999957245,optimal,False
BSU37120,Dunya_referans,0.11796638932239581,0.11796638932290017,0.9999999999957245,optimal,False
BSU38490,Dunya_referans,-2.3385366224190643e-16,0.11796638932290017,-1.9823753493191785e-15,optimal,True
BSU06510,Dunya_referans,0.11788673207935292,0.11796638932290017,0.9993247462772705,optimal,False
BSU17410,Dunya_referans,0.11796638932239938,0.11796638932290017,0.9999999999957547,optimal,False
BSU38270,Dunya_referans,0.11796563444612738,0.11796638932290017,0.9999936009165228,optimal,False
BSU35020,Dunya_referans,0.11796638932239528,0.11796638932290017,0.9999999999957201,optimal,False
BSU26590,Dunya_referans,0.11796638932239938,0.11796638932290017,0.9999999999957547,optimal,False
BSU30430,Dunya_referans,0.11796638932239938,0.11796638932290017,0.9999999999957547,optimal,False
BSU34900,Dunya_referans,-2.338536622419061e-16,0.11796638932290017,-1.9823753493191757e-15,optimal,True
BSU39610,Dunya_referans,0.11796638932239796,0.11796638932290017,0.9999999999957427,optimal,False
BSU09680,Dunya_referans,0.11796638932239581,0.11796638932290017,0.9999999999957245,optimal,False
BSU33390,Dunya_referans,0.11796638932239581,0.11796638932290017,0.9999999999957245,optimal,False
BSU22070,Dunya_referans,0.11796638932239581,0.11796638932290017,0.9999999999957245,optimal,False
BSU19230,Dunya_referans,0.11796638932239581,0.11796638932290017,0.9999999999957245,optimal,False
BSU09840,Dunya_referans,0.11796638932239581,0.11796638932290017,0.9999999999957245,optimal,False
BSU03610,Dunya_referans,0.11796638932239581,0.11796638932290017,0.9999999999957245,optimal,False
BSU37710,Dunya_referans,0.11796638932239581,0.11796638932290017,0.9999999999957245,optimal,False
BSU02400,Dunya_referans,0.11796638932239581,0.11796638932290017,0.9999999999957245,optimal,False
BSU02980,Dunya_referans,0.11796638932239581,0.11796638932290017,0.9999999999957245,optimal,False
BSU22730,Dunya_referans,7.717170853982912e-15,0.11796638932290017,6.541838652753288e-14,optimal,True
BSU31100,Dunya_referans,0.11796638932239857,0.11796638932290017,0.999999999995748,optimal,False
BSU14510,Dunya_referans,0.11796638932239581,0.11796638932290017,0.9999999999957245,optimal,False
BSU23770,Dunya_referans,0.11796638932239581,0.11796638932290017,0.9999999999957245,optimal,False
BSU30750,Dunya_referans,0.11796638932239581,0.11796638932290017,0.9999999999957245,optimal,False
BSU37280,Dunya_referans,0.11796638932239581,0.11796638932290017,0.9999999999957245,optimal,False
BSU15540,Dunya_referans,2.3385366224190643e-16,0.11796638932290017,1.9823753493191785e-15,optimal,True
BSU24160,Dunya_referans,0.11796638932240082,0.11796638932290017,0.999999999995767,optimal,False
BSU03900,Dunya_referans,0.11796638932239581,0.11796638932290017,0.9999999999957245,optimal,False
BSU30210,Dunya_referans,0.11796638932239581,0.11796638932290017,0.9999999999957245,optimal,False
BSU29050,Dunya_referans,0.11796638932239581,0.11796638932290017,0.9999999999957245,optimal,False
BSU39700,Dunya_referans,0.11796638932239581,0.11796638932290017,0.9999999999957245,optimal,False
BSU07800,Dunya_referans,0.11796638932239581,0.11796638932290017,0.9999999999957245,optimal,False
BSU17890,Dunya_referans,-1.1692683112095321e-16,0.11796638932290017,-9.911876746595892e-16,optimal,True
BSU30550,Dunya_referans,0.11796638932239921,0.11796638932290017,0.9999999999957534,optimal,False
BSU29750,Dunya_referans,1.7166643333566307e-16,0.11796638932290017,1.4552147804216842e-15,optimal,True
BSU33320,Dunya_referans,0.11796638932239699,0.11796638932290017,0.9999999999957345,optimal,False
BSU27070,Dunya_referans,0.11796638932239699,0.11796638932290017,0.9999999999957345,optimal,False
BSU11220,Dunya_referans,-1.834937886144985e-16,0.11796638932290017,-1.5554751626095405e-15,optimal,True
BSU22740,Dunya_referans,0.0,0.11796638932290017,0.0,optimal,True
BSU35710,Dunya_referans,0.0,0.11796638932290017,0.0,optimal,True
BSU21680,Dunya_referans,0.11796638932239922,0.11796638932290017,0.9999999999957535,optimal,False
BSU33330,Dunya_referans,0.11796638932239902,0.11796638932290017,0.9999999999957517,optimal,False
BSU25300,Dunya_referans,0.11796638932239902,0.11796638932290017,0.9999999999957517,optimal,False
BSU35530,Dunya_referans,1.2906959721306695e-16,0.11796638932290017,1.094121791417849e-15,optimal,True
BSU32440,Dunya_referans,0.11796638932239994,0.11796638932290017,0.9999999999957596,optimal,False
BSU11720,Dunya_referans,0.11796638932239784,0.11796638932290017,0.9999999999957417,optimal,False
BSU23560,Dunya_referans,0.11796638932239784,0.11796638932290017,0.9999999999957417,optimal,False
BSU32510,Dunya_referans,0.11796638932239784,0.11796638932290017,0.9999999999957417,optimal,False
BSU04030,Dunya_referans,0.11796638932239784,0.11796638932290017,0.9999999999957417,optimal,False
BSU29010,Dunya_referans,0.11796638932239784,0.11796638932290017,0.9999999999957417,optimal,False
BSU34160,Dunya_referans,0.11796638932239784,0.11796638932290017,0.9999999999957417,optimal,False
BSU15230,Dunya_referans,-4.714039159151777e-17,0.11796638932290017,-3.996086670287421e-16,optimal,True
BSU32170,Dunya_referans,-1.289736345570791e-16,0.11796638932290017,-1.0933083168634554e-15,optimal,True
BSU25160,Dunya_referans,-2.384823648193522e-29,0.11796638932290017,-2.021612818601857e-28,optimal,True
BSU18670,Dunya_referans,0.11796638932240364,0.11796638932290017,0.9999999999957909,optimal,False
BSU00910,Dunya_referans,1.8349378861449868e-16,0.11796638932290017,1.5554751626095419e-15,optimal,True
BSU33180,Dunya_referans,0.1179663893223977,0.11796638932290017,0.9999999999957405,optimal,False
BSU35010,Dunya_referans,0.11796638932239879,0.11796638932290017,0.9999999999957498,optimal,False
BSU29300,Dunya_referans,0.11796638932239879,0.11796638932290017,0.9999999999957498,optimal,False
BSU02340,Dunya_referans,0.11796638932239879,0.11796638932290017,0.9999999999957498,optimal,False
BSU15680,Dunya_referans,5.728530752345859e-17,0.11796638932290017,4.856070263086208e-16,optimal,True
BSU04000,Dunya_referans,0.11796638932239918,0.11796638932290017,0.9999999999957532,optimal,False
BSU32820,Dunya_referans,0.11796638932240246,0.11796638932290017,0.9999999999957809,optimal,False
BSU24740,Dunya_referans,0.11796638932240246,0.11796638932290017,0.9999999999957809,optimal,False
BSU38200,Dunya_referans,0.11796638932240246,0.11796638932290017,0.9999999999957809,optimal,False
BSU28390,Dunya_referans,0.11796638932240246,0.11796638932290017,0.9999999999957809,optimal,False
BSU21910,Dunya_referans,2.852825071764729e-16,0.11796638932290017,2.4183371959922536e-15,optimal,True
BSU27900,Dunya_referans,0.0,0.11796638932290017,0.0,optimal,True
BSU22630,Dunya_referans,0.0,0.11796638932290017,0.0,optimal,True
BSU02090,Dunya_referans,0.11796638932239867,0.11796638932290017,0.9999999999957487,optimal,False
BSU19310,Dunya_referans,0.1179663893223941,0.11796638932290017,0.9999999999957101,optimal,False
BSU35950,Dunya_referans,0.1179663893223941,0.11796638932290017,0.9999999999957101,optimal,False
BSU10870,Dunya_referans,0.1179663893223941,0.11796638932290017,0.9999999999957101,optimal,False
BSU34560,Dunya_referans,0.1179663893223941,0.11796638932290017,0.9999999999957101,optimal,False
BSU01780,Dunya_referans,-9.288033259079242e-17,0.11796638932290017,-7.873457272355633e-16,optimal,True
BSU30760,Dunya_referans,0.11796638932239946,0.11796638932290017,0.9999999999957555,optimal,False
BSU19710,Dunya_referans,0.11796638932239277,0.11796638932290017,0.9999999999956988,optimal,False
BSU38290,Dunya_referans,0.11796638932239277,0.11796638932290017,0.9999999999956988,optimal,False
BSU40550,Dunya_referans,-9.751959064800173e-15,0.11796638932290017,-8.266726752233552e-14,optimal,True
BSU04520,Dunya_referans,0.11796638932239827,0.11796638932290017,0.9999999999957454,optimal,False
BSU40190,Dunya_referans,0.11796638932240143,0.11796638932290017,0.9999999999957722,optimal,False
BSU28150,Dunya_referans,0.11796638932240143,0.11796638932290017,0.9999999999957722,optimal,False
BSU26700,Dunya_referans,0.11796638932240143,0.11796638932290017,0.9999999999957722,optimal,False
BSU37150,Dunya_referans,1.8349378861449858e-16,0.11796638932290017,1.555475162609541e-15,optimal,True
BSU22680,Dunya_referans,0.0,0.11796638932290017,0.0,optimal,True
BSU30870,Dunya_referans,0.11796638932240013,0.11796638932290017,0.9999999999957612,optimal,False
BSU32470,Dunya_referans,0.11796638932239525,0.11796638932290017,0.9999999999957199,optimal,False
BSU30230,Dunya_referans,0.11796638932239525,0.11796638932290017,0.9999999999957199,optimal,False
BSU39670,Dunya_referans,0.11796638932239525,0.11796638932290017,0.9999999999957199,optimal,False
BSU16510,Dunya_referans,0.11796638932239525,0.11796638932290017,0.9999999999957199,optimal,False
BSU04640,Dunya_referans,-3.076826531874582e-16,0.11796638932290017,-2.6082230282157957e-15,optimal,True
BSU37780,Dunya_referans,0.11796638932239936,0.11796638932290017,0.9999999999957546,optimal,False
BSU22480,Dunya_referans,0.11796638932239442,0.11796638932290017,0.9999999999957128,optimal,False
BSU06420,Dunya_referans,-1.745586252416846e-13,0.11796638932290017,-1.4797318646744279e-12,optimal,True
BSU28080,Dunya_referans,4.2169900570927797e-17,0.11796638932290017,3.5747386024929036e-16,optimal,True
BSU29360,Dunya_referans,0.11796638932239766,0.11796638932290017,0.9999999999957402,optimal,False
BSU13850,Dunya_referans,0.11796638932239963,0.11796638932290017,0.9999999999957568,optimal,False
BSU38760,Dunya_referans,0.11796638932239963,0.11796638932290017,0.9999999999957568,optimal,False
BSU02480,Dunya_referans,0.11796638932239963,0.11796638932290017,0.9999999999957568,optimal,False
BSU38150,Dunya_referans,0.11796638932239963,0.11796638932290017,0.9999999999957568,optimal,False
BSU33960,Dunya_referans,0.11796638932239963,0.11796638932290017,0.9999999999957568,optimal,False
BSU37060,Dunya_referans,0.11796638932239963,0.11796638932290017,0.9999999999957568,optimal,False
BSU30780,Dunya_referans,1.2423225744492611e-18,0.11796638932290017,1.053115706583804e-17,optimal,True
BSU38630,Dunya_referans,0.11796638932239549,0.11796638932290017,0.9999999999957219,optimal,False
BSU36120,Dunya_referans,0.1179663893223994,0.11796638932290017,0.9999999999957551,optimal,False
BSU36840,Dunya_referans,,0.11796638932290017,,infeasible,False
BSU13600,Dunya_referans,0.11796638932241793,0.11796638932290017,0.999999999995912,optimal,False
BSU22540,Dunya_referans,0.07771329258282104,0.11796638932290017,0.6587748682389738,optimal,False
BSU18470,Dunya_referans,0.11796638932239331,0.11796638932290017,0.9999999999957033,optimal,False
BSU06160,Dunya_referans,0.11796638932239709,0.11796638932290017,0.9999999999957354,optimal,False
BSU37190,Dunya_referans,0.11796638932239709,0.11796638932290017,0.9999999999957354,optimal,False
BSU13580,Dunya_referans,0.11796638932239709,0.11796638932290017,0.9999999999957354,optimal,False
BSU00750,Dunya_referans,-4.153622123946457e-16,0.11796638932290017,-3.521021663702084e-15,optimal,True
BSU32180,Dunya_referans,0.11796638932240112,0.11796638932290017,0.9999999999957696,optimal,False
BSU12380,Dunya_referans,0.11796638932239997,0.11796638932290017,0.9999999999957598,optimal,False
BSU15570,Dunya_referans,1.1486861881785597e-16,0.11796638932290017,9.73740227849435e-16,optimal,True
BSU37270,Dunya_referans,0.11796638932239834,0.11796638932290017,0.999999999995746,optimal,False
BSU15350,Dunya_referans,0.11796638932239696,0.11796638932290017,0.9999999999957343,optimal,False
BSU09290,Dunya_referans,0.11796638932239696,0.11796638932290017,0.9999999999957343,optimal,False
BSU30830,Dunya_referans,0.11796638932239696,0.11796638932290017,0.9999999999957343,optimal,False
BSU37110,Dunya_referans,0.11794480804789635,0.11796638932290017,0.9998170557297914,optimal,False
BSU10020,Dunya_referans,-2.3344593178649686e-14,0.11796638932290017,-1.978919021989421e-13,optimal,True
BSU24340,Dunya_referans,-2.672559182859547e-17,0.11796638932290017,-2.2655259673534295e-16,optimal,True
BSU22760,Dunya_referans,2.6351313883151867e-30,0.11796638932290017,2.233798460256546e-29,optimal,True
BSU00790,Dunya_referans,0.0,0.11796638932290017,0.0,optimal,True
BSU32250,Dunya_referans,0.0,0.11796638932290017,0.0,optimal,True
BSU02360,Dunya_referans,0.11796638932240107,0.11796638932290017,0.9999999999957692,optimal,False
BSU30530,Dunya_referans,0.11796638932239968,0.11796638932290017,0.9999999999957574,optimal,False
BSU06980,Dunya_referans,0.11796638932239968,0.11796638932290017,0.9999999999957574,optimal,False
BSU37170,Dunya_referans,0.11796638932239968,0.11796638932290017,0.9999999999957574,optimal,False
BSU03310,Dunya_referans,0.11796638932239968,0.11796638932290017,0.9999999999957574,optimal,False
BSU22060,Dunya_referans,0.11796638932239968,0.11796638932290017,0.9999999999957574,optimal,False
BSU21870,Dunya_referans,-2.100461275860148e-16,0.11796638932290017,-1.7805590964649428e-15,optimal,True
BSU15550,Dunya_referans,3.1902148186774587e-16,0.11796638932290017,2.7043421749097816e-15,optimal,True
BSU38050,Dunya_referans,0.11796638932240029,0.11796638932290017,0.9999999999957625,optimal,False
BSU03200,Dunya_referans,0.11796638932239986,0.11796638932290017,0.999999999995759,optimal,False
BSU27250,Dunya_referans,0.11794145507264285,0.11796638932290017,0.9997886325893296,optimal,False
BSU33940,Dunya_referans,0.06531052252358563,0.11796638932290017,0.5536367002368466,optimal,False
BSU40070,Dunya_referans,0.1179663893223978,0.11796638932290017,0.9999999999957414,optimal,False
BSU19630,Dunya_referans,0.11796638932239942,0.11796638932290017,0.9999999999957552,optimal,False
BSU30240,Dunya_referans,0.11796638932239942,0.11796638932290017,0.9999999999957552,optimal,False
BSU40850,Dunya_referans,0.11796638932239942,0.11796638932290017,0.9999999999957552,optimal,False
BSU39370,Dunya_referans,0.11796638932239942,0.11796638932290017,0.9999999999957552,optimal,False
BSU09540,Dunya_referans,-1.6918178818676504e-16,0.11796638932290017,-1.4341524662900122e-15,optimal,True
BSU15910,Dunya_referans,0.0,0.11796638932290017,0.0,optimal,True
BSU16090,Dunya_referans,0.11094199950703071,0.11796638932290017,0.9404543119765907,optimal,False
BSU27450,Dunya_referans,0.11796638932239685,0.11796638932290017,0.9999999999957334,optimal,False
BSU16990,Dunya_referans,0.11796638932239606,0.11796638932290017,0.9999999999957266,optimal,False
BSU29060,Dunya_referans,0.11796638932239606,0.11796638932290017,0.9999999999957266,optimal,False
BSU32840,Dunya_referans,0.1178591284042232,0.11796638932290017,0.9990907501764476,optimal,False
BSU22490,Dunya_referans,-1.6924404719102675e-16,0.11796638932290017,-1.4346802352979396e-15,optimal,True
BSU13610,Dunya_referans,0.11796638932239792,0.11796638932290017,0.9999999999957424,optimal,False
BSU16540,Dunya_referans,-1.1237375126636024e-16,0.11796638932290017,-9.525912585047285e-16,optimal,True
BSU13900,Dunya_referans,0.11638979449654942,0.11796638932290017,0.9866352201215953,optimal,False
BSU22710,Dunya_referans,7.11026642374541e-16,0.11796638932290017,6.027366324049331e-15,optimal,True
BSU02390,Dunya_referans,0.11796638932239675,0.11796638932290017,0.9999999999957325,optimal,False
BSU22620,Dunya_referans,0.11796638932239693,0.11796638932290017,0.9999999999957341,optimal,False
BSU35660,Dunya_referans,-6.728491572647459e-17,0.11796638932290017,-5.703736133035389e-16,optimal,True
BSU14000,Dunya_referans,0.0,0.11796638932290017,0.0,optimal,True
BSU33440,Dunya_referans,0.11796638932240097,0.11796638932290017,0.9999999999957683,optimal,False
BSU13910,Dunya_referans,0.11638979449654634,0.11796638932290017,0.9866352201215691,optimal,False
BSU13890,Dunya_referans,0.11638979449654692,0.11796638932290017,0.9866352201215741,optimal,False
BSU01530,Dunya_referans,0.11796638932239636,0.11796638932290017,0.9999999999957292,optimal,False
BSU25420,Dunya_referans,0.11796638932239943,0.11796638932290017,0.9999999999957553,optimal,False
BSU28450,Dunya_referans,0.10427271062554137,0.11796638932290017,0.8839188113160252,optimal,False
BSU29340,Dunya_referans,0.11796638932238636,0.11796638932290017,0.9999999999956444,optimal,False
BSU35760,Dunya_referans,1.146513426528504e-16,0.11796638932290017,9.71898379792097e-16,optimal,True
BSU15180,Dunya_referans,0.0,0.11796638932290017,0.0,optimal,True
BSU03280,Dunya_referans,0.1179663893223996,0.11796638932290017,0.9999999999957566,optimal,False
BSU32730,Dunya_referans,0.11796638932239988,0.11796638932290017,0.9999999999957591,optimal,False
BSU35590,Dunya_referans,0.11796638932239988,0.11796638932290017,0.9999999999957591,optimal,False
BSU22640,Dunya_referans,-2.2585540684973345e-16,0.11796638932290017,-1.9145742117402365e-15,optimal,True
BSU32260,Dunya_referans,0.0,0.11796638932290017,0.0,optimal,True
BSU14890,Dunya_referans,0.07771329258281341,0.11796638932290017,0.6587748682389091,optimal,False
BSU08460,Dunya_referans,0.11796638932239836,0.11796638932290017,0.9999999999957462,optimal,False
BSU15530,Dunya_referans,3.9007836259200723e-16,0.11796638932290017,3.3066907008934236e-15,optimal,True
BSU23980,Dunya_referans,0.1179663893224001,0.11796638932290017,0.999999999995761,optimal,False
BSU31600,Dunya_referans,0.11796638932239997,0.11796638932290017,0.9999999999957598,optimal,False
BSU35670,Dunya_referans,1.1486861881785592e-16,0.11796638932290017,9.737402278494347e-16,optimal,True
BSU28780,Dunya_referans,0.11796638932239824,0.11796638932290017,0.9999999999957452,optimal,False
BSU16750,Dunya_referans,1.661448849578583e-16,0.11796638932290017,1.4084086654808336e-15,optimal,True
BSU29180,Dunya_referans,0.11363141764387151,0.11796638932290017,0.9632524848483505,optimal,False
BSU34870,Dunya_referans,0.0,0.11796638932290017,0.0,optimal,True
BSU35550,Dunya_referans,0.11796638932239976,0.11796638932290017,0.9999999999957581,optimal,False
BSU18260,Dunya_referans,0.11796638932240731,0.11796638932290017,0.9999999999958221,optimal,False
BSU33430,Dunya_referans,0.11796638932240731,0.11796638932290017,0.9999999999958221,optimal,False
BSU29620,Dunya_referans,1.834937886144986e-16,0.11796638932290017,1.5554751626095413e-15,optimal,True
BSU14920,Dunya_referans,0.0777132925834559,0.11796638932290017,0.6587748682443555,optimal,False
BSU06240,Dunya_referans,0.11796638932240659,0.11796638932290017,0.9999999999958159,optimal,False
BSU40420,Dunya_referans,-5.247922354374662e-14,0.11796638932290017,-4.44865896506329e-13,optimal,True
BSU35580,Dunya_referans,0.11796638932239892,0.11796638932290017,0.9999999999957508,optimal,False
BSU13110,Dunya_referans,0.11796143947932426,0.11796638932290017,0.9999580402214197,optimal,False
BSU35600,Dunya_referans,0.11796638932239896,0.11796638932290017,0.9999999999957513,optimal,False
BSU28740,Dunya_referans,0.1179663893224011,0.11796638932290017,0.9999999999957694,optimal,False
BSU10790,Dunya_referans,0.1179663893224011,0.11796638932290017,0.9999999999957694,optimal,False
BSU30540,Dunya_referans,0.1179663893224011,0.11796638932290017,0.9999999999957694,optimal,False
BSU39400,Dunya_referans,0.11796604010887302,0.11796638932290017,0.9999970397158957,optimal,False
BSU38990,Dunya_referans,0.11796638932239756,0.11796638932290017,0.9999999999957394,optimal,False
BSU34590,Dunya_referans,0.1179663893224011,0.11796638932290017,0.9999999999957694,optimal,False
BSU06170,Dunya_referans,0.1179663893224011,0.11796638932290017,0.9999999999957694,optimal,False
BSU00510,Dunya_referans,1.2611384196329854e-14,0.11796638932290017,1.0690658812833288e-13,optimal,True
BSU30770,Dunya_referans,0.11796638932240552,0.11796638932290017,0.9999999999958069,optimal,False
BSU16730,Dunya_referans,0.1179663893224011,0.11796638932290017,0.9999999999957694,optimal,False
BSU35570,Dunya_referans,0.1179663893224011,0.11796638932290017,0.9999999999957694,optimal,False
BSU11640,Dunya_referans,0.1179663893224011,0.11796638932290017,0.9999999999957694,optimal,False
BSU28730,Dunya_referans,0.1179663893224011,0.11796638932290017,0.9999999999957694,optimal,False
BSU38570,Dunya_referans,0.1179663893224011,0.11796638932290017,0.9999999999957694,optimal,False
BSU15490,Dunya_referans,1.495725590390245e-32,0.11796638932290017,1.2679252107107493e-31,optimal,True
BSU06150,Dunya_referans,0.11796638932240071,0.11796638932290017,0.999999999995766,optimal,False
BSU18230,Dunya_referans,0.1179663893224011,0.11796638932290017,0.9999999999957694,optimal,False
BSU29380,Dunya_referans,0.1179663893224011,0.11796638932290017,0.9999999999957694,optimal,False
BSU33400,Dunya_referans,0.1179663893224011,0.11796638932290017,0.9999999999957694,optimal,False
BSU38750,Dunya_referans,0.1179663893224011,0.11796638932290017,0.9999999999957694,optimal,False
BSU14400,Dunya_referans,0.1179663893224011,0.11796638932290017,0.9999999999957694,optimal,False
BSU12920,Dunya_referans,0.1179663893224011,0.11796638932290017,0.9999999999957694,optimal,False
BSU22660,Dunya_referans,-1.704241107612148e-16,0.11796638932290017,-1.4446836233558545e-15,optimal,True
BSU27810,Dunya_referans,0.11796638932240024,0.11796638932290017,0.9999999999957621,optimal,False
BSU34140,Dunya_referans,0.11796638932239477,0.11796638932290017,0.9999999999957158,optimal,False
BSU04360,Dunya_referans,0.11796638932239477,0.11796638932290017,0.9999999999957158,optimal,False
BSU32740,Dunya_referans,0.11796638932239477,0.11796638932290017,0.9999999999957158,optimal,False
BSU35750,Dunya_referans,8.307244247892916e-17,0.11796638932290017,7.042043327404169e-16,optimal,True
BSU09130,Dunya_referans,0.11796638932240222,0.11796638932290017,0.9999999999957789,optimal,False
BSU27010,Dunya_referans,0.1179663893224011,0.11796638932290017,0.9999999999957694,optimal,False
BSU10270,Dunya_referans,0.1179663893224011,0.11796638932290017,0.9999999999957694,optimal,False
BSU01680,Dunya_referans,0.1179663893224011,0.11796638932290017,0.9999999999957694,optimal,False
BSU26690,Dunya_referans,0.1179663893224011,0.11796638932290017,0.9999999999957694,optimal,False
BSU31060,Dunya_referans,0.1179663893224011,0.11796638932290017,0.9999999999957694,optimal,False
BSU30800,Dunya_referans,5.805035949485404e-17,0.11796638932290017,4.920923648511216e-16,optimal,True
BSU12010,Dunya_referans,0.11796638932239877,0.11796638932290017,0.9999999999957496,optimal,False
BSU31660,Dunya_referans,0.11796638932239477,0.11796638932290017,0.9999999999957158,optimal,False
BSU36800,Dunya_referans,,0.11796638932290017,,infeasible,False
BSU28470,Dunya_referans,0.11796638932257006,0.11796638932290017,0.9999999999972017,optimal,False
BG12900,Dunya_referans,8.380966465238192e-17,0.11796638932290017,7.104537583410837e-16,optimal,True
BSU15900,Dunya_referans,0.0,0.11796638932290017,0.0,optimal,True
BSU24170,Dunya_referans,0.11786852945150965,0.11796638932290017,0.9991704427680442,optimal,False
BSU39050,Dunya_referans,0.1179663893223949,0.11796638932290017,0.9999999999957168,optimal,False
BSU31630,Dunya_referans,0.11796638932239953,0.11796638932290017,0.9999999999957561,optimal,False
BSU29140,Dunya_referans,0.11796638932239953,0.11796638932290017,0.9999999999957561,optimal,False
BSU37790,Dunya_referans,0.11796638932239953,0.11796638932290017,0.9999999999957561,optimal,False
BSU24070,Dunya_referans,0.11796638932239953,0.11796638932290017,0.9999999999957561,optimal,False
BSU17000,Dunya_referans,0.11796638932239953,0.11796638932290017,0.9999999999957561,optimal,False
BSU30280,Dunya_referans,0.11796638932239953,0.11796638932290017,0.9999999999957561,optimal,False
BSU13590,Dunya_referans,0.11796638932239953,0.11796638932290017,0.9999999999957561,optimal,False
BSU26860,Dunya_referans,0.11796638932239953,0.11796638932290017,0.9999999999957561,optimal,False
BSU32450,Dunya_referans,0.11796638932239953,0.11796638932290017,0.9999999999957561,optimal,False
BSU24970,Dunya_referans,0.11796638932239953,0.11796638932290017,0.9999999999957561,optimal,False
BSU27220,Dunya_referans,0.11796638932239699,0.11796638932290017,0.9999999999957345,optimal,False
BSU11670,Dunya_referans,0.11796638932239699,0.11796638932290017,0.9999999999957345,optimal,False
BSU30440,Dunya_referans,0.11796638932239699,0.11796638932290017,0.9999999999957345,optimal,False
BSU33910,Dunya_referans,0.10498679140443173,0.11796638932290017,0.8899720675272988,optimal,False
BSU24990,Dunya_referans,0.1179663893224009,0.11796638932290017,0.9999999999957677,optimal,False
BSU00740,Dunya_referans,-3.66987577228997e-16,0.11796638932290017,-3.110950325219081e-15,optimal,True
BSU28300,Dunya_referans,0.11796638932243056,0.11796638932290017,0.9999999999960191,optimal,False
BSU39860,Dunya_referans,0.11796638932240834,0.11796638932290017,0.9999999999958308,optimal,False
BSU39450,Dunya_referans,0.11796638932240834,0.11796638932290017,0.9999999999958308,optimal,False
BSU13170,Dunya_referans,0.11796638932240834,0.11796638932290017,0.9999999999958308,optimal,False
BSU29200,Dunya_referans,0.0,0.11796638932290017,0.0,optimal,True
BSU26650,Dunya_referans,0.11796638932240025,0.11796638932290017,0.9999999999957622,optimal,False
BSU00120,Dunya_referans,0.11796638932240547,0.11796638932290017,0.9999999999958065,optimal,False
BSU23800,Dunya_referans,0.11796638932240547,0.11796638932290017,0.9999999999958065,optimal,False
BSU18450,Dunya_referans,0.11796638932240547,0.11796638932290017,0.9999999999958065,optimal,False
BSU32130,Dunya_referans,0.11796638932240547,0.11796638932290017,0.9999999999958065,optimal,False
BSU32500,Dunya_referans,0.11796638932240547,0.11796638932290017,0.9999999999958065,optimal,False
BSU23250,Dunya_referans,0.11796638932240547,0.11796638932290017,0.9999999999958065,optimal,False
BSU08080,Dunya_referans,0.11796638932240547,0.11796638932290017,0.9999999999958065,optimal,False
BSU30820,Dunya_referans,-1.950391812960035e-16,0.11796638932290017,-1.6533453504467106e-15,optimal,True
BSU04570,Dunya_referans,0.0,0.11796638932290017,0.0,optimal,True
BSU11610,Dunya_referans,-1.8284438879903183e-13,0.11796638932290017,-1.54997020633179e-12,optimal,True
BSU00770,Dunya_referans,5.688450399435873e-13,0.11796638932290017,4.82209418469639e-12,optimal,True
BSU23760,Dunya_referans,0.11796638932239732,0.11796638932290017,0.9999999999957374,optimal,False
BSU22600,Dunya_referans,-5.504813658434958e-16,0.11796638932290017,-4.666425487828624e-15,optimal,True
BSU15590,Dunya_referans,2.385842807956226e-16,0.11796638932290017,2.0224767593976663e-15,optimal,True
BSU25640,Dunya_referans,0.0,0.11796638932290017,0.0,optimal,True
BSU33490,Dunya_referans,0.11796638932239938,0.11796638932290017,0.9999999999957547,optimal,False
BSU38770,Dunya_referans,0.11796638932239445,0.11796638932290017,0.999999999995713,optimal,False
BSU11240,Dunya_referans,0.11796638932239445,0.11796638932290017,0.999999999995713,optimal,False
BSU22370,Dunya_referans,-1.729122191731919e-14,0.11796638932290017,-1.4657752955368739e-13,optimal,True
BSU15190,Dunya_referans,3.8776713150315235e-17,0.11796638932290017,3.287098416157739e-16,optimal,True
BSU14580,Dunya_referans,0.11380639028888764,0.11796638932290017,0.9647357263548545,optimal,False
BSU29680,Dunya_referans,0.11796638932239994,0.11796638932290017,0.9999999999957596,optimal,False
BSU40040,Dunya_referans,0.11796634917148448,0.11796638932290017,0.9999996596368176,optimal,False
BSU23490,Dunya_referans,0.11796638932239707,0.11796638932290017,0.9999999999957353,optimal,False
BSU28260,Dunya_referans,0.0,0.11796638932290017,0.0,optimal,True
BSU14910,Dunya_referans,0.07771329258280821,0.11796638932290017,0.658774868238865,optimal,False
BSU24060,Dunya_referans,0.0,0.11796638932290017,0.0,optimal,True
BSU34150,Dunya_referans,0.11796638932239799,0.11796638932290017,0.999999999995743,optimal,False
BSU17390,Dunya_referans,-8.685973560160919e-32,0.11796638932290017,-7.363091817946113e-31,optimal,True
BSU00280,Dunya_referans,0.0,0.11796638932290017,0.0,optimal,True
BSU39390,Dunya_referans,0.1179663893223955,0.11796638932290017,0.999999999995722,optimal,False
BSU06460,Dunya_referans,-1.4126907768306142e-14,0.11796638932290017,-1.1975366754370742e-13,optimal,True
BSU16760,Dunya_referans,0.11796638932239836,0.11796638932290017,0.9999999999957462,optimal,False
BSU06990,Dunya_referans,0.11796638932239824,0.11796638932290017,0.9999999999957452,optimal,False
BSU28130,Dunya_referans,0.11796638932239824,0.11796638932290017,0.9999999999957452,optimal,False
BSU22830,Dunya_referans,-7.88112009389464e-17,0.11796638932290017,-6.680818273010176e-16,optimal,True
BSU03800,Dunya_referans,0.11796638932239607,0.11796638932290017,0.9999999999957268,optimal,False
BSU24980,Dunya_referans,0.11796638932240029,0.11796638932290017,0.9999999999957625,optimal,False
BSU23280,Dunya_referans,0.11796638932240029,0.11796638932290017,0.9999999999957625,optimal,False
BSU35780,Dunya_referans,0.11796638932240029,0.11796638932290017,0.9999999999957625,optimal,False
BSU34610,Dunya_referans,0.11796638932240029,0.11796638932290017,0.9999999999957625,optimal,False
BSU24130,Dunya_referans,0.11796638932240029,0.11796638932290017,0.9999999999957625,optimal,False
BSU14830,Dunya_referans,0.11796638932240029,0.11796638932290017,0.9999999999957625,optimal,False
BSU24850,Dunya_referans,0.11796638932240029,0.11796638932290017,0.9999999999957625,optimal,False
BSU22410,Dunya_referans,0.11796638932240029,0.11796638932290017,0.9999999999957625,optimal,False
BSU24030,Dunya_referans,-1.1361607384080948e-16,0.11796638932290017,-9.631224155705664e-16,optimal,True
BSU06480,Dunya_referans,-1.8962752641187124e-14,0.11796638932290017,-1.6074708016434973e-13,optimal,True
BSU28250,Dunya_referans,-3.082412047581182e-17,0.11796638932290017,-2.6129578647558133e-16,optimal,True
BSU38140,Dunya_referans,0.11796638932240068,0.11796638932290017,0.9999999999957658,optimal,False
BSU07500,Dunya_referans,0.11796638932239861,0.11796638932290017,0.9999999999957483,optimal,False
BSU38160,Dunya_referans,0.11796638932239861,0.11796638932290017,0.9999999999957483,optimal,False
BSU36890,Dunya_referans,0.11796638932239861,0.11796638932290017,0.9999999999957483,optimal,False
BSU30560,Dunya_referans,0.11796638932239861,0.11796638932290017,0.9999999999957483,optimal,False
BSU27600,Dunya_referans,0.11796638932239861,0.11796638932290017,0.9999999999957483,optimal,False
BSU38060,Dunya_referans,0.11796638932239861,0.11796638932290017,0.9999999999957483,optimal,False
BSU12160,Dunya_referans,0.11796638932239861,0.11796638932290017,0.9999999999957483,optimal,False
BSU40060,Dunya_referans,0.11796638932239861,0.11796638932290017,0.9999999999957483,optimal,False
BSU03290,Dunya_referans,0.11796638932239861,0.11796638932290017,0.9999999999957483,optimal,False
BSU30410,Dunya_referans,0.11796638932239861,0.11796638932290017,0.9999999999957483,optimal,False
BSU16550,Dunya_referans,3.322897699157167e-16,0.11796638932290017,2.8168173309616684e-15,optimal,True
BSU24090,Dunya_referans,0.11796638932239836,0.11796638932290017,0.9999999999957462,optimal,False
BSU38550,Dunya_referans,0.11796638932240108,0.11796638932290017,0.9999999999957693,optimal,False
BSU15720,Dunya_referans,0.11796638932240108,0.11796638932290017,0.9999999999957693,optimal,False
BSU06520,Dunya_referans,3.056272386317775e-14,0.11796638932290017,2.5907992978848233e-13,optimal,True
BSU16530,Dunya_referans,0.11796638932239285,0.11796638932290017,0.9999999999956994,optimal,False
BSU05820,Dunya_referans,0.11796638932239824,0.11796638932290017,0.9999999999957452,optimal,False
BSU09310,Dunya_referans,0.11796638932239824,0.11796638932290017,0.9999999999957452,optimal,False
BSU15700,Dunya_referans,0.11796638932239824,0.11796638932290017,0.9999999999957452,optimal,False
BSU30950,Dunya_referans,0.11796638932239824,0.11796638932290017,0.9999999999957452,optimal,False
BSU18210,Dunya_referans,0.11796638932239824,0.11796638932290017,0.9999999999957452,optimal,False
BSU04340,Dunya_referans,0.11796634917148942,0.11796638932290017,0.9999996596368594,optimal,False
BSU27440,Dunya_referans,0.11796638932239888,0.11796638932290017,0.9999999999957505,optimal,False
BSU15220,Dunya_referans,-8.184673665277668e-17,0.11796638932290017,-6.938140356974393e-16,optimal,True
BSU31400,Dunya_referans,0.0,0.11796638932290017,0.0,optimal,True
BSU34660,Dunya_referans,0.11796638932239743,0.11796638932290017,0.9999999999957383,optimal,False
BSU11210,Dunya_referans,-9.8385328416102e-34,0.11796638932290017,-8.340115263407744e-33,optimal,True
BSU02420,Dunya_referans,0.11796638932239983,0.11796638932290017,0.9999999999957586,optimal,False
BSU22130,Dunya_referans,0.11796638932239448,0.11796638932290017,0.9999999999957132,optimal,False
BSU33510,Dunya_referans,0.11796638932239448,0.11796638932290017,0.9999999999957132,optimal,False
BSU39750,Dunya_referans,0.11796638932239448,0.11796638932290017,0.9999999999957132,optimal,False
BSU07610,Dunya_referans,0.11796638932239448,0.11796638932290017,0.9999999999957132,optimal,False
BSU29120,Dunya_referans,0.11048840548937654,0.11796638932290017,0.9366091996504637,optimal,False
BSU03910,Dunya_referans,0.11796638932239821,0.11796638932290017,0.9999999999957448,optimal,False
BSU22550,Dunya_referans,0.07771329258281691,0.11796638932290017,0.6587748682389387,optimal,False
BSU36870,Dunya_referans,,0.11796638932290017,,infeasible,False
BSU34600,Dunya_referans,0.1179663893224279,0.11796638932290017,0.9999999999959965,optimal,False
BSU07920,Dunya_referans,0.1179660386866328,0.11796638932290017,0.9999970276595784,optimal,False
BSU23500,Dunya_referans,0.11795491187032658,0.11796638932290017,0.9999027057398343,optimal,False
BSU06970,Dunya_referans,0.11796638932239965,0.11796638932290017,0.9999999999957572,optimal,False
BSU12360,Dunya_referans,0.11796638932239967,0.11796638932290017,0.9999999999957573,optimal,False
BSU34790,Dunya_referans,0.11796638932239967,0.11796638932290017,0.9999999999957573,optimal,False
BSU07990,Dunya_referans,0.11796638932239967,0.11796638932290017,0.9999999999957573,optimal,False
BSU38530,Dunya_referans,-2.486185431381016e-16,0.11796638932290017,-2.1075371092148756e-15,optimal,True
BSU15020,Dunya_referans,0.117966389322398,0.11796638932290017,0.9999999999957432,optimal,False
BSU30220,Dunya_referans,0.1179663893223973,0.11796638932290017,0.9999999999957371,optimal,False
BSU15610,Dunya_referans,0.1179663893223973,0.11796638932290017,0.9999999999957371,optimal,False
BSU29020,Dunya_referans,0.11796638932239749,0.11796638932290017,0.9999999999957387,optimal,False
BSU24140,Dunya_referans,0.1179663893223975,0.11796638932290017,0.9999999999957389,optimal,False
BSU37660,Dunya_referans,0.11777977643514946,0.11796638932290017,0.9984180842626291,optimal,False
BSU39920,Dunya_referans,0.11796638932239441,0.11796638932290017,0.9999999999957127,optimal,False
BSU12020,Dunya_referans,0.1179663893223975,0.11796638932290017,0.9999999999957389,optimal,False
BSU09240,Dunya_referans,0.1179663893223975,0.11796638932290017,0.9999999999957389,optimal,False
BSU00090,Dunya_referans,0.1179663893223975,0.11796638932290017,0.9999999999957389,optimal,False
BSU33920,Dunya_referans,0.10916209005109274,0.11796638932290017,0.9253660358484983,optimal,False
BSU37240,Dunya_referans,0.11796638932239746,0.11796638932290017,0.9999999999957385,optimal,False
BSU31200,Dunya_referans,0.1179663893223977,0.11796638932290017,0.9999999999957405,optimal,False
BSU15860,Dunya_referans,0.1179663893223977,0.11796638932290017,0.9999999999957405,optimal,False
BSU33700,Dunya_referans,0.1179663893223977,0.11796638932290017,0.9999999999957405,optimal,False
BSU11010,Dunya_referans,1.0265084550329641e-18,0.11796638932290017,8.701702755546606e-18,optimal,True
BSU09850,Dunya_referans,0.11796638932243034,0.11796638932290017,0.9999999999960172,optimal,False
BSU32410,Dunya_referans,0.11796638932239986,0.11796638932290017,0.999999999995759,optimal,False
BSU28170,Dunya_referans,0.11796638932239986,0.11796638932290017,0.999999999995759,optimal,False
BSU15620,Dunya_referans,0.11796638932239986,0.11796638932290017,0.999999999995759,optimal,False
BSU01370,Dunya_referans,6.150851440489739e-15,0.11796638932290017,5.214071122964944e-14,optimal,True
BSU29700,Dunya_referans,0.11796638932240602,0.11796638932290017,0.9999999999958111,optimal,False
BSU13620,Dunya_referans,0.11796638932240246,0.11796638932290017,0.9999999999957809,optimal,False
BSU08070,Dunya_referans,0.11796638932240246,0.11796638932290017,0.9999999999957809,optimal,False
BSU38020,Dunya_referans,0.11796638932240246,0.11796638932290017,0.9999999999957809,optimal,False
BSU12300,Dunya_referans,0.11796638932240246,0.11796638932290017,0.9999999999957809,optimal,False
BSU27460,Dunya_referans,0.11796638932240246,0.11796638932290017,0.9999999999957809,optimal,False
BSU08450,Dunya_referans,0.11796638932240246,0.11796638932290017,0.9999999999957809,optimal,False
BSU39720,Dunya_referans,0.11796638932240246,0.11796638932290017,0.9999999999957809,optimal,False
BSU28800,Dunya_referans,0.11796638932240246,0.11796638932290017,0.9999999999957809,optimal,False
BSU39380,Dunya_referans,0.11796638932240246,0.11796638932290017,0.9999999999957809,optimal,False
BSU38240,Dunya_referans,0.11796638932240246,0.11796638932290017,0.9999999999957809,optimal,False
BSU02490,Dunya_referans,0.11796638932240246,0.11796638932290017,0.9999999999957809,optimal,False
BSU32200,Dunya_referans,0.11796638932240246,0.11796638932290017,0.9999999999957809,optimal,False
BSU06500,Dunya_referans,1.1716068478319522e-13,0.11796638932290017,9.931700500089093e-13,optimal,True
BSU40110,Dunya_referans,0.11796638932239736,0.11796638932290017,0.9999999999957377,optimal,False
BSU37500,Dunya_referans,0.1179663893223968,0.11796638932290017,0.9999999999957329,optimal,False
BSU15730,Dunya_referans,0.1179663893223968,0.11796638932290017,0.9999999999957329,optimal,False
BSU33040,Dunya_referans,0.10197918462713897,0.11796638932290017,0.8644766124696698,optimal,False
BSU33500,Dunya_referans,0.11796638932239231,0.11796638932290017,0.9999999999956949,optimal,False
BSU33300,Dunya_referans,0.11796638932239631,0.11796638932290017,0.9999999999957287,optimal,False
BSU30710,Dunya_referans,0.11796638932239631,0.11796638932290017,0.9999999999957287,optimal,False
BSU26600,Dunya_referans,0.11796638932239631,0.11796638932290017,0.9999999999957287,optimal,False
BSU29210,Dunya_referans,-1.6959589571158146e-16,0.11796638932290017,-1.437662851978625e-15,optimal,True
BSU24270,Dunya_referans,0.0,0.11796638932290017,0.0,optimal,True
BSU03050,Dunya_referans,0.11796638932239965,0.11796638932290017,0.9999999999957572,optimal,False
BSU15500,Dunya_referans,6.097537456670319e-16,0.11796638932290017,5.168876907794479e-15,optimal,True
BSU35620,Dunya_referans,0.11796638932239842,0.11796638932290017,0.9999999999957466,optimal,False
BSU33240,Dunya_referans,0.1179663893223984,0.11796638932290017,0.9999999999957465,optimal,False
BSU19690,Dunya_referans,0.1179663893223984,0.11796638932290017,0.9999999999957465,optimal,False
BSU36370,Dunya_referans,0.1179663893223984,0.11796638932290017,0.9999999999957465,optimal,False
BSU14670,Dunya_referans,0.1179663893223984,0.11796638932290017,0.9999999999957465,optimal,False
BSU37260,Dunya_referans,0.1179663893223984,0.11796638932290017,0.9999999999957465,optimal,False
BSU03930,Dunya_referans,0.1179663893223984,0.11796638932290017,0.9999999999957465,optimal,False
BSU06450,Dunya_referans,-9.112430976912866e-15,0.11796638932290017,-7.72459937887064e-14,optimal,True
BSU28290,Dunya_referans,4.7707269314023284e-17,0.11796638932290017,4.044140842815652e-16,optimal,True
BSU36860,Dunya_referans,,0.11796638932290017,,infeasible,False
BSU18570,Dunya_referans,0.11796638932224943,0.11796638932290017,0.9999999999944836,optimal,False
BSU33900,Dunya_referans,0.1049867914044268,0.11796638932290017,0.889972067527257,optimal,False
BSU38860,Dunya_referans,0.11796638932239964,0.11796638932290017,0.9999999999957571,optimal,False
BSU33720,Dunya_referans,0.11796638932239963,0.11796638932290017,0.9999999999957568,optimal,False
BSU35790,Dunya_referans,0.11796638932239963,0.11796638932290017,0.9999999999957568,optimal,False
BSU03000,Dunya_referans,0.11796638932239963,0.11796638932290017,0.9999999999957568,optimal,False
BSU21920,Dunya_referans,-5.4982947040157085e-17,0.11796638932290017,-4.660899376148283e-16,optimal,True
BSU32430,Dunya_referans,0.11796638932239784,0.11796638932290017,0.9999999999957417,optimal,False
BSU10520,Dunya_referans,0.11796638932240076,0.11796638932290017,0.9999999999957665,optimal,False
BSU21820,Dunya_referans,0.11796638932240076,0.11796638932290017,0.9999999999957665,optimal,False
BSU25900,Dunya_referans,0.11796638932240076,0.11796638932290017,0.9999999999957665,optimal,False
BSU14190,Dunya_referans,1.1465986132168147e-16,0.11796638932290017,9.71970592469623e-16,optimal,True
BSU23380,Dunya_referans,0.0,0.11796638932290017,0.0,optimal,True
BSU22700,Dunya_referans,0.0,0.11796638932290017,0.0,optimal,True
BSU26970,Dunya_referans,0.117966389322399,0.11796638932290017,0.9999999999957516,optimal,False
BSU17460,Dunya_referans,-3.749330436746713e-15,0.11796638932290017,-3.178303971382869e-14,optimal,True
BSU15850,Dunya_referans,0.11796638932239589,0.11796638932290017,0.9999999999957252,optimal,False
BSU04620,Dunya_referans,0.11796638932239555,0.11796638932290017,0.9999999999957223,optimal,False
BSU36640,Dunya_referans,0.11796638932239555,0.11796638932290017,0.9999999999957223,optimal,False
BSU01610,Dunya_referans,0.11796638932239555,0.11796638932290017,0.9999999999957223,optimal,False
BSU18120,Dunya_referans,0.11796638932239555,0.11796638932290017,0.9999999999957223,optimal,False
BSU02510,Dunya_referans,0.11796638932239555,0.11796638932290017,0.9999999999957223,optimal,False
BSU29790,Dunya_referans,1.716766557382604e-16,0.11796638932290017,1.4553014356347156e-15,optimal,True
BSU25790,Dunya_referans,0.11796638932239836,0.11796638932290017,0.9999999999957462,optimal,False
BSU01770,Dunya_referans,-1.4932191661499197e-16,0.11796638932290017,-1.2658005171817608e-15,optimal,True
BSU00110,Dunya_referans,0.11796638932240121,0.11796638932290017,0.9999999999957703,optimal,False
BSU18440,Dunya_referans,0.11796638932239943,0.11796638932290017,0.9999999999957553,optimal,False
BSU29690,Dunya_referans,0.11796638932239943,0.11796638932290017,0.9999999999957553,optimal,False
BSU38260,Dunya_referans,0.11796563444612795,0.11796638932290017,0.9999936009165276,optimal,False
BSU08710,Dunya_referans,0.11796638932240108,0.11796638932290017,0.9999999999957693,optimal,False
BSU02350,Dunya_referans,0.11796638932239943,0.11796638932290017,0.9999999999957553,optimal,False
BSU15520,Dunya_referans,0.11796638932239943,0.11796638932290017,0.9999999999957553,optimal,False
BSU28140,Dunya_referans,0.11796638932239943,0.11796638932290017,0.9999999999957553,optimal,False
BSU29130,Dunya_referans,0.10002568991439839,0.11796638932290017,0.8479168557122309,optimal,False
BSU29450,Dunya_referans,2.0660629693384152e-16,0.11796638932290017,1.7513996835854175e-15,optimal,True
BSU37100,Dunya_referans,0.11796638932243822,0.11796638932290017,0.999999999996084,optimal,False
BSU22750,Dunya_referans,-2.1116041469190934e-17,0.11796638932290017,-1.790004898038512e-16,optimal,True
BSU31610,Dunya_referans,0.11796638932239917,0.11796638932290017,0.9999999999957531,optimal,False
BSU09440,Dunya_referans,0.11796638932240966,0.11796638932290017,0.999999999995842,optimal,False
BSU22690,Dunya_referans,0.11796638932240966,0.11796638932290017,0.999999999995842,optimal,False
BSU08850,Dunya_referans,0.11796638932240966,0.11796638932290017,0.999999999995842,optimal,False
BSU03070,Dunya_referans,0.11796638932240966,0.11796638932290017,0.999999999995842,optimal,False
BSU36900,Dunya_referans,9.354146489676244e-14,0.11796638932290017,7.929501397276702e-13,optimal,True
BSU27050,Dunya_referans,0.11796638932239548,0.11796638932290017,0.9999999999957218,optimal,False
BSU21810,Dunya_referans,3.256269213950018e-13,0.11796638932290017,2.7603364251803002e-12,optimal,True
BSU16770,Dunya_referans,0.0,0.11796638932290017,0.0,optimal,True
BSU12950,Dunya_referans,0.11796638932240071,0.11796638932290017,0.999999999995766,optimal,False
BSU06530,Dunya_referans,6.187644574359617e-14,0.11796638932290017,5.245260628790342e-13,optimal,True
BSU02990,Dunya_referans,0.11796638932239614,0.11796638932290017,0.9999999999957274,optimal,False
BSU33930,Dunya_referans,0.06531052252365024,0.11796638932290017,0.5536367002373944,optimal,False
BSU39260,Dunya_referans,0.1179663893223789,0.11796638932290017,0.9999999999955812,optimal,False
BSU30070,Dunya_referans,0.1179663893223946,0.11796638932290017,0.9999999999957143,optimal,False
BSU15630,Dunya_referans,0.1179663893223946,0.11796638932290017,0.9999999999957143,optimal,False
BSU30970,Dunya_referans,0.1179663893223946,0.11796638932290017,0.9999999999957143,optimal,False
BSU08000,Dunya_referans,0.1179663893223946,0.11796638932290017,0.9999999999957143,optimal,False
BSU38520,Dunya_referans,-2.1691155523475164e-16,0.11796638932290017,-1.8387572636559775e-15,optimal,True
BSU39980,Dunya_referans,0.11796638932239757,0.11796638932290017,0.9999999999957395,optimal,False
BSU28680,Dunya_referans,0.1179657870616317,0.11796638932290017,0.9999948946367527,optimal,False
BSU35920,Dunya_referans,0.11796638932240308,0.11796638932290017,0.9999999999957861,optimal,False
BSU30450,Dunya_referans,0.11796638932239269,0.11796638932290017,0.9999999999956981,optimal,False
BSU12330,Dunya_referans,0.11796638932239269,0.11796638932290017,0.9999999999956981,optimal,False
BSU00900,Dunya_referans,8.232590000477326e-17,0.11796638932290017,6.978758990361993e-16,optimal,True
BSU04740,Dunya_referans,7.445220762644792e-16,0.11796638932290017,6.311306809828324e-15,optimal,True
BSU07830,Dunya_referans,0.11796638932240626,0.11796638932290017,0.9999999999958131,optimal,False
BSU36590,Dunya_referans,0.11796638932239706,0.11796638932290017,0.9999999999957351,optimal,False
BSU36130,Dunya_referans,0.11796638932239706,0.11796638932290017,0.9999999999957351,optimal,False
BSU27060,Dunya_referans,0.11796638932239706,0.11796638932290017,0.9999999999957351,optimal,False
BSU31050,Dunya_referans,0.11796638932239706,0.11796638932290017,0.9999999999957351,optimal,False
BSU03600,Dunya_referans,0.11796638932239706,0.11796638932290017,0.9999999999957351,optimal,False
BSU40320,Dunya_referans,0.11796638932239706,0.11796638932290017,0.9999999999957351,optimal,False
BSU31322,Dunya_referans,0.11788916721307953,0.11796638932290017,0.9993453888835296,optimal,False
BSU31090,Dunya_referans,0.11796638932240151,0.11796638932290017,0.9999999999957729,optimal,False
BSU03330,Dunya_referans,0.1179663893223995,0.11796638932290017,0.9999999999957558,optimal,False
BSU00140,Dunya_referans,0.1179663893223995,0.11796638932290017,0.9999999999957558,optimal,False
BSU33380,Dunya_referans,0.1179663893223995,0.11796638932290017,0.9999999999957558,optimal,False
BSU39760,Dunya_referans,0.1179663893223995,0.11796638932290017,0.9999999999957558,optimal,False
BSU10010,Dunya_referans,0.1179663893223995,0.11796638932290017,0.9999999999957558,optimal,False
BSU25500,Dunya_referans,0.1179663893223995,0.11796638932290017,0.9999999999957558,optimal,False
BSU34860,Dunya_referans,0.0,0.11796638932290017,0.0,optimal,True
BSU23570,Dunya_referans,0.11796638932240176,0.11796638932290017,0.999999999995775,optimal,False
BSU12940,Dunya_referans,0.11796638932238988,0.11796638932290017,0.9999999999956743,optimal,False
BSU09300,Dunya_referans,0.11796638932238988,0.11796638932290017,0.9999999999956743,optimal,False
BSU31980,Dunya_referans,0.11796638932238988,0.11796638932290017,0.9999999999956743,optimal,False
BSU34570,Dunya_referans,0.11796638932238988,0.11796638932290017,0.9999999999956743,optimal,False
BSU07490,Dunya_referans,0.11796638932238988,0.11796638932290017,0.9999999999956743,optimal,False
BSU35690,Dunya_referans,2.130474952642781e-16,0.11796638932290017,1.80600166273734e-15,optimal,True
BSU14590,Dunya_referans,0.11380639028893436,0.11796638932290017,0.9647357263552504,optimal,False
BSU13130,Dunya_referans,0.11796638932239573,0.11796638932290017,0.9999999999957239,optimal,False
BSU36710,Dunya_referans,0.11796115844712515,0.11796638932290017,0.9999556579140462,optimal,False
BSU12840,Dunya_referans,0.11763152204077676,0.11796638932290017,0.9971613331217013,optimal,False
BSU36880,Dunya_referans,,0.11796638932290017,,infeasible,False
BSU34550,Dunya_referans,0.1179663893225612,0.11796638932290017,0.9999999999971266,optimal,False
BSU39270,Dunya_referans,0.11796638932239872,0.11796638932290017,0.9999999999957493,optimal,False
BSU24310,Dunya_referans,-2.8503021008824195e-14,0.11796638932290017,-2.416198475890036e-13,optimal,True
BSU34890,Dunya_referans,0.11796638932239736,0.11796638932290017,0.9999999999957377,optimal,False
BSU17150,Dunya_referans,0.11796638932239831,0.11796638932290017,0.9999999999957457,optimal,False
BSU11880,Dunya_referans,0.11796638932239831,0.11796638932290017,0.9999999999957457,optimal,False
BSU19580,Dunya_referans,0.11796638932239831,0.11796638932290017,0.9999999999957457,optimal,False
BSU12930,Dunya_referans,0.11796638932239831,0.11796638932290017,0.9999999999957457,optimal,False
BSU21690,Dunya_referans,0.11796638932239831,0.11796638932290017,0.9999999999957457,optimal,False
BSU08830,Dunya_referans,0.11796638932239831,0.11796638932290017,0.9999999999957457,optimal,False
BSU23260,Dunya_referans,0.11796638932239831,0.11796638932290017,0.9999999999957457,optimal,False
BSU26810,Dunya_referans,0.11796638932239831,0.11796638932290017,0.9999999999957457,optimal,False
BSU33810,Dunya_referans,0.11796638932239831,0.11796638932290017,0.9999999999957457,optimal,False
BSU03830,Dunya_referans,0.11796638932239831,0.11796638932290017,0.9999999999957457,optimal,False
BSU36760,Dunya_referans,0.11796638932239831,0.11796638932290017,0.9999999999957457,optimal,False
BSU03590,Dunya_referans,0.11796638932239831,0.11796638932290017,0.9999999999957457,optimal,False
BSU27850,Dunya_referans,1.578302640642127e-14,0.11796638932290017,1.337925700448424e-13,optimal,True
BSU30300,Dunya_referans,0.11796638932240965,0.11796638932290017,0.9999999999958419,optimal,False
BSU24050,Dunya_referans,5.466806814035536e-17,0.11796638932290017,4.634207120700858e-16,optimal,True
BSU08060,Dunya_referans,0.11796638932239718,0.11796638932290017,0.9999999999957362,optimal,False
BSU22090,Dunya_referans,0.11796638932239831,0.11796638932290017,0.9999999999957457,optimal,False
BSU34910,Dunya_referans,-1.0572051571136518e-16,0.11796638932290017,-8.961918417455728e-16,optimal,True
BSU39730,Dunya_referans,0.11796638932239775,0.11796638932290017,0.999999999995741,optimal,False
BSU11870,Dunya_referans,-1.1829113011239346e-16,0.11796638932290017,-1.0027528246931793e-15,optimal,True
BSU38590,Dunya_referans,0.11796638932239971,0.11796638932290017,0.9999999999957576,optimal,False
BSU00780,Dunya_referans,-2.932039704278783e-13,0.11796638932290017,-2.485487367298443e-12,optimal,True
BSU06440,Dunya_referans,5.006260915014242e-16,0.11796638932290017,4.243802784631303e-15,optimal,True
BSU28120,Dunya_referans,0.11796638932239731,0.11796638932290017,0.9999999999957373,optimal,False
BSU08860,Dunya_referans,0.1179663893223987,0.11796638932290017,0.999999999995749,optimal,False
BSU29600,Dunya_referans,0.1179663893223987,0.11796638932290017,0.999999999995749,optimal,False
BSU18830,Dunya_referans,0.1179663893223987,0.11796638932290017,0.999999999995749,optimal,False
BSU13730,Dunya_referans,0.1179663893223987,0.11796638932290017,0.999999999995749,optimal,False
BSU12080,Dunya_referans,0.1179663893223987,0.11796638932290017,0.999999999995749,optimal,False
BSU35540,Dunya_referans,0.1179663893223987,0.11796638932290017,0.999999999995749,optimal,False
BSU33160,Dunya_referans,0.1179663893223987,0.11796638932290017,0.999999999995749,optimal,False
BSU30740,Dunya_referans,0.1179663893223987,0.11796638932290017,0.999999999995749,optimal,False
BSU39420,Dunya_referans,0.11795514463519305,0.11796638932290017,0.9999046788854719,optimal,False
BSU00760,Dunya_referans,1.9831467677224992e-13,0.11796638932290017,1.6811116955476077e-12,optimal,True
BSU18220,Dunya_referans,0.11796638932240047,0.11796638932290017,0.999999999995764,optimal,False
BSU16670,Dunya_referans,0.11796638932240029,0.11796638932290017,0.9999999999957625,optimal,False
BSU22870,Dunya_referans,0.11796638932240029,0.11796638932290017,0.9999999999957625,optimal,False
BSU22100,Dunya_referans,0.11796638932240029,0.11796638932290017,0.9999999999957625,optimal,False
BSU22780,Dunya_referans,9.669184092975806e-15,0.11796638932290017,8.196558484560466e-14,optimal,True
BSU03130,Dunya_referans,1.4492112419314948e-14,0.11796638932290017,1.228495040197155e-13,optimal,True
BSU07810,Dunya_referans,0.11796638932239671,0.11796638932290017,0.9999999999957322,optimal,False
BSU31990,Dunya_referans,0.11796638932239745,0.11796638932290017,0.9999999999957384,optimal,False
BSU15600,Dunya_referans,0.11796638932239745,0.11796638932290017,0.9999999999957384,optimal,False
BSU36030,Dunya_referans,0.11796638932239745,0.11796638932290017,0.9999999999957384,optimal,False
BSU31970,Dunya_referans,0.11796638932239745,0.11796638932290017,0.9999999999957384,optimal,False
BSU38980,Dunya_referans,0.11796638932239745,0.11796638932290017,0.9999999999957384,optimal,False
BSU08440,Dunya_referans,0.11796638932239745,0.11796638932290017,0.9999999999957384,optimal,False
BSU06370,Dunya_referans,0.11796638932239745,0.11796638932290017,0.9999999999957384,optimal,False
BSU12390,Dunya_referans,0.11796638932239745,0.11796638932290017,0.9999999999957384,optimal,False
BSU34920,Dunya_referans,-1.202697499087818e-16,0.11796638932290017,-1.0195255665541887e-15,optimal,True
BSU33420,Dunya_referans,0.11796638932240151,0.11796638932290017,0.9999999999957729,optimal,False
BSU36510,Dunya_referans,2.9566495232079854e-15,0.11796638932290017,2.5063490882262913e-14,optimal,True
BSU17370,Dunya_referans,-9.828366441906128e-18,0.11796638932290017,-8.331497215705831e-17,optimal,True
BSU11650,Dunya_referans,0.11796638932240075,0.11796638932290017,0.9999999999957664,optimal,False
BSU40340,Dunya_referans,0.11796638932239874,0.11796638932290017,0.9999999999957494,optimal,False
BSU03040,Dunya_referans,0.11796638932239874,0.11796638932290017,0.9999999999957494,optimal,False
BSU03010,Dunya_referans,0.11796638932239874,0.11796638932290017,0.9999999999957494,optimal,False
BSU23610,Dunya_referans,0.11796638932239874,0.11796638932290017,0.9999999999957494,optimal,False
BSU01620,Dunya_referans,0.11796638932239874,0.11796638932290017,0.9999999999957494,optimal,False
BSU24080,Dunya_referans,0.11511254910938158,0.11796638932290017,0.9758080226927435,optimal,False
BSU03270,Dunya_referans,0.11796638932239886,0.11796638932290017,0.9999999999957504,optimal,False
BSU19520,Dunya_referans,0.11796638932240056,0.11796638932290017,0.9999999999957647,optimal,False
BSU22430,Dunya_referans,0.11796638932240056,0.11796638932290017,0.9999999999957647,optimal,False
BSU24350,Dunya_referans,0.0,0.11796638932290017,0.0,optimal,True
BSU14390,Dunya_referans,0.11796638932239839,0.11796638932290017,0.9999999999957464,optimal,False
BSU33830,Dunya_referans,0.11796638932239606,0.11796638932290017,0.9999999999957266,optimal,False
BSU32460,Dunya_referans,0.11796638932239606,0.11796638932290017,0.9999999999957266,optimal,False
BSU34880,Dunya_referans,9.038095852103231e-17,0.11796638932290017,7.661585561768749e-16,optimal,True
BSU06470,Dunya_referans,3.294002980382497e-14,0.11796638932290017,2.792323304366026e-13,optimal,True
BSU28430,Dunya_referans,0.10427271062558399,0.11796638932290017,0.8839188113163865,optimal,False
BSU35700,Dunya_referans,1.5662468060045803e-16,0.11796638932290017,1.3277059804868788e-15,optimal,True
BSU31930,Dunya_referans,0.11796638932242098,0.11796638932290017,0.9999999999959379,optimal,False
BSU09280,Dunya_referans,0.11796638932239717,0.11796638932290017,0.9999999999957361,optimal,False
BSU08200,Dunya_referans,0.11796638932239717,0.11796638932290017,0.9999999999957361,optimal,False
BSU36000,Dunya_referans,0.11795514463519148,0.11796638932290017,0.9999046788854585,optimal,False
BSU33730,Dunya_referans,0.11796638932239768,0.11796638932290017,0.9999999999957404,optimal,False
BSU03810,Dunya_referans,0.11796638932239649,0.11796638932290017,0.9999999999957303,optimal,False
BSU00930,Dunya_referans,0.11796638932239649,0.11796638932290017,0.9999999999957303,optimal,False
BSU06660,Dunya_referans,0.11796638932239649,0.11796638932290017,0.9999999999957303,optimal,False
BSU14600,Dunya_referans,0.11380639028892907,0.11796638932290017,0.9647357263552057,optimal,False
BSU35720,Dunya_referans,1.9513310604732976e-16,0.11796638932290017,1.6541415497019847e-15,optimal,True
BSU14870,Dunya_referans,0.11796638932240054,0.11796638932290017,0.9999999999957646,optimal,False
BSU33370,Dunya_referans,0.11796638932240258,0.11796638932290017,0.9999999999957819,optimal,False
BSU19800,Dunya_referans,0.11796638932240258,0.11796638932290017,0.9999999999957819,optimal,False
BSU24150,Dunya_referans,0.11796638932240258,0.11796638932290017,0.9999999999957819,optimal,False
BSU23850,Dunya_referans,0.11796638932240258,0.11796638932290017,0.9999999999957819,optimal,False
BSU10130,Dunya_referans,0.11796638932240258,0.11796638932290017,0.9999999999957819,optimal,False
BSU23270,Dunya_referans,0.11796638932240258,0.11796638932290017,0.9999999999957819,optimal,False
BSU29350,Dunya_referans,0.11796638932240258,0.11796638932290017,0.9999999999957819,optimal,False
BSU36830,Dunya_referans,,0.11796638932290017,,infeasible,False
BSU08820,Dunya_referans,0.11796638932239825,0.11796638932290017,0.9999999999957453,optimal,False
BSU05810,Dunya_referans,0.11796638932239784,0.11796638932290017,0.9999999999957417,optimal,False
BSU00150,Dunya_referans,0.11795491187032488,0.11796638932290017,0.9999027057398199,optimal,False
BSU12960,Dunya_referans,0.11796638932239988,0.11796638932290017,0.9999999999957591,optimal,False
BSU02460,Dunya_referans,0.11796638932239784,0.11796638932290017,0.9999999999957417,optimal,False
BSU11200,Dunya_referans,-3.687727716523455e-17,0.11796638932290017,-3.1260834019674247e-16,optimal,True
BSU35940,Dunya_referans,0.11796638932240834,0.11796638932290017,0.9999999999958308,optimal,False
BSU10170,Dunya_referans,0.11796638932239804,0.11796638932290017,0.9999999999957435,optimal,False
BSU11340,Dunya_referans,7.638624371118408e-17,0.11796638932290017,6.475254871292025e-16,optimal,True
BSU37490,Dunya_referans,0.11796638932239735,0.11796638932290017,0.9999999999957376,optimal,False
BSU25020,Dunya_referans,0.11796638932240056,0.11796638932290017,0.9999999999957647,optimal,False
BSU24120,Dunya_referans,0.11796638932240056,0.11796638932290017,0.9999999999957647,optimal,False
BSU38040,Dunya_referans,0.11796638932240056,0.11796638932290017,0.9999999999957647,optimal,False
BSU38390,Dunya_referans,0.11796638932240056,0.11796638932290017,0.9999999999957647,optimal,False
BSU21900,Dunya_referans,0.11796638932240056,0.11796638932290017,0.9999999999957647,optimal,False
BSU13550,Dunya_referans,0.11796638932240056,0.11796638932290017,0.9999999999957647,optimal,False
BSU35680,Dunya_referans,-7.280449978124056e-17,0.11796638932290017,-6.171630766960113e-16,optimal,True
BSU33820,Dunya_referans,0.11796638932240032,0.11796638932290017,0.9999999999957627,optimal,False
BSU15580,Dunya_referans,0.11796638932239606,0.11796638932290017,0.9999999999957266,optimal,False
BSU02290,Dunya_referans,1.8076191704206462e-16,0.11796638932290017,1.5323171123537499e-15,optimal,True
BSU36810,Dunya_referans,,0.11796638932290017,,infeasible,False
BSU25710,Dunya_referans,0.11796638932238311,0.11796638932290017,0.999999999995617,optimal,False
BSU39360,Dunya_referans,0.11796638932239872,0.11796638932290017,0.9999999999957493,optimal,False
BSU31750,Dunya_referans,0.11796638932239872,0.11796638932290017,0.9999999999957493,optimal,False
BSU17600,Dunya_referans,0.11796638932239872,0.11796638932290017,0.9999999999957493,optimal,False
BSU28510,Dunya_referans,0.11796638932239872,0.11796638932290017,0.9999999999957493,optimal,False
BSU28750,Dunya_referans,0.11796638932239872,0.11796638932290017,0.9999999999957493,optimal,False
BSU11230,Dunya_referans,0.11796638932239872,0.11796638932290017,0.9999999999957493,optimal,False
BSU04560,Dunya_referans,3.8876695302698724e-17,0.11796638932290017,3.2955738940423602e-16,optimal,True
BSU09530,Dunya_referans,0.11796638932239926,0.11796638932290017,0.9999999999957538,optimal,False
BSU00270,Dunya_referans,0.11796638932239606,0.11796638932290017,0.9999999999957266,optimal,False
BSU08790,Dunya_referans,0.11796638932239606,0.11796638932290017,0.9999999999957266,optimal,False
BSU13300,Dunya_referans,0.11796638932239606,0.11796638932290017,0.9999999999957266,optimal,False
BSU27860,Dunya_referans,-1.2382191317381427e-14,0.11796638932290017,-1.0496372219623186e-13,optimal,True
BSU25580,Dunya_referans,0.11796638932239739,0.11796638932290017,0.999999999995738,optimal,False
BSU18000,Dunya_referans,0.10002568991440491,0.11796638932290017,0.8479168557122861,optimal,False
BSU10220,Dunya_referans,0.11796638932240024,0.11796638932290017,0.9999999999957621,optimal,False
BSU24950,Dunya_referans,0.11796638932239782,0.11796638932290017,0.9999999999957416,optimal,False
BSU31180,Dunya_referans,0.11796638932239782,0.11796638932290017,0.9999999999957416,optimal,False
BSU14180,Dunya_referans,-1.1433669910853322e-17,0.11796638932290017,-9.692311493536377e-17,optimal,True
BSU29710,Dunya_referans,0.11796638932239795,0.11796638932290017,0.9999999999957426,optimal,False
BSU20020,Dunya_referans,0.11796638932239842,0.11796638932290017,0.9999999999957466,optimal,False
BSU03300,Dunya_referans,0.11796638932239842,0.11796638932290017,0.9999999999957466,optimal,False
BSU31760,Dunya_referans,0.11796638932239842,0.11796638932290017,0.9999999999957466,optimal,False
BSU01580,Dunya_referans,0.11796638932239842,0.11796638932290017,0.9999999999957466,optimal,False
BSU24960,Dunya_referans,0.11796638932239842,0.11796638932290017,0.9999999999957466,optimal,False
BSU22140,Dunya_referans,0.11796638932239842,0.11796638932290017,0.9999999999957466,optimal,False
BSU27270,Dunya_referans,0.11796638932239842,0.11796638932290017,0.9999999999957466,optimal,False
BSU00730,Dunya_referans,0.11796638932239842,0.11796638932290017,0.9999999999957466,optimal,False
BSU22670,Dunya_referans,9.39042625278492e-18,0.11796638932290017,7.960255719178826e-17,optimal,True
BSU15110,Dunya_referans,0.11796638932239818,0.11796638932290017,0.9999999999957446,optimal,False
BSU35930,Dunya_referans,0.11796638932240096,0.11796638932290017,0.9999999999957682,optimal,False
BSU06310,Dunya_referans,0.11796638932240096,0.11796638932290017,0.9999999999957682,optimal,False
BSU35960,Dunya_referans,0.11796638932240096,0.11796638932290017,0.9999999999957682,optimal,False
BSU38510,Dunya_referans,-1.6916944338423278e-16,0.11796638932290017,-1.4340478195122044e-15,optimal,True
BSU38280,Dunya_referans,0.1179656344461287,0.11796638932290017,0.999993600916534,optimal,False
BSU03320,Dunya_referans,0.1179663893223928,0.11796638932290017,0.999999999995699,optimal,False
BSU32000,Dunya_referans,0.11796638932239842,0.11796638932290017,0.9999999999957466,optimal,False
BSU10120,Dunya_referans,0.11796638932239842,0.11796638932290017,0.9999999999957466,optimal,False
BSU05740,Dunya_referans,0.11796638932239842,0.11796638932290017,0.9999999999957466,optimal,False
BSU27430,Dunya_referans,0.11796638932239842,0.11796638932290017,0.9999999999957466,optimal,False
BSU07840,Dunya_referans,0.11796604010887003,0.11796638932290017,0.9999970397158704,optimal,False
BSU01630,Dunya_referans,0.11796638932239961,0.11796638932290017,0.9999999999957567,optimal,False
BSU31150,Dunya_referans,6.076158163566713e-18,0.11796638932290017,5.1507537006451224e-17,optimal,True
BSU36650,Dunya_referans,0.11796638932239972,0.11796638932290017,0.9999999999957577,optimal,False
BSU19360,Dunya_referans,0.11072875884436809,0.11796638932290017,0.9386466728355898,optimal,False
BSU02270,Dunya_referans,-1.793290303160399e-16,0.11796638932290017,-1.5201705447233497e-15,optimal,True
BSU38190,Dunya_referans,0.1179663893224021,0.11796638932290017,0.9999999999957778,optimal,False
BSU11330,Dunya_referans,0.11796638932239784,0.11796638932290017,0.9999999999957417,optimal,False
BSU22110,Dunya_referans,0.11796638932240078,0.11796638932290017,0.9999999999957666,optimal,False
BSU31640,Dunya_referans,0.11796638932240078,0.11796638932290017,0.9999999999957666,optimal,False
BSU03820,Dunya_referans,0.11796638932240078,0.11796638932290017,0.9999999999957666,optimal,False
BSU39350,Dunya_referans,0.11796638932240078,0.11796638932290017,0.9999999999957666,optimal,False
BSU23070,Dunya_referans,1.8608638772265602e-14,0.11796638932290017,1.5774526014634246e-13,optimal,True
BSU39780,Dunya_referans,0.11796638932240047,0.11796638932290017,0.999999999995764,optimal,False
BSU23920,Mars_bakim_x1.5_siki_marj,0.0027143257396560596,0.0027143257396549407,1.0000000000004121,optimal,False
BSU03150,Mars_bakim_x1.5_siki_marj,2.7013826520038473e-17,0.0027143257396549407,9.952315643395332e-15,optimal,True
BSU09410,Mars_bakim_x1.5_siki_marj,0.0027143257396573597,0.0027143257396549407,1.0000000000008913,optimal,False
BSU27610,Mars_bakim_x1.5_siki_marj,0.0027143257396562486,0.0027143257396549407,1.0000000000004818,optimal,False
BSU32100,Mars_bakim_x1.5_siki_marj,0.0027143257396562486,0.0027143257396549407,1.0000000000004818,optimal,False
BSU38500,Mars_bakim_x1.5_siki_marj,6.569236958934503e-17,0.0027143257396549407,2.4202095065309364e-14,optimal,True
BSU30200,Mars_bakim_x1.5_siki_marj,0.002714325739656471,0.0027143257396549407,1.0000000000005638,optimal,False
BSU30790,Mars_bakim_x1.5_siki_marj,2.2318590011928658e-17,0.0027143257396549407,8.222517174657864e-15,optimal,True
BSU28310,Mars_bakim_x1.5_siki_marj,0.002714325739656457,0.0027143257396549407,1.0000000000005587,optimal,False
BSU29440,Mars_bakim_x1.5_siki_marj,-3.9090415584512555e-17,0.0027143257396549407,-1.4401519689925623e-14,optimal,True
BSU37320,Mars_bakim_x1.5_siki_marj,0.0027143257396559503,0.0027143257396549407,1.000000000000372,optimal,False
BSU39740,Mars_bakim_x1.5_siki_marj,0.0027143257396568658,0.0027143257396549407,1.0000000000007092,optimal,False
BSU30420,Mars_bakim_x1.5_siki_marj,0.0027143257396568658,0.0027143257396549407,1.0000000000007092,optimal,False
BSU02230,Mars_bakim_x1.5_siki_marj,0.0027143257396568658,0.0027143257396549407,1.0000000000007092,optimal,False
BSU05340,Mars_bakim_x1.5_siki_marj,0.0027143257396568658,0.0027143257396549407,1.0000000000007092,optimal,False
BSU23860,Mars_bakim_x1.5_siki_marj,0.0027143257396568658,0.0027143257396549407,1.0000000000007092,optimal,False
BSU35740,Mars_bakim_x1.5_siki_marj,2.474964858930562e-16,0.0027143257396549407,9.118157127468394e-14,optimal,True
BSU14900,Mars_bakim_x1.5_siki_marj,,0.0027143257396549407,,infeasible,False
BSU00380,Mars_bakim_x1.5_siki_marj,0.002714325739655243,0.0027143257396549407,1.0000000000001115,optimal,False
BSU22420,Mars_bakim_x1.5_siki_marj,0.0027143257396529024,0.0027143257396549407,0.999999999999249,optimal,False
BSU39060,Mars_bakim_x1.5_siki_marj,0.0027143257396529024,0.0027143257396549407,0.999999999999249,optimal,False
BSU02130,Mars_bakim_x1.5_siki_marj,0.0027143257396529024,0.0027143257396549407,0.999999999999249,optimal,False
BSU13500,Mars_bakim_x1.5_siki_marj,0.0027143257396529024,0.0027143257396549407,0.999999999999249,optimal,False
BSU34190,Mars_bakim_x1.5_siki_marj,0.0027143257396529024,0.0027143257396549407,0.999999999999249,optimal,False
BSU06430,Mars_bakim_x1.5_siki_marj,-1.2027560152880007e-13,0.0027143257396549407,-4.4311410296720736e-11,optimal,True
BSU36660,Mars_bakim_x1.5_siki_marj,0.0027143257396538426,0.0027143257396549407,0.9999999999995954,optimal,False
BSU30940,Mars_bakim_x1.5_siki_marj,0.0027143257396577197,0.0027143257396549407,1.0000000000010238,optimal,False
BSU33800,Mars_bakim_x1.5_siki_marj,0.0027143257396553297,0.0027143257396549407,1.0000000000001432,optimal,False
BSU03790,Mars_bakim_x1.5_siki_marj,0.0027143257396553297,0.0027143257396549407,1.0000000000001432,optimal,False
BSU15480,Mars_bakim_x1.5_siki_marj,0.0027143257396553297,0.0027143257396549407,1.0000000000001432,optimal,False
BSU31580,Mars_bakim_x1.5_siki_marj,0.0027143257396553297,0.0027143257396549407,1.0000000000001432,optimal,False
BSU37760,Mars_bakim_x1.5_siki_marj,0.0027143257396553297,0.0027143257396549407,1.0000000000001432,optimal,False
BSU03220,Mars_bakim_x1.5_siki_marj,0.0027143257396553297,0.0027143257396549407,1.0000000000001432,optimal,False
BSU00920,Mars_bakim_x1.5_siki_marj,0.0027143257396553297,0.0027143257396549407,1.0000000000001432,optimal,False
BSU33710,Mars_bakim_x1.5_siki_marj,0.0027143257396553297,0.0027143257396549407,1.0000000000001432,optimal,False
BSU28540,Mars_bakim_x1.5_siki_marj,0.0027143257396553297,0.0027143257396549407,1.0000000000001432,optimal,False
BSU18540,Mars_bakim_x1.5_siki_marj,0.0027143257396553297,0.0027143257396549407,1.0000000000001432,optimal,False
BSU23970,Mars_bakim_x1.5_siki_marj,0.0027143257396553297,0.0027143257396549407,1.0000000000001432,optimal,False
BSU32490,Mars_bakim_x1.5_siki_marj,0.0027143257396553297,0.0027143257396549407,1.0000000000001432,optimal,False
BSU17680,Mars_bakim_x1.5_siki_marj,0.0027143257396553297,0.0027143257396549407,1.0000000000001432,optimal,False
BSU22960,Mars_bakim_x1.5_siki_marj,0.0027143257396553297,0.0027143257396549407,1.0000000000001432,optimal,False
BSU32240,Mars_bakim_x1.5_siki_marj,-8.10414795601154e-17,0.0027143257396549407,-2.985694693018599e-14,optimal,True
BSU36920,Mars_bakim_x1.5_siki_marj,0.002610183759189498,0.0027143257396549407,0.961632467708654,optimal,False
BSU18800,Mars_bakim_x1.5_siki_marj,0.002714325739656814,0.0027143257396549407,1.0000000000006903,optimal,False
BSU28790,Mars_bakim_x1.5_siki_marj,0.0027143257396562473,0.0027143257396549407,1.0000000000004814,optimal,False
BSU19350,Mars_bakim_x1.5_siki_marj,0.0027143257396562473,0.0027143257396549407,1.0000000000004814,optimal,False
BSU06230,Mars_bakim_x1.5_siki_marj,0.0027143257396562473,0.0027143257396549407,1.0000000000004814,optimal,False
BSU35609,Mars_bakim_x1.5_siki_marj,0.0027143257396562473,0.0027143257396549407,1.0000000000004814,optimal,False
BSU32110,Mars_bakim_x1.5_siki_marj,0.0027143257396562473,0.0027143257396549407,1.0000000000004814,optimal,False
BSU38110,Mars_bakim_x1.5_siki_marj,0.0027143257396562473,0.0027143257396549407,1.0000000000004814,optimal,False
BSU08650,Mars_bakim_x1.5_siki_marj,0.0027143257396562473,0.0027143257396549407,1.0000000000004814,optimal,False
BSU07570,Mars_bakim_x1.5_siki_marj,0.0027143257396562473,0.0027143257396549407,1.0000000000004814,optimal,False
BSU22440,Mars_bakim_x1.5_siki_marj,-3.093706073663203e-17,0.0027143257396549407,-1.1397696409335496e-14,optimal,True
BSU39540,Mars_bakim_x1.5_siki_marj,0.002714325739655329,0.0027143257396549407,1.000000000000143,optimal,False
BSU33170,Mars_bakim_x1.5_siki_marj,0.0027143257396543656,0.0027143257396549407,0.9999999999997882,optimal,False
BSU29190,Mars_bakim_x1.5_siki_marj,,0.0027143257396549407,,infeasible,False
BSU06360,Mars_bakim_x1.5_siki_marj,2.14519130097894e-31,0.0027143257396549407,7.903219829657027e-29,optimal,True
BSU27870,Mars_bakim_x1.5_siki_marj,2.6352777848508573e-15,0.0027143257396549407,9.708774987286042e-13,optimal,True
BSU29220,Mars_bakim_x1.5_siki_marj,0.002714325739645763,0.0027143257396549407,0.9999999999966188,optimal,False
BSU02870,Mars_bakim_x1.5_siki_marj,0.002714325739655381,0.0027143257396549407,1.000000000000162,optimal,False
BSU36010,Mars_bakim_x1.5_siki_marj,0.002714325739655381,0.0027143257396549407,1.000000000000162,optimal,False
BSU22650,Mars_bakim_x1.5_siki_marj,0.0,0.0027143257396549407,0.0,optimal,True
BSU26640,Mars_bakim_x1.5_siki_marj,0.0027143257396554992,0.0027143257396549407,1.0000000000002058,optimal,False
BSU31620,Mars_bakim_x1.5_siki_marj,0.002714325739654192,0.0027143257396549407,0.9999999999997242,optimal,False
BSU38580,Mars_bakim_x1.5_siki_marj,0.002714325739654192,0.0027143257396549407,0.9999999999997242,optimal,False
BSU28560,Mars_bakim_x1.5_siki_marj,0.002714325739654192,0.0027143257396549407,0.9999999999997242,optimal,False
BSU25070,Mars_bakim_x1.5_siki_marj,4.19605138455279e-17,0.0027143257396549407,1.5458908719946833e-14,optimal,True
BSU14860,Mars_bakim_x1.5_siki_marj,0.002338318531412235,0.0027143257396549407,0.8614730712863866,optimal,False
BSU12290,Mars_bakim_x1.5_siki_marj,0.002714325739657424,0.0027143257396549407,1.0000000000009148,optimal,False
BSU40330,Mars_bakim_x1.5_siki_marj,0.0027143257396557204,0.0027143257396549407,1.0000000000002873,optimal,False
BSU36470,Mars_bakim_x1.5_siki_marj,0.0027143257396557204,0.0027143257396549407,1.0000000000002873,optimal,False
BSU08840,Mars_bakim_x1.5_siki_marj,0.0027143257396557204,0.0027143257396549407,1.0000000000002873,optimal,False
BSU06490,Mars_bakim_x1.5_siki_marj,-8.669351669536252e-15,0.0027143257396549407,-3.193924569509607e-12,optimal,True
BSU12340,Mars_bakim_x1.5_siki_marj,0.002714325739656692,0.0027143257396549407,1.0000000000006453,optimal,False
BSU23580,Mars_bakim_x1.5_siki_marj,0.002714325739658537,0.0027143257396549407,1.000000000001325,optimal,False
BSU30720,Mars_bakim_x1.5_siki_marj,0.002714325739658537,0.0027143257396549407,1.000000000001325,optimal,False
BSU22560,Mars_bakim_x1.5_siki_marj,,0.0027143257396549407,,infeasible,False
BSU10140,Mars_bakim_x1.5_siki_marj,0.0027143257396557118,0.0027143257396549407,1.000000000000284,optimal,False
BSU39410,Mars_bakim_x1.5_siki_marj,0.0027143257396562473,0.0027143257396549407,1.0000000000004814,optimal,False
BSU36820,Mars_bakim_x1.5_siki_marj,,0.0027143257396549407,,infeasible,False
BSU27330,Mars_bakim_x1.5_siki_marj,0.0027143232628536336,0.0027143257396549407,0.999999087507711,optimal,False
BSU04470,Mars_bakim_x1.5_siki_marj,0.0027143257396546852,0.0027143257396549407,0.9999999999999059,optimal,False
BSU18480,Mars_bakim_x1.5_siki_marj,0.0027143257396550725,0.0027143257396549407,1.0000000000000486,optimal,False
BSU19370,Mars_bakim_x1.5_siki_marj,,0.0027143257396549407,,infeasible,False
BSU00680,Mars_bakim_x1.5_siki_marj,0.0027138373568756998,0.0027143257396549407,0.9998200721556348,optimal,False
BSU34130,Mars_bakim_x1.5_siki_marj,0.002714325739653652,0.0027143257396549407,0.9999999999995253,optimal,False
BSU11190,Mars_bakim_x1.5_siki_marj,-3.4593041092006666e-17,0.0027143257396549407,-1.2744616678322593e-14,optimal,True
BSU03990,Mars_bakim_x1.5_siki_marj,0.002714325739656178,0.0027143257396549407,1.0000000000004559,optimal,False
BSU16920,Mars_bakim_x1.5_siki_marj,3.1127325652164426e-17,0.0027143257396549407,1.14677929761376e-14,optimal,True
BSU17660,Mars_bakim_x1.5_siki_marj,0.0027143257396556567,0.0027143257396549407,1.0000000000002638,optimal,False
BSU13120,Mars_bakim_x1.5_siki_marj,0.0027143257396580736,0.0027143257396549407,1.0000000000011542,optimal,False
BSU33290,Mars_bakim_x1.5_siki_marj,0.0027143257396580736,0.0027143257396549407,1.0000000000011542,optimal,False
BSU26710,Mars_bakim_x1.5_siki_marj,0.0027143257396580736,0.0027143257396549407,1.0000000000011542,optimal,False
BSU28280,Mars_bakim_x1.5_siki_marj,9.28111822098961e-17,0.0027143257396549407,3.419308922800649e-14,optimal,True
BSU21770,Mars_bakim_x1.5_siki_marj,0.00271432573965556,0.0027143257396549407,1.0000000000002283,optimal,False
BSU29990,Mars_bakim_x1.5_siki_marj,0.0027143257396580736,0.0027143257396549407,1.0000000000011542,optimal,False
BSU07520,Mars_bakim_x1.5_siki_marj,0.0027143257396580736,0.0027143257396549407,1.0000000000011542,optimal,False
BSU30960,Mars_bakim_x1.5_siki_marj,0.0027143257396580736,0.0027143257396549407,1.0000000000011542,optimal,False
BSU32750,Mars_bakim_x1.5_siki_marj,0.0027143257396580736,0.0027143257396549407,1.0000000000011542,optimal,False
BSU38830,Mars_bakim_x1.5_siki_marj,0.0027143257396580736,0.0027143257396549407,1.0000000000011542,optimal,False
BSU15650,Mars_bakim_x1.5_siki_marj,0.0027143257396580736,0.0027143257396549407,1.0000000000011542,optimal,False
BSU00500,Mars_bakim_x1.5_siki_marj,-9.28111822098961e-17,0.0027143257396549407,-3.419308922800649e-14,optimal,True
BSU31650,Mars_bakim_x1.5_siki_marj,0.002714325739655421,0.0027143257396549407,1.000000000000177,optimal,False
BSU25660,Mars_bakim_x1.5_siki_marj,-9.28111822098961e-17,0.0027143257396549407,-3.419308922800649e-14,optimal,True
BSU12910,Mars_bakim_x1.5_siki_marj,0.0027143257396555656,0.0027143257396549407,1.0000000000002303,optimal,False
BSU17610,Mars_bakim_x1.5_siki_marj,0.0027143257396580736,0.0027143257396549407,1.0000000000011542,optimal,False
BSU32480,Mars_bakim_x1.5_siki_marj,0.0027143257396580736,0.0027143257396549407,1.0000000000011542,optimal,False
BSU02140,Mars_bakim_x1.5_siki_marj,0.0027143257396580736,0.0027143257396549407,1.0000000000011542,optimal,False
BSU14610,Mars_bakim_x1.5_siki_marj,,0.0027143257396549407,,infeasible,False
BSU38170,Mars_bakim_x1.5_siki_marj,0.0027143257396568653,0.0027143257396549407,1.000000000000709,optimal,False
BSU30980,Mars_bakim_x1.5_siki_marj,0.0027143257396572648,0.0027143257396549407,1.0000000000008562,optimal,False
BSU30270,Mars_bakim_x1.5_siki_marj,0.0027143257396572648,0.0027143257396549407,1.0000000000008562,optimal,False
BSU13560,Mars_bakim_x1.5_siki_marj,0.0027143257396572648,0.0027143257396549407,1.0000000000008562,optimal,False
BSU14520,Mars_bakim_x1.5_siki_marj,0.0027143257396572648,0.0027143257396549407,1.0000000000008562,optimal,False
BSU15200,Mars_bakim_x1.5_siki_marj,1.7279664485414007e-17,0.0027143257396549407,6.366098303150118e-15,optimal,True
BSU11710,Mars_bakim_x1.5_siki_marj,0.0027143257396558857,0.0027143257396549407,1.0000000000003482,optimal,False
BSU30290,Mars_bakim_x1.5_siki_marj,0.0027143257396556267,0.0027143257396549407,1.0000000000002527,optimal,False
BSU15790,Mars_bakim_x1.5_siki_marj,0.0027086461368533727,0.0027143257396549407,0.9979075456130442,optimal,False
BSU02860,Mars_bakim_x1.5_siki_marj,0.0027143257396533196,0.0027143257396549407,0.9999999999994028,optimal,False
BSU36850,Mars_bakim_x1.5_siki_marj,,0.0027143257396549407,,infeasible,False
BSU00460,Mars_bakim_x1.5_siki_marj,1.987282202807614e-28,0.0027143257396549407,7.321458046742201e-26,optimal,True
BSU28270,Mars_bakim_x1.5_siki_marj,0.0,0.0027143257396549407,0.0,optimal,True
BSU03860,Mars_bakim_x1.5_siki_marj,0.0027143257396540464,0.0027143257396549407,0.9999999999996706,optimal,False
BSU31350,Mars_bakim_x1.5_siki_marj,0.0016131686355035342,0.0027143257396549407,0.5943165228608888,optimal,False
BSU39710,Mars_bakim_x1.5_siki_marj,0.002714325739656514,0.0027143257396549407,1.0000000000005798,optimal,False
BSU28440,Mars_bakim_x1.5_siki_marj,,0.0027143257396549407,,infeasible,False
BSU05830,Mars_bakim_x1.5_siki_marj,0.0027143257396533443,0.0027143257396549407,0.9999999999994119,optimal,False
BSU27910,Mars_bakim_x1.5_siki_marj,0.002714325739654547,0.0027143257396549407,0.9999999999998549,optimal,False
BSU25310,Mars_bakim_x1.5_siki_marj,0.002714325739654547,0.0027143257396549407,0.9999999999998549,optimal,False
BSU02760,Mars_bakim_x1.5_siki_marj,0.002714325739654547,0.0027143257396549407,0.9999999999998549,optimal,False
BSU05900,Mars_bakim_x1.5_siki_marj,0.002714325739654547,0.0027143257396549407,0.9999999999998549,optimal,False
BSU38560,Mars_bakim_x1.5_siki_marj,0.002714325739654547,0.0027143257396549407,0.9999999999998549,optimal,False
BSU27040,Mars_bakim_x1.5_siki_marj,0.002714325739654547,0.0027143257396549407,0.9999999999998549,optimal,False
BSU23960,Mars_bakim_x1.5_siki_marj,0.002714325739654547,0.0027143257396549407,0.9999999999998549,optimal,False
BSU27200,Mars_bakim_x1.5_siki_marj,0.002714325739654547,0.0027143257396549407,0.9999999999998549,optimal,False
BSU32830,Mars_bakim_x1.5_siki_marj,0.0027097647724592714,0.0027143257396549407,0.9983196684432396,optimal,False
BSU39020,Mars_bakim_x1.5_siki_marj,0.0027143257396538413,0.0027143257396549407,0.999999999999595,optimal,False
BSU28720,Mars_bakim_x1.5_siki_marj,0.002714325739654547,0.0027143257396549407,0.9999999999998549,optimal,False
BSU08180,Mars_bakim_x1.5_siki_marj,0.002714325739654547,0.0027143257396549407,0.9999999999998549,optimal,False
BSU16740,Mars_bakim_x1.5_siki_marj,0.002714325739654547,0.0027143257396549407,0.9999999999998549,optimal,False
BSU33310,Mars_bakim_x1.5_siki_marj,0.002714325739654547,0.0027143257396549407,0.9999999999998549,optimal,False
BSU38710,Mars_bakim_x1.5_siki_marj,0.002714325739654547,0.0027143257396549407,0.9999999999998549,optimal,False
BSU17380,Mars_bakim_x1.5_siki_marj,-1.546853036831602e-16,0.0027143257396549407,-5.698848204667749e-14,optimal,True
BSU05860,Mars_bakim_x1.5_siki_marj,0.0027143257396556957,0.0027143257396549407,1.0000000000002782,optimal,False
BSU18250,Mars_bakim_x1.5_siki_marj,0.0027143257396552135,0.0027143257396549407,1.0000000000001006,optimal,False
BSU14630,Mars_bakim_x1.5_siki_marj,0.0027143257396552135,0.0027143257396549407,1.0000000000001006,optimal,False
BSU29470,Mars_bakim_x1.5_siki_marj,0.0020479114338842765,0.0027143257396549407,0.7544825604257128,optimal,False
BSU13960,Mars_bakim_x1.5_siki_marj,0.0027143257396544575,0.0027143257396549407,0.999999999999822,optimal,False
BSU15560,Mars_bakim_x1.5_siki_marj,6.187412147326407e-17,0.0027143257396549407,2.2795392818670994e-14,optimal,True
BSU18410,Mars_bakim_x1.5_siki_marj,0.0027143257396559308,0.0027143257396549407,1.0000000000003648,optimal,False
BSU20250,Mars_bakim_x1.5_siki_marj,0.00271431087890761,0.0027143257396549407,0.9999945250685599,optimal,False
BSU02850,Mars_bakim_x1.5_siki_marj,0.0027143257396570085,0.0027143257396549407,1.0000000000007618,optimal,False
BSU07700,Mars_bakim_x1.5_siki_marj,0.002714325739655735,0.0027143257396549407,1.0000000000002927,optimal,False
BSU08090,Mars_bakim_x1.5_siki_marj,0.002714325739655735,0.0027143257396549407,1.0000000000002927,optimal,False
BSU29370,Mars_bakim_x1.5_siki_marj,0.002714325739655735,0.0027143257396549407,1.0000000000002927,optimal,False
BSU11250,Mars_bakim_x1.5_siki_marj,0.0,0.0027143257396549407,0.0,optimal,True
BSU07510,Mars_bakim_x1.5_siki_marj,0.0027143257396558466,0.0027143257396549407,1.0000000000003337,optimal,False
BSU23080,Mars_bakim_x1.5_siki_marj,-2.2613267191282797e-17,0.0027143257396549407,-8.331080850361576e-15,optimal,True
BSU03950,Mars_bakim_x1.5_siki_marj,0.002714325739656245,0.0027143257396549407,1.0000000000004805,optimal,False
BSU35730,Mars_bakim_x1.5_siki_marj,1.3562994374312062e-16,0.0027143257396549407,4.99681898018484e-14,optimal,True
BSU16100,Mars_bakim_x1.5_siki_marj,,0.0027143257396549407,,infeasible,False
BSU10360,Mars_bakim_x1.5_siki_marj,0.0027143257396550404,0.0027143257396549407,1.0000000000000366,optimal,False
BSU00180,Mars_bakim_x1.5_siki_marj,0.0027143108789067115,0.0027143257396549407,0.9999945250682288,optimal,False
BSU24040,Mars_bakim_x1.5_siki_marj,-5.5021281033964243e-17,0.0027143257396549407,-2.0270699360113954e-14,optimal,True
BSU14880,Mars_bakim_x1.5_siki_marj,0.002714325739655494,0.0027143257396549407,1.0000000000002038,optimal,False
BSU03060,Mars_bakim_x1.5_siki_marj,0.002714325739655704,0.0027143257396549407,1.000000000000281,optimal,False
BSU13180,Mars_bakim_x1.5_siki_marj,8.40161203677972e-17,0.0027143257396549407,3.095285106734381e-14,optimal,True
BSU22610,Mars_bakim_x1.5_siki_marj,0.0,0.0027143257396549407,0.0,optimal,True
BSU27260,Mars_bakim_x1.5_siki_marj,0.002713264852763126,0.0027143257396549407,0.9996091526981027,optimal,False
BSU15510,Mars_bakim_x1.5_siki_marj,0.002714325739655144,0.0027143257396549407,1.0000000000000748,optimal,False
BSU24280,Mars_bakim_x1.5_siki_marj,-2.1598635495414833e-18,0.0027143257396549407,-7.957274685152772e-16,optimal,True
BSU22890,Mars_bakim_x1.5_siki_marj,0.002704330633305139,0.0027143257396549407,0.996317646698118,optimal,False
BSU38300,Mars_bakim_x1.5_siki_marj,0.002714325739657531,0.0027143257396549407,1.0000000000009543,optimal,False
BSU02430,Mars_bakim_x1.5_siki_marj,0.0027143257396563154,0.0027143257396549407,1.0000000000005065,optimal,False
BSU03981,Mars_bakim_x1.5_siki_marj,0.0027143257396563154,0.0027143257396549407,1.0000000000005065,optimal,False
BSU02750,Mars_bakim_x1.5_siki_marj,0.0027143257396563154,0.0027143257396549407,1.0000000000005065,optimal,False
BSU37120,Mars_bakim_x1.5_siki_marj,0.0027143257396563154,0.0027143257396549407,1.0000000000005065,optimal,False
BSU38490,Mars_bakim_x1.5_siki_marj,3.4557816792663733e-17,0.0027143257396549407,1.2731639496244435e-14,optimal,True
BSU06510,Mars_bakim_x1.5_siki_marj,0.002710937867782355,0.0027143257396549407,0.9987518550839015,optimal,False
BSU17410,Mars_bakim_x1.5_siki_marj,0.002714325739656804,0.0027143257396549407,1.0000000000006866,optimal,False
BSU38270,Mars_bakim_x1.5_siki_marj,0.002714293616060705,0.0027143257396549407,0.9999881651661161,optimal,False
BSU35020,Mars_bakim_x1.5_siki_marj,0.002714325739656332,0.0027143257396549407,1.0000000000005125,optimal,False
BSU26590,Mars_bakim_x1.5_siki_marj,0.002714325739657196,0.0027143257396549407,1.000000000000831,optimal,False
BSU30430,Mars_bakim_x1.5_siki_marj,0.002714325739657196,0.0027143257396549407,1.000000000000831,optimal,False
BSU34900,Mars_bakim_x1.5_siki_marj,-1.29591812972489e-17,0.0027143257396549407,-4.774364811091663e-15,optimal,True
BSU39610,Mars_bakim_x1.5_siki_marj,0.0027143257396559607,0.0027143257396549407,1.0000000000003757,optimal,False
BSU09680,Mars_bakim_x1.5_siki_marj,0.0027143257396578095,0.0027143257396549407,1.000000000001057,optimal,False
BSU33390,Mars_bakim_x1.5_siki_marj,0.0027143257396578095,0.0027143257396549407,1.000000000001057,optimal,False
BSU22070,Mars_bakim_x1.5_siki_marj,0.0027143257396578095,0.0027143257396549407,1.000000000001057,optimal,False
BSU19230,Mars_bakim_x1.5_siki_marj,0.0027143257396578095,0.0027143257396549407,1.000000000001057,optimal,False
BSU09840,Mars_bakim_x1.5_siki_marj,0.0027143257396578095,0.0027143257396549407,1.000000000001057,optimal,False
BSU03610,Mars_bakim_x1.5_siki_marj,0.0027143257396578095,0.0027143257396549407,1.000000000001057,optimal,False
BSU37710,Mars_bakim_x1.5_siki_marj,0.0027143257396578095,0.0027143257396549407,1.000000000001057,optimal,False
BSU02400,Mars_bakim_x1.5_siki_marj,0.0027143257396578095,0.0027143257396549407,1.000000000001057,optimal,False
BSU02980,Mars_bakim_x1.5_siki_marj,0.0027143257396578095,0.0027143257396549407,1.000000000001057,optimal,False
BSU22730,Mars_bakim_x1.5_siki_marj,5.704415620694009e-14,0.0027143257396549407,2.1015958170956976e-11,optimal,True
BSU31100,Mars_bakim_x1.5_siki_marj,0.002714325739651518,0.0027143257396549407,0.999999999998739,optimal,False
BSU14510,Mars_bakim_x1.5_siki_marj,0.002714325739657196,0.0027143257396549407,1.000000000000831,optimal,False
BSU23770,Mars_bakim_x1.5_siki_marj,0.002714325739657196,0.0027143257396549407,1.000000000000831,optimal,False
BSU30750,Mars_bakim_x1.5_siki_marj,0.002714325739657196,0.0027143257396549407,1.000000000000831,optimal,False
BSU37280,Mars_bakim_x1.5_siki_marj,0.002714325739657196,0.0027143257396549407,1.000000000000831,optimal,False
BSU15540,Mars_bakim_x1.5_siki_marj,-3.1677998726608426e-17,0.0027143257396549407,-1.1670669538224067e-14,optimal,True
BSU24160,Mars_bakim_x1.5_siki_marj,0.0027143257396560153,0.0027143257396549407,1.000000000000396,optimal,False
BSU03900,Mars_bakim_x1.5_siki_marj,0.0027143257396577496,0.0027143257396549407,1.000000000001035,optimal,False
BSU30210,Mars_bakim_x1.5_siki_marj,0.0027143257396577496,0.0027143257396549407,1.000000000001035,optimal,False
BSU29050,Mars_bakim_x1.5_siki_marj,0.0027143257396577496,0.0027143257396549407,1.000000000001035,optimal,False
BSU39700,Mars_bakim_x1.5_siki_marj,0.0027143257396577496,0.0027143257396549407,1.000000000001035,optimal,False
BSU07800,Mars_bakim_x1.5_siki_marj,0.0027143257396577496,0.0027143257396549407,1.000000000001035,optimal,False
BSU17890,Mars_bakim_x1.5_siki_marj,-8.56775708525803e-17,0.0027143257396549407,-3.1564955377637205e-14,optimal,True
BSU30550,Mars_bakim_x1.5_siki_marj,0.002714325739655294,0.0027143257396549407,1.0000000000001301,optimal,False
BSU29750,Mars_bakim_x1.5_siki_marj,1.2455213135689216e-16,0.0027143257396549407,4.588695068438097e-14,optimal,True
BSU33320,Mars_bakim_x1.5_siki_marj,0.0027143257396560596,0.0027143257396549407,1.0000000000004121,optimal,False
BSU27070,Mars_bakim_x1.5_siki_marj,0.0027143257396560596,0.0027143257396549407,1.0000000000004121,optimal,False
BSU11220,Mars_bakim_x1.5_siki_marj,-2.7013826520038473e-17,0.0027143257396549407,-9.952315643395332e-15,optimal,True
BSU22740,Mars_bakim_x1.5_siki_marj,0.0,0.0027143257396549407,0.0,optimal,True
BSU35710,Mars_bakim_x1.5_siki_marj,0.0,0.0027143257396549407,0.0,optimal,True
BSU21680,Mars_bakim_x1.5_siki_marj,0.002714325739655545,0.0027143257396549407,1.0000000000002227,optimal,False
BSU33330,Mars_bakim_x1.5_siki_marj,0.002714325739654313,0.0027143257396549407,0.9999999999997689,optimal,False
BSU25300,Mars_bakim_x1.5_siki_marj,0.002714325739654313,0.0027143257396549407,0.9999999999997689,optimal,False
BSU35530,Mars_bakim_x1.5_siki_marj,-1.0699047096027804e-16,0.0027143257396549407,-3.941696068279529e-14,optimal,True
BSU32440,Mars_bakim_x1.5_siki_marj,0.002714325739657424,0.0027143257396549407,1.0000000000009148,optimal,False
BSU11720,Mars_bakim_x1.5_siki_marj,0.0027143257396563206,0.0027143257396549407,1.0000000000005085,optimal,False
BSU23560,Mars_bakim_x1.5_siki_marj,0.0027143257396563206,0.0027143257396549407,1.0000000000005085,optimal,False
BSU32510,Mars_bakim_x1.5_siki_marj,0.0027143257396563206,0.0027143257396549407,1.0000000000005085,optimal,False
BSU04030,Mars_bakim_x1.5_siki_marj,0.0027143257396563206,0.0027143257396549407,1.0000000000005085,optimal,False
BSU29010,Mars_bakim_x1.5_siki_marj,0.0027143257396563206,0.0027143257396549407,1.0000000000005085,optimal,False
BSU34160,Mars_bakim_x1.5_siki_marj,0.0027143257396563206,0.0027143257396549407,1.0000000000005085,optimal,False
BSU15230,Mars_bakim_x1.5_siki_marj,1.338332759520916e-16,0.0027143257396549407,4.9306269323852484e-14,optimal,True
BSU32170,Mars_bakim_x1.5_siki_marj,0.0,0.0027143257396549407,0.0,optimal,True
BSU25160,Mars_bakim_x1.5_siki_marj,0.0,0.0027143257396549407,0.0,optimal,True
BSU18670,Mars_bakim_x1.5_siki_marj,0.0027143257396559702,0.0027143257396549407,1.0000000000003793,optimal,False
BSU00910,Mars_bakim_x1.5_siki_marj,1.4399090330276556e-17,0.0027143257396549407,5.3048497901018485e-15,optimal,True
BSU33180,Mars_bakim_x1.5_siki_marj,0.002714325739656056,0.0027143257396549407,1.000000000000411,optimal,False
BSU35010,Mars_bakim_x1.5_siki_marj,0.002714325739659758,0.0027143257396549407,1.0000000000017748,optimal,False
BSU29300,Mars_bakim_x1.5_siki_marj,0.002714325739659758,0.0027143257396549407,1.0000000000017748,optimal,False
BSU02340,Mars_bakim_x1.5_siki_marj,0.002714325739659758,0.0027143257396549407,1.0000000000017748,optimal,False
BSU15680,Mars_bakim_x1.5_siki_marj,1.735090384798325e-16,0.0027143257396549407,6.392343997072727e-14,optimal,True
BSU04000,Mars_bakim_x1.5_siki_marj,0.00271432573965573,0.0027143257396549407,1.0000000000002909,optimal,False
BSU32820,Mars_bakim_x1.5_siki_marj,0.002714325739656302,0.0027143257396549407,1.0000000000005016,optimal,False
BSU24740,Mars_bakim_x1.5_siki_marj,0.002714325739656302,0.0027143257396549407,1.0000000000005016,optimal,False
BSU38200,Mars_bakim_x1.5_siki_marj,0.002714325739656302,0.0027143257396549407,1.0000000000005016,optimal,False
BSU28390,Mars_bakim_x1.5_siki_marj,0.002714325739656302,0.0027143257396549407,1.0000000000005016,optimal,False
BSU21910,Mars_bakim_x1.5_siki_marj,5.402765304007693e-17,0.0027143257396549407,1.990463128679066e-14,optimal,True
BSU27900,Mars_bakim_x1.5_siki_marj,0.0,0.0027143257396549407,0.0,optimal,True
BSU22630,Mars_bakim_x1.5_siki_marj,0.0,0.0027143257396549407,0.0,optimal,True
BSU02090,Mars_bakim_x1.5_siki_marj,0.002714325739655968,0.0027143257396549407,1.0000000000003786,optimal,False
BSU19310,Mars_bakim_x1.5_siki_marj,0.002714325739655171,0.0027143257396549407,1.0000000000000848,optimal,False
BSU35950,Mars_bakim_x1.5_siki_marj,0.002714325739655171,0.0027143257396549407,1.0000000000000848,optimal,False
BSU10870,Mars_bakim_x1.5_siki_marj,0.002714325739655171,0.0027143257396549407,1.0000000000000848,optimal,False
BSU34560,Mars_bakim_x1.5_siki_marj,0.002714325739655171,0.0027143257396549407,1.0000000000000848,optimal,False
BSU01780,Mars_bakim_x1.5_siki_marj,2.5686451782481403e-17,0.0027143257396549407,9.463290056611554e-15,optimal,True
BSU30760,Mars_bakim_x1.5_siki_marj,0.002714325739655889,0.0027143257396549407,1.0000000000003495,optimal,False
BSU19710,Mars_bakim_x1.5_siki_marj,0.0027143257396549623,0.0027143257396549407,1.000000000000008,optimal,False
BSU38290,Mars_bakim_x1.5_siki_marj,0.0027143257396549623,0.0027143257396549407,1.000000000000008,optimal,False
BSU40550,Mars_bakim_x1.5_siki_marj,-2.7236940516477722e-15,0.0027143257396549407,-1.0034514324703056e-12,optimal,True
BSU04520,Mars_bakim_x1.5_siki_marj,0.002714325739658163,0.0027143257396549407,1.000000000001187,optimal,False
BSU40190,Mars_bakim_x1.5_siki_marj,0.002714325739652949,0.0027143257396549407,0.9999999999992664,optimal,False
BSU28150,Mars_bakim_x1.5_siki_marj,0.002714325739652949,0.0027143257396549407,0.9999999999992664,optimal,False
BSU26700,Mars_bakim_x1.5_siki_marj,0.002714325739652949,0.0027143257396549407,0.9999999999992664,optimal,False
BSU37150,Mars_bakim_x1.5_siki_marj,-1.1683389500828337e-16,0.0027143257396549407,-4.304343185543232e-14,optimal,True
BSU22680,Mars_bakim_x1.5_siki_marj,0.0,0.0027143257396549407,0.0,optimal,True
BSU30870,Mars_bakim_x1.5_siki_marj,0.0027143257396570154,0.0027143257396549407,1.0000000000007643,optimal,False
BSU32470,Mars_bakim_x1.5_siki_marj,0.0027143257396564377,0.0027143257396549407,1.0000000000005516,optimal,False
BSU30230,Mars_bakim_x1.5_siki_marj,0.0027143257396564377,0.0027143257396549407,1.0000000000005516,optimal,False
BSU39670,Mars_bakim_x1.5_siki_marj,0.0027143257396564377,0.0027143257396549407,1.0000000000005516,optimal,False
BSU16510,Mars_bakim_x1.5_siki_marj,0.0027143257396564377,0.0027143257396549407,1.0000000000005516,optimal,False
BSU04640,Mars_bakim_x1.5_siki_marj,-5.3523438992518906e-17,0.0027143257396549407,-1.971887095589459e-14,optimal,True
BSU37780,Mars_bakim_x1.5_siki_marj,0.0027143257396558293,0.0027143257396549407,1.0000000000003273,optimal,False
BSU22480,Mars_bakim_x1.5_siki_marj,0.0027143257396559034,0.0027143257396549407,1.0000000000003546,optimal,False
BSU06420,Mars_bakim_x1.5_siki_marj,3.4789298145529178e-15,0.0027143257396549407,1.2816920842356886e-12,optimal,True
BSU28080,Mars_bakim_x1.5_siki_marj,3.416932088470295e-17,0.0027143257396549407,1.2588511535482376e-14,optimal,True
BSU29360,Mars_bakim_x1.5_siki_marj,0.0027143257396569282,0.0027143257396549407,1.0000000000007323,optimal,False
BSU13850,Mars_bakim_x1.5_siki_marj,0.002714325739653226,0.0027143257396549407,0.9999999999993683,optimal,False
BSU38760,Mars_bakim_x1.5_siki_marj,0.002714325739653226,0.0027143257396549407,0.9999999999993683,optimal,False
BSU02480,Mars_bakim_x1.5_siki_marj,0.002714325739653226,0.0027143257396549407,0.9999999999993683,optimal,False
BSU38150,Mars_bakim_x1.5_siki_marj,0.002714325739653226,0.0027143257396549407,0.9999999999993683,optimal,False
BSU33960,Mars_bakim_x1.5_siki_marj,0.002714325739653226,0.0027143257396549407,0.9999999999993683,optimal,False
BSU37060,Mars_bakim_x1.5_siki_marj,0.002714325739653226,0.0027143257396549407,0.9999999999993683,optimal,False
BSU30780,Mars_bakim_x1.5_siki_marj,6.781147828577554e-17,0.0027143257396549407,2.4982807809351612e-14,optimal,True
BSU38630,Mars_bakim_x1.5_siki_marj,0.00271432573965634,0.0027143257396549407,1.0000000000005156,optimal,False
BSU36120,Mars_bakim_x1.5_siki_marj,0.0027143257396546427,0.0027143257396549407,0.9999999999998902,optimal,False
BSU36840,Mars_bakim_x1.5_siki_marj,,0.0027143257396549407,,infeasible,False
BSU13600,Mars_bakim_x1.5_siki_marj,0.0027143257396561606,0.0027143257396549407,1.0000000000004494,optimal,False
BSU22540,Mars_bakim_x1.5_siki_marj,,0.0027143257396549407,,infeasible,False
BSU18470,Mars_bakim_x1.5_siki_marj,0.002714325739656346,0.0027143257396549407,1.0000000000005176,optimal,False
BSU06160,Mars_bakim_x1.5_siki_marj,0.002714325739657301,0.0027143257396549407,1.0000000000008697,optimal,False
BSU37190,Mars_bakim_x1.5_siki_marj,0.002714325739657301,0.0027143257396549407,1.0000000000008697,optimal,False
BSU13580,Mars_bakim_x1.5_siki_marj,0.002714325739657301,0.0027143257396549407,1.0000000000008697,optimal,False
BSU00750,Mars_bakim_x1.5_siki_marj,-2.3038544528442485e-17,0.0027143257396549407,-8.487759664162956e-15,optimal,True
BSU32180,Mars_bakim_x1.5_siki_marj,0.0027143257396561008,0.0027143257396549407,1.0000000000004274,optimal,False
BSU12380,Mars_bakim_x1.5_siki_marj,0.002714325739655737,0.0027143257396549407,1.0000000000002933,optimal,False
BSU15570,Mars_bakim_x1.5_siki_marj,2.5686451782481406e-17,0.0027143257396549407,9.463290056611556e-15,optimal,True
BSU37270,Mars_bakim_x1.5_siki_marj,0.002714325739656431,0.0027143257396549407,1.000000000000549,optimal,False
BSU15350,Mars_bakim_x1.5_siki_marj,0.002714325739654683,0.0027143257396549407,0.9999999999999051,optimal,False
BSU09290,Mars_bakim_x1.5_siki_marj,0.002714325739654683,0.0027143257396549407,0.9999999999999051,optimal,False
BSU30830,Mars_bakim_x1.5_siki_marj,0.002714325739654683,0.0027143257396549407,0.9999999999999051,optimal,False
BSU37110,Mars_bakim_x1.5_siki_marj,0.002713407490893156,0.0027143257396549407,0.9996617028131999,optimal,False
BSU10020,Mars_bakim_x1.5_siki_marj,2.178068571015583e-14,0.0027143257396549407,8.024344827870477e-12,optimal,True
BSU24340,Mars_bakim_x1.5_siki_marj,1.036061757141787e-18,0.0027143257396549407,3.81701334517609e-16,optimal,True
BSU22760,Mars_bakim_x1.5_siki_marj,1.0556152237654718e-29,0.0027143257396549407,3.8890513704507224e-27,optimal,True
BSU00790,Mars_bakim_x1.5_siki_marj,-4.721877518953994e-13,0.0027143257396549407,-1.7396134332625324e-10,optimal,True
BSU32250,Mars_bakim_x1.5_siki_marj,-4.127157789261337e-15,0.0027143257396549407,-1.5205093953778749e-12,optimal,True
BSU02360,Mars_bakim_x1.5_siki_marj,0.002714325739656085,0.0027143257396549407,1.0000000000004217,optimal,False
BSU30530,Mars_bakim_x1.5_siki_marj,0.002714325739656113,0.0027143257396549407,1.0000000000004319,optimal,False
BSU06980,Mars_bakim_x1.5_siki_marj,0.002714325739656113,0.0027143257396549407,1.0000000000004319,optimal,False
BSU37170,Mars_bakim_x1.5_siki_marj,0.002714325739656113,0.0027143257396549407,1.0000000000004319,optimal,False
BSU03310,Mars_bakim_x1.5_siki_marj,0.002714325739656113,0.0027143257396549407,1.0000000000004319,optimal,False
BSU22060,Mars_bakim_x1.5_siki_marj,0.002714325739656113,0.0027143257396549407,1.0000000000004319,optimal,False
BSU21870,Mars_bakim_x1.5_siki_marj,5.402765304007693e-17,0.0027143257396549407,1.990463128679066e-14,optimal,True
BSU15550,Mars_bakim_x1.5_siki_marj,-4.508979006149882e-16,0.0027143257396549407,-1.6611782956908803e-13,optimal,True
BSU38050,Mars_bakim_x1.5_siki_marj,0.0027143257396558883,0.0027143257396549407,1.000000000000349,optimal,False
BSU03200,Mars_bakim_x1.5_siki_marj,0.0027143257396566485,0.0027143257396549407,1.0000000000006293,optimal,False
BSU27250,Mars_bakim_x1.5_siki_marj,0.002713264852763816,0.0027143257396549407,0.9996091526983569,optimal,False
BSU33940,Mars_bakim_x1.5_siki_marj,,0.0027143257396549407,,infeasible,False
BSU40070,Mars_bakim_x1.5_siki_marj,0.00271432573965566,0.0027143257396549407,1.0000000000002651,optimal,False
BSU19630,Mars_bakim_x1.5_siki_marj,0.002714325739656882,0.0027143257396549407,1.0000000000007152,optimal,False
BSU30240,Mars_bakim_x1.5_siki_marj,0.002714325739656882,0.0027143257396549407,1.0000000000007152,optimal,False
BSU40850,Mars_bakim_x1.5_siki_marj,0.002714325739656882,0.0027143257396549407,1.0000000000007152,optimal,False
BSU39370,Mars_bakim_x1.5_siki_marj,0.002714325739656882,0.0027143257396549407,1.0000000000007152,optimal,False
BSU09540,Mars_bakim_x1.5_siki_marj,1.7455874975418103e-16,0.0027143257396549407,6.431017000058801e-14,optimal,True
BSU15910,Mars_bakim_x1.5_siki_marj,0.0,0.0027143257396549407,0.0,optimal,True
BSU16090,Mars_bakim_x1.5_siki_marj,,0.0027143257396549407,,infeasible,False
BSU27450,Mars_bakim_x1.5_siki_marj,0.0027143257396555847,0.0027143257396549407,1.0000000000002374,optimal,False
BSU16990,Mars_bakim_x1.5_siki_marj,0.0027143257396557157,0.0027143257396549407,1.0000000000002855,optimal,False
BSU29060,Mars_bakim_x1.5_siki_marj,0.0027143257396557157,0.0027143257396549407,1.0000000000002855,optimal,False
BSU32840,Mars_bakim_x1.5_siki_marj,0.0027097647724600204,0.0027143257396549407,0.9983196684435155,optimal,False
BSU22490,Mars_bakim_x1.5_siki_marj,4.110330415113032e-16,0.0027143257396549407,1.514309927899648e-13,optimal,True
BSU13610,Mars_bakim_x1.5_siki_marj,0.002714325739654958,0.0027143257396549407,1.0000000000000064,optimal,False
BSU16540,Mars_bakim_x1.5_siki_marj,9.679129073952138e-17,0.0027143257396549407,3.565942337923893e-14,optimal,True
BSU13900,Mars_bakim_x1.5_siki_marj,0.0016124724346595004,0.0027143257396549407,0.5940600315953554,optimal,False
BSU22710,Mars_bakim_x1.5_siki_marj,-2.2584634505888327e-16,0.0027143257396549407,-8.320532121822418e-14,optimal,True
BSU02390,Mars_bakim_x1.5_siki_marj,0.002714325739653396,0.0027143257396549407,0.9999999999994309,optimal,False
BSU22620,Mars_bakim_x1.5_siki_marj,0.002714325739656882,0.0027143257396549407,1.0000000000007152,optimal,False
BSU35660,Mars_bakim_x1.5_siki_marj,2.0365187471321122e-16,0.0027143257396549407,7.502853166735269e-14,optimal,True
BSU14000,Mars_bakim_x1.5_siki_marj,0.0,0.0027143257396549407,0.0,optimal,True
BSU33440,Mars_bakim_x1.5_siki_marj,0.002714325739655911,0.0027143257396549407,1.0000000000003575,optimal,False
BSU13910,Mars_bakim_x1.5_siki_marj,0.0016124724346594976,0.0027143257396549407,0.5940600315953544,optimal,False
BSU13890,Mars_bakim_x1.5_siki_marj,0.0016124724346642959,0.0027143257396549407,0.5940600315971221,optimal,False
BSU01530,Mars_bakim_x1.5_siki_marj,0.002714325739659124,0.0027143257396549407,1.0000000000015412,optimal,False
BSU25420,Mars_bakim_x1.5_siki_marj,0.002714325739654966,0.0027143257396549407,1.0000000000000093,optimal,False
BSU28450,Mars_bakim_x1.5_siki_marj,,0.0027143257396549407,,infeasible,False
BSU29340,Mars_bakim_x1.5_siki_marj,0.0027143257396554763,0.0027143257396549407,1.0000000000001974,optimal,False
BSU35760,Mars_bakim_x1.5_siki_marj,7.84366261686984e-17,0.0027143257396549407,2.8897278253224565e-14,optimal,True
BSU15180,Mars_bakim_x1.5_siki_marj,0.0,0.0027143257396549407,0.0,optimal,True
BSU03280,Mars_bakim_x1.5_siki_marj,0.0027143257396556627,0.0027143257396549407,1.000000000000266,optimal,False
BSU32730,Mars_bakim_x1.5_siki_marj,0.0027143257396548257,0.0027143257396549407,0.9999999999999577,optimal,False
BSU35590,Mars_bakim_x1.5_siki_marj,0.0027143257396548257,0.0027143257396549407,0.9999999999999577,optimal,False
BSU22640,Mars_bakim_x1.5_siki_marj,1.4547886500854818e-16,0.0027143257396549407,5.359668623524979e-14,optimal,True
BSU32260,Mars_bakim_x1.5_siki_marj,0.0,0.0027143257396549407,0.0,optimal,True
BSU14890,Mars_bakim_x1.5_siki_marj,,0.0027143257396549407,,infeasible,False
BSU08460,Mars_bakim_x1.5_siki_marj,0.002714325739655653,0.0027143257396549407,1.0000000000002625,optimal,False
BSU15530,Mars_bakim_x1.5_siki_marj,-5.2568806139812207e-17,0.0027143257396549407,-1.9367169301682645e-14,optimal,True
BSU23980,Mars_bakim_x1.5_siki_marj,0.0027143257396558865,0.0027143257396549407,1.0000000000003484,optimal,False
BSU31600,Mars_bakim_x1.5_siki_marj,0.002714325739655037,0.0027143257396549407,1.0000000000000355,optimal,False
BSU35670,Mars_bakim_x1.5_siki_marj,-1.568732523373968e-16,0.0027143257396549407,-5.779455650644913e-14,optimal,True
BSU28780,Mars_bakim_x1.5_siki_marj,0.0027143257396557534,0.0027143257396549407,1.0000000000002993,optimal,False
BSU16750,Mars_bakim_x1.5_siki_marj,-2.1027522455924883e-16,0.0027143257396549407,-7.746867720673058e-14,optimal,True
BSU29180,Mars_bakim_x1.5_siki_marj,,0.0027143257396549407,,infeasible,False
BSU34870,Mars_bakim_x1.5_siki_marj,2.2977177726976408e-30,0.0027143257396549407,8.465151175959222e-28,optimal,True
BSU35550,Mars_bakim_x1.5_siki_marj,0.002714325739656223,0.0027143257396549407,1.0000000000004725,optimal,False
BSU18260,Mars_bakim_x1.5_siki_marj,0.0027143257396528408,0.0027143257396549407,0.9999999999992264,optimal,False
BSU33430,Mars_bakim_x1.5_siki_marj,0.0027143257396528408,0.0027143257396549407,0.9999999999992264,optimal,False
BSU29620,Mars_bakim_x1.5_siki_marj,4.706197570121903e-16,0.0027143257396549407,1.7338366951934735e-13,optimal,True
BSU14920,Mars_bakim_x1.5_siki_marj,,0.0027143257396549407,,infeasible,False
BSU06240,Mars_bakim_x1.5_siki_marj,0.0027143257396559477,0.0027143257396549407,1.000000000000371,optimal,False
BSU40420,Mars_bakim_x1.5_siki_marj,-5.002355612500455e-14,0.0027143257396549407,-1.84294594396632e-11,optimal,True
BSU35580,Mars_bakim_x1.5_siki_marj,0.0027143257396581234,0.0027143257396549407,1.0000000000011726,optimal,False
BSU13110,Mars_bakim_x1.5_siki_marj,0.0027141151065181086,0.0027143257396549407,0.9999223994623214,optimal,False
BSU35600,Mars_bakim_x1.5_siki_marj,0.0027143257396546163,0.0027143257396549407,0.9999999999998805,optimal,False
BSU28740,Mars_bakim_x1.5_siki_marj,0.0027143257396551154,0.0027143257396549407,1.0000000000000644,optimal,False
BSU10790,Mars_bakim_x1.5_siki_marj,0.0027143257396551154,0.0027143257396549407,1.0000000000000644,optimal,False
BSU30540,Mars_bakim_x1.5_siki_marj,0.0027143257396551154,0.0027143257396549407,1.0000000000000644,optimal,False
BSU39400,Mars_bakim_x1.5_siki_marj,0.0027143108789054017,0.0027143257396549407,0.9999945250677463,optimal,False
BSU38990,Mars_bakim_x1.5_siki_marj,0.002714325739652324,0.0027143257396549407,0.9999999999990359,optimal,False
BSU34590,Mars_bakim_x1.5_siki_marj,0.0027143257396551154,0.0027143257396549407,1.0000000000000644,optimal,False
BSU06170,Mars_bakim_x1.5_siki_marj,0.0027143257396551154,0.0027143257396549407,1.0000000000000644,optimal,False
BSU00510,Mars_bakim_x1.5_siki_marj,-9.412395140243806e-15,0.0027143257396549407,-3.467673390386947e-12,optimal,True
BSU30770,Mars_bakim_x1.5_siki_marj,0.0027143257396607034,0.0027143257396549407,1.0000000000021232,optimal,False
BSU16730,Mars_bakim_x1.5_siki_marj,0.0027143257396515796,0.0027143257396549407,0.9999999999987618,optimal,False
BSU35570,Mars_bakim_x1.5_siki_marj,0.0027143257396515796,0.0027143257396549407,0.9999999999987618,optimal,False
BSU11640,Mars_bakim_x1.5_siki_marj,0.0027143257396515796,0.0027143257396549407,0.9999999999987618,optimal,False
BSU28730,Mars_bakim_x1.5_siki_marj,0.0027143257396515796,0.0027143257396549407,0.9999999999987618,optimal,False
BSU38570,Mars_bakim_x1.5_siki_marj,0.0027143257396515796,0.0027143257396549407,0.9999999999987618,optimal,False
BSU15490,Mars_bakim_x1.5_siki_marj,1.664496201684984e-16,0.0027143257396549407,6.1322639997386e-14,optimal,True
BSU06150,Mars_bakim_x1.5_siki_marj,0.002714325739654168,0.0027143257396549407,0.9999999999997152,optimal,False
BSU18230,Mars_bakim_x1.5_siki_marj,0.0027143257396580953,0.0027143257396549407,1.0000000000011622,optimal,False
BSU29380,Mars_bakim_x1.5_siki_marj,0.0027143257396580953,0.0027143257396549407,1.0000000000011622,optimal,False
BSU33400,Mars_bakim_x1.5_siki_marj,0.0027143257396580953,0.0027143257396549407,1.0000000000011622,optimal,False
BSU38750,Mars_bakim_x1.5_siki_marj,0.0027143257396580953,0.0027143257396549407,1.0000000000011622,optimal,False
BSU14400,Mars_bakim_x1.5_siki_marj,0.0027143257396580953,0.0027143257396549407,1.0000000000011622,optimal,False
BSU12920,Mars_bakim_x1.5_siki_marj,0.0027143257396580953,0.0027143257396549407,1.0000000000011622,optimal,False
BSU22660,Mars_bakim_x1.5_siki_marj,-3.921831308434918e-16,0.0027143257396549407,-1.4448639126612277e-13,optimal,True
BSU27810,Mars_bakim_x1.5_siki_marj,0.0027143257396561775,0.0027143257396549407,1.0000000000004556,optimal,False
BSU34140,Mars_bakim_x1.5_siki_marj,0.002714325739656606,0.0027143257396549407,1.0000000000006135,optimal,False
BSU04360,Mars_bakim_x1.5_siki_marj,0.002714325739656606,0.0027143257396549407,1.0000000000006135,optimal,False
BSU32740,Mars_bakim_x1.5_siki_marj,0.002714325739656606,0.0027143257396549407,1.0000000000006135,optimal,False
BSU35750,Mars_bakim_x1.5_siki_marj,-7.84366261686984e-17,0.0027143257396549407,-2.8897278253224565e-14,optimal,True
BSU09130,Mars_bakim_x1.5_siki_marj,0.0027143257396558492,0.0027143257396549407,1.0000000000003346,optimal,False
BSU27010,Mars_bakim_x1.5_siki_marj,0.0027143257396580953,0.0027143257396549407,1.0000000000011622,optimal,False
BSU10270,Mars_bakim_x1.5_siki_marj,0.0027143257396580953,0.0027143257396549407,1.0000000000011622,optimal,False
BSU01680,Mars_bakim_x1.5_siki_marj,0.0027143257396580953,0.0027143257396549407,1.0000000000011622,optimal,False
BSU26690,Mars_bakim_x1.5_siki_marj,0.0027143257396580953,0.0027143257396549407,1.0000000000011622,optimal,False
BSU31060,Mars_bakim_x1.5_siki_marj,0.0027143257396580953,0.0027143257396549407,1.0000000000011622,optimal,False
BSU30800,Mars_bakim_x1.5_siki_marj,-3.921831308434918e-16,0.0027143257396549407,-1.4448639126612277e-13,optimal,True
BSU12010,Mars_bakim_x1.5_siki_marj,0.002714325739654578,0.0027143257396549407,0.9999999999998664,optimal,False
BSU31660,Mars_bakim_x1.5_siki_marj,0.002714325739656606,0.0027143257396549407,1.0000000000006135,optimal,False
BSU36800,Mars_bakim_x1.5_siki_marj,,0.0027143257396549407,,infeasible,False
BSU28470,Mars_bakim_x1.5_siki_marj,0.0027143257396565596,0.0027143257396549407,1.0000000000005964,optimal,False
BG12900,Mars_bakim_x1.5_siki_marj,7.558282521676127e-17,0.0027143257396549407,2.7845893406430195e-14,optimal,True
BSU15900,Mars_bakim_x1.5_siki_marj,0.0,0.0027143257396549407,0.0,optimal,True
BSU24170,Mars_bakim_x1.5_siki_marj,0.002710164243907843,0.0027143257396549407,0.9984668399645995,optimal,False
BSU39050,Mars_bakim_x1.5_siki_marj,0.002714325739656528,0.0027143257396549407,1.0000000000005849,optimal,False
BSU31630,Mars_bakim_x1.5_siki_marj,0.0027143257396529978,0.0027143257396549407,0.9999999999992842,optimal,False
BSU29140,Mars_bakim_x1.5_siki_marj,0.0027143257396529978,0.0027143257396549407,0.9999999999992842,optimal,False
BSU37790,Mars_bakim_x1.5_siki_marj,0.0027143257396529978,0.0027143257396549407,0.9999999999992842,optimal,False
BSU24070,Mars_bakim_x1.5_siki_marj,0.0027143257396529978,0.0027143257396549407,0.9999999999992842,optimal,False
BSU17000,Mars_bakim_x1.5_siki_marj,0.0027143257396529978,0.0027143257396549407,0.9999999999992842,optimal,False
BSU30280,Mars_bakim_x1.5_siki_marj,0.0027143257396529978,0.0027143257396549407,0.9999999999992842,optimal,False
BSU13590,Mars_bakim_x1.5_siki_marj,0.0027143257396529978,0.0027143257396549407,0.9999999999992842,optimal,False
BSU26860,Mars_bakim_x1.5_siki_marj,0.0027143257396529978,0.0027143257396549407,0.9999999999992842,optimal,False
BSU32450,Mars_bakim_x1.5_siki_marj,0.0027143257396529978,0.0027143257396549407,0.9999999999992842,optimal,False
BSU24970,Mars_bakim_x1.5_siki_marj,0.0027143257396529978,0.0027143257396549407,0.9999999999992842,optimal,False
BSU33930,Mars_bakim_x1.5_siki_marj,,0.0027143257396549407,,infeasible,False
BSU39260,Mars_bakim_x1.5_siki_marj,0.002714325739655766,0.0027143257396549407,1.000000000000304,optimal,False
BSU30070,Mars_bakim_x1.5_siki_marj,0.0027143257396574035,0.0027143257396549407,1.0000000000009073,optimal,False
BSU15630,Mars_bakim_x1.5_siki_marj,0.0027143257396574035,0.0027143257396549407,1.0000000000009073,optimal,False
BSU30970,Mars_bakim_x1.5_siki_marj,0.0027143257396574035,0.0027143257396549407,1.0000000000009073,optimal,False
BSU08000,Mars_bakim_x1.5_siki_marj,0.0027143257396574035,0.0027143257396549407,1.0000000000009073,optimal,False
BSU38520,Mars_bakim_x1.5_siki_marj,3.312277103944935e-17,0.0027143257396549407,1.2202946225481429e-14,optimal,True
BSU39980,Mars_bakim_x1.5_siki_marj,0.002714325739655567,0.0027143257396549407,1.0000000000002307,optimal,False
BSU28680,Mars_bakim_x1.5_siki_marj,0.00271432573965712,0.0027143257396549407,1.000000000000803,optimal,False
BSU35920,Mars_bakim_x1.5_siki_marj,0.00271432573965712,0.0027143257396549407,1.000000000000803,optimal,False
BSU30450,Mars_bakim_x1.5_siki_marj,0.00271432573965712,0.0027143257396549407,1.000000000000803,optimal,False
BSU12330,Mars_bakim_x1.5_siki_marj,0.00271432573965712,0.0027143257396549407,1.000000000000803,optimal,False
BSU00900,Mars_bakim_x1.5_siki_marj,3.093422388219587e-17,0.0027143257396549407,1.1396651267849817e-14,optimal,True
BSU04740,Mars_bakim_x1.5_siki_marj,-8.71184316754536e-15,0.0027143257396549407,-3.2095791010893387e-12,optimal,True
BSU07830,Mars_bakim_x1.5_siki_marj,0.0027143257396580055,0.0027143257396549407,1.000000000001129,optimal,False
BSU36590,Mars_bakim_x1.5_siki_marj,0.002714325739655459,0.0027143257396549407,1.000000000000191,optimal,False
BSU36130,Mars_bakim_x1.5_siki_marj,0.002714325739655459,0.0027143257396549407,1.000000000000191,optimal,False
BSU27060,Mars_bakim_x1.5_siki_marj,0.002714325739655459,0.0027143257396549407,1.000000000000191,optimal,False
BSU31050,Mars_bakim_x1.5_siki_marj,0.002714325739655459,0.0027143257396549407,1.000000000000191,optimal,False
BSU03600,Mars_bakim_x1.5_siki_marj,0.002714325739655459,0.0027143257396549407,1.000000000000191,optimal,False
BSU40320,Mars_bakim_x1.5_siki_marj,0.002714325739655459,0.0027143257396549407,1.000000000000191,optimal,False
BSU31322,Mars_bakim_x1.5_siki_marj,0.002711041377968005,0.0027143257396549407,0.9987899898531142,optimal,False
BSU31090,Mars_bakim_x1.5_siki_marj,0.0027143257396563124,0.0027143257396549407,1.0000000000005054,optimal,False
BSU03330,Mars_bakim_x1.5_siki_marj,0.0027143257396549884,0.0027143257396549407,1.0000000000000175,optimal,False
BSU00140,Mars_bakim_x1.5_siki_marj,0.0027143257396549884,0.0027143257396549407,1.0000000000000175,optimal,False
BSU33380,Mars_bakim_x1.5_siki_marj,0.0027143257396549884,0.0027143257396549407,1.0000000000000175,optimal,False
BSU39760,Mars_bakim_x1.5_siki_marj,0.0027143257396549884,0.0027143257396549407,1.0000000000000175,optimal,False
BSU10010,Mars_bakim_x1.5_siki_marj,0.0027143257396549884,0.0027143257396549407,1.0000000000000175,optimal,False
BSU25500,Mars_bakim_x1.5_siki_marj,0.0027143257396549884,0.0027143257396549407,1.0000000000000175,optimal,False
BSU34860,Mars_bakim_x1.5_siki_marj,-1.864702883425947e-17,0.0027143257396549407,-6.869856687366483e-15,optimal,True
BSU23570,Mars_bakim_x1.5_siki_marj,0.0027143257396556584,0.0027143257396549407,1.0000000000002645,optimal,False
BSU12940,Mars_bakim_x1.5_siki_marj,0.0027143257396532233,0.0027143257396549407,0.9999999999993673,optimal,False
BSU09300,Mars_bakim_x1.5_siki_marj,0.0027143257396532233,0.0027143257396549407,0.9999999999993673,optimal,False
BSU31980,Mars_bakim_x1.5_siki_marj,0.0027143257396532233,0.0027143257396549407,0.9999999999993673,optimal,False
BSU34570,Mars_bakim_x1.5_siki_marj,0.0027143257396532233,0.0027143257396549407,0.9999999999993673,optimal,False
BSU07490,Mars_bakim_x1.5_siki_marj,0.0027143257396532233,0.0027143257396549407,0.9999999999993673,optimal,False
BSU35690,Mars_bakim_x1.5_siki_marj,-1.2373689552878353e-16,0.0027143257396549407,-4.5586605071399287e-14,optimal,True
BSU14590,Mars_bakim_x1.5_siki_marj,,0.0027143257396549407,,infeasible,False
BSU13130,Mars_bakim_x1.5_siki_marj,0.002714325739655204,0.0027143257396549407,1.000000000000097,optimal,False
BSU36710,Mars_bakim_x1.5_siki_marj,0.0027143073313463943,0.0027143257396549407,0.9999932180915955,optimal,False
BSU12840,Mars_bakim_x1.5_siki_marj,0.0027001097373223776,0.0027143257396549407,0.994762602688073,optimal,False
BSU36880,Mars_bakim_x1.5_siki_marj,,0.0027143257396549407,,infeasible,False
BSU34550,Mars_bakim_x1.5_siki_marj,0.002714325739659255,0.0027143257396549407,1.0000000000015894,optimal,False
BSU39270,Mars_bakim_x1.5_siki_marj,0.0027143257396574083,0.0027143257396549407,1.000000000000909,optimal,False
BSU24310,Mars_bakim_x1.5_siki_marj,4.185438568145628e-14,0.0027143257396549407,1.541980944659097e-11,optimal,True
BSU34890,Mars_bakim_x1.5_siki_marj,0.002714325739654583,0.0027143257396549407,0.9999999999998682,optimal,False
BSU17150,Mars_bakim_x1.5_siki_marj,0.0027143257396533777,0.0027143257396549407,0.9999999999994241,optimal,False
BSU11880,Mars_bakim_x1.5_siki_marj,0.0027143257396533777,0.0027143257396549407,0.9999999999994241,optimal,False
BSU19580,Mars_bakim_x1.5_siki_marj,0.0027143257396533777,0.0027143257396549407,0.9999999999994241,optimal,False
BSU12930,Mars_bakim_x1.5_siki_marj,0.0027143257396533777,0.0027143257396549407,0.9999999999994241,optimal,False
BSU21690,Mars_bakim_x1.5_siki_marj,0.0027143257396533777,0.0027143257396549407,0.9999999999994241,optimal,False
BSU08830,Mars_bakim_x1.5_siki_marj,0.0027143257396533777,0.0027143257396549407,0.9999999999994241,optimal,False
BSU23260,Mars_bakim_x1.5_siki_marj,0.0027143257396533777,0.0027143257396549407,0.9999999999994241,optimal,False
BSU26810,Mars_bakim_x1.5_siki_marj,0.0027143257396533777,0.0027143257396549407,0.9999999999994241,optimal,False
BSU33810,Mars_bakim_x1.5_siki_marj,0.0027143257396533777,0.0027143257396549407,0.9999999999994241,optimal,False
BSU03830,Mars_bakim_x1.5_siki_marj,0.0027143257396533777,0.0027143257396549407,0.9999999999994241,optimal,False
BSU36760,Mars_bakim_x1.5_siki_marj,0.0027143257396533777,0.0027143257396549407,0.9999999999994241,optimal,False
BSU03590,Mars_bakim_x1.5_siki_marj,0.0027143257396533777,0.0027143257396549407,0.9999999999994241,optimal,False
BSU27850,Mars_bakim_x1.5_siki_marj,4.531863798741695e-14,0.0027143257396549407,1.6696094107399982e-11,optimal,True
BSU30300,Mars_bakim_x1.5_siki_marj,0.0027143257396559247,0.0027143257396549407,1.0000000000003626,optimal,False
BSU24050,Mars_bakim_x1.5_siki_marj,-5.831332053048142e-17,0.0027143257396549407,-2.14835381319762e-14,optimal,True
BSU08060,Mars_bakim_x1.5_siki_marj,0.0027143257396554732,0.0027143257396549407,1.0000000000001963,optimal,False
BSU22090,Mars_bakim_x1.5_siki_marj,0.002714325739656688,0.0027143257396549407,1.0000000000006437,optimal,False
BSU34910,Mars_bakim_x1.5_siki_marj,0.0,0.0027143257396549407,0.0,optimal,True
BSU39730,Mars_bakim_x1.5_siki_marj,0.0027143257396557113,0.0027143257396549407,1.000000000000284,optimal,False
BSU11870,Mars_bakim_x1.5_siki_marj,-1.564729465775521e-17,0.0027143257396549407,-5.764707761178427e-15,optimal,True
BSU38590,Mars_bakim_x1.5_siki_marj,0.0027143257396548205,0.0027143257396549407,0.9999999999999557,optimal,False
BSU00780,Mars_bakim_x1.5_siki_marj,1.509947358711354e-14,0.0027143257396549407,5.562881921840768e-12,optimal,True
BSU06440,Mars_bakim_x1.5_siki_marj,-1.7403845739195184e-14,0.0027143257396549407,-6.4118486167425334e-12,optimal,True
BSU28120,Mars_bakim_x1.5_siki_marj,0.0027143257396560357,0.0027143257396549407,1.0000000000004035,optimal,False
BSU08860,Mars_bakim_x1.5_siki_marj,0.002714325739654701,0.0027143257396549407,0.9999999999999116,optimal,False
BSU29600,Mars_bakim_x1.5_siki_marj,0.002714325739654701,0.0027143257396549407,0.9999999999999116,optimal,False
BSU18830,Mars_bakim_x1.5_siki_marj,0.002714325739654701,0.0027143257396549407,0.9999999999999116,optimal,False
BSU13730,Mars_bakim_x1.5_siki_marj,0.002714325739654701,0.0027143257396549407,0.9999999999999116,optimal,False
BSU12080,Mars_bakim_x1.5_siki_marj,0.002714325739654701,0.0027143257396549407,0.9999999999999116,optimal,False
BSU35540,Mars_bakim_x1.5_siki_marj,0.002714325739654701,0.0027143257396549407,0.9999999999999116,optimal,False
BSU33160,Mars_bakim_x1.5_siki_marj,0.002714325739654701,0.0027143257396549407,0.9999999999999116,optimal,False
BSU30740,Mars_bakim_x1.5_siki_marj,0.002714325739654701,0.0027143257396549407,0.9999999999999116,optimal,False
BSU39420,Mars_bakim_x1.5_siki_marj,0.0027138472605644144,0.0027143257396549407,0.999823720829252,optimal,False
BSU00760,Mars_bakim_x1.5_siki_marj,-1.1880488019290424e-14,0.0027143257396549407,-4.376957358404866e-12,optimal,True
BSU18220,Mars_bakim_x1.5_siki_marj,0.002714325739656477,0.0027143257396549407,1.000000000000566,optimal,False
BSU16670,Mars_bakim_x1.5_siki_marj,0.0027143257396560648,0.0027143257396549407,1.0000000000004141,optimal,False
BSU22870,Mars_bakim_x1.5_siki_marj,0.0027143257396560648,0.0027143257396549407,1.0000000000004141,optimal,False
BSU22100,Mars_bakim_x1.5_siki_marj,0.0027143257396560648,0.0027143257396549407,1.0000000000004141,optimal,False
BSU22780,Mars_bakim_x1.5_siki_marj,-4.751455746928114e-17,0.0027143257396549407,-1.7505105144573194e-14,optimal,True
BSU03130,Mars_bakim_x1.5_siki_marj,-3.200626760562162e-14,0.0027143257396549407,-1.1791608920781346e-11,optimal,True
BSU07810,Mars_bakim_x1.5_siki_marj,0.0027143257396566576,0.0027143257396549407,1.0000000000006326,optimal,False
BSU31990,Mars_bakim_x1.5_siki_marj,0.0027143257396543574,0.0027143257396549407,0.9999999999997851,optimal,False
BSU15600,Mars_bakim_x1.5_siki_marj,0.0027143257396543574,0.0027143257396549407,0.9999999999997851,optimal,False
BSU36030,Mars_bakim_x1.5_siki_marj,0.0027143257396543574,0.0027143257396549407,0.9999999999997851,optimal,False
BSU31970,Mars_bakim_x1.5_siki_marj,0.0027143257396543574,0.0027143257396549407,0.9999999999997851,optimal,False
BSU38980,Mars_bakim_x1.5_siki_marj,0.0027143257396543574,0.0027143257396549407,0.9999999999997851,optimal,False
BSU08440,Mars_bakim_x1.5_siki_marj,0.0027143257396543574,0.0027143257396549407,0.9999999999997851,optimal,False
BSU06370,Mars_bakim_x1.5_siki_marj,0.0027143257396543574,0.0027143257396549407,0.9999999999997851,optimal,False
BSU12390,Mars_bakim_x1.5_siki_marj,0.0027143257396543574,0.0027143257396549407,0.9999999999997851,optimal,False
BSU34920,Mars_bakim_x1.5_siki_marj,-1.1682378017109121e-16,0.0027143257396549407,-4.303970539141793e-14,optimal,True
BSU33420,Mars_bakim_x1.5_siki_marj,0.002714325739655236,0.0027143257396549407,1.0000000000001088,optimal,False
BSU36510,Mars_bakim_x1.5_siki_marj,-9.608755919072255e-15,0.0027143257396549407,-3.5400157684441256e-12,optimal,True
BSU17370,Mars_bakim_x1.5_siki_marj,-2.6083863004810885e-17,0.0027143257396549407,-9.60970255844341e-15,optimal,True
BSU11650,Mars_bakim_x1.5_siki_marj,0.002714325739656274,0.0027143257396549407,1.0000000000004912,optimal,False
BSU40340,Mars_bakim_x1.5_siki_marj,0.0027143257396548834,0.0027143257396549407,0.9999999999999789,optimal,False
BSU03040,Mars_bakim_x1.5_siki_marj,0.002714325739654565,0.0027143257396549407,0.9999999999998617,optimal,False
BSU03010,Mars_bakim_x1.5_siki_marj,0.002714325739654565,0.0027143257396549407,0.9999999999998617,optimal,False
BSU23610,Mars_bakim_x1.5_siki_marj,0.002714325739654565,0.0027143257396549407,0.9999999999998617,optimal,False
BSU01620,Mars_bakim_x1.5_siki_marj,0.002714325739654565,0.0027143257396549407,0.9999999999998617,optimal,False
BSU24080,Mars_bakim_x1.5_siki_marj,0.002595326010719004,0.0027143257396549407,0.9561586410954993,optimal,False
BSU03270,Mars_bakim_x1.5_siki_marj,0.0027143257396553505,0.0027143257396549407,1.000000000000151,optimal,False
BSU19520,Mars_bakim_x1.5_siki_marj,0.002714325739654343,0.0027143257396549407,0.9999999999997798,optimal,False
BSU22430,Mars_bakim_x1.5_siki_marj,0.002714325739654343,0.0027143257396549407,0.9999999999997798,optimal,False
BSU24350,Mars_bakim_x1.5_siki_marj,6.22689059288396e-17,0.0027143257396549407,2.2940837578600847e-14,optimal,True
BSU14390,Mars_bakim_x1.5_siki_marj,0.0027143257396567357,0.0027143257396549407,1.0000000000006612,optimal,False
BSU33830,Mars_bakim_x1.5_siki_marj,0.0027143257396571615,0.0027143257396549407,1.0000000000008182,optimal,False
BSU32460,Mars_bakim_x1.5_siki_marj,0.0027143257396571615,0.0027143257396549407,1.0000000000008182,optimal,False
BSU34880,Mars_bakim_x1.5_siki_marj,8.761783512831841e-17,0.0027143257396549407,3.2279779043563447e-14,optimal,True
BSU06470,Mars_bakim_x1.5_siki_marj,-1.4894369272575843e-14,0.0027143257396549407,-5.487318288655102e-12,optimal,True
BSU28430,Mars_bakim_x1.5_siki_marj,,0.0027143257396549407,,infeasible,False
BSU35700,Mars_bakim_x1.5_siki_marj,-9.812718166103976e-31,0.0027143257396549407,-3.6151586461216036e-28,optimal,True
BSU31930,Mars_bakim_x1.5_siki_marj,0.0027143257396560704,0.0027143257396549407,1.0000000000004161,optimal,False
BSU09280,Mars_bakim_x1.5_siki_marj,0.002714325739656279,0.0027143257396549407,1.0000000000004932,optimal,False
BSU08200,Mars_bakim_x1.5_siki_marj,0.002714325739656279,0.0027143257396549407,1.0000000000004932,optimal,False
BSU36000,Mars_bakim_x1.5_siki_marj,0.0027138472605659388,0.0027143257396549407,0.9998237208298136,optimal,False
BSU33730,Mars_bakim_x1.5_siki_marj,0.002714325739658014,0.0027143257396549407,1.0000000000011324,optimal,False
BSU03810,Mars_bakim_x1.5_siki_marj,0.002714325739657044,0.0027143257396549407,1.000000000000775,optimal,False
BSU00930,Mars_bakim_x1.5_siki_marj,0.002714325739657044,0.0027143257396549407,1.000000000000775,optimal,False
BSU06660,Mars_bakim_x1.5_siki_marj,0.002714325739657044,0.0027143257396549407,1.000000000000775,optimal,False
BSU14600,Mars_bakim_x1.5_siki_marj,,0.0027143257396549407,,infeasible,False
BSU35720,Mars_bakim_x1.5_siki_marj,1.21522430464025e-30,0.0027143257396549407,4.477076155180755e-28,optimal,True
BSU14870,Mars_bakim_x1.5_siki_marj,0.0027143257396551003,0.0027143257396549407,1.0000000000000588,optimal,False
BSU33370,Mars_bakim_x1.5_siki_marj,0.0027143257396544814,0.0027143257396549407,0.9999999999998308,optimal,False
BSU19800,Mars_bakim_x1.5_siki_marj,0.0027143257396544814,0.0027143257396549407,0.9999999999998308,optimal,False
BSU24150,Mars_bakim_x1.5_siki_marj,0.0027143257396544814,0.0027143257396549407,0.9999999999998308,optimal,False
BSU23850,Mars_bakim_x1.5_siki_marj,0.0027143257396544814,0.0027143257396549407,0.9999999999998308,optimal,False
BSU10130,Mars_bakim_x1.5_siki_marj,0.0027143257396544814,0.0027143257396549407,0.9999999999998308,optimal,False
BSU23270,Mars_bakim_x1.5_siki_marj,0.0027143257396544814,0.0027143257396549407,0.9999999999998308,optimal,False
BSU29350,Mars_bakim_x1.5_siki_marj,0.0027143257396544814,0.0027143257396549407,0.9999999999998308,optimal,False
BSU36830,Mars_bakim_x1.5_siki_marj,,0.0027143257396549407,,infeasible,False
BSU08820,Mars_bakim_x1.5_siki_marj,0.0027143257396578164,0.0027143257396549407,1.0000000000010594,optimal,False
BSU05810,Mars_bakim_x1.5_siki_marj,0.002714325739656137,0.0027143257396549407,1.0000000000004408,optimal,False
BSU00150,Mars_bakim_x1.5_siki_marj,0.0027138373568737434,0.0027143257396549407,0.9998200721549141,optimal,False
BSU12960,Mars_bakim_x1.5_siki_marj,0.002714325739654548,0.0027143257396549407,0.9999999999998554,optimal,False
BSU02460,Mars_bakim_x1.5_siki_marj,0.0027143257396539076,0.0027143257396549407,0.9999999999996194,optimal,False
BSU11200,Mars_bakim_x1.5_siki_marj,-3.7771939770536846e-17,0.0027143257396549407,-1.391577260558956e-14,optimal,True
BSU35940,Mars_bakim_x1.5_siki_marj,0.0027143257396559243,0.0027143257396549407,1.0000000000003624,optimal,False
BSU10170,Mars_bakim_x1.5_siki_marj,0.002714325739656021,0.0027143257396549407,1.000000000000398,optimal,False
BSU11340,Mars_bakim_x1.5_siki_marj,-2.095164799203364e-17,0.0027143257396549407,-7.71891438302358e-15,optimal,True
BSU37490,Mars_bakim_x1.5_siki_marj,0.0027143257396545556,0.0027143257396549407,0.9999999999998581,optimal,False
BSU25020,Mars_bakim_x1.5_siki_marj,0.0027143257396573988,0.0027143257396549407,1.0000000000009055,optimal,False
BSU24120,Mars_bakim_x1.5_siki_marj,0.0027143257396573988,0.0027143257396549407,1.0000000000009055,optimal,False
BSU38040,Mars_bakim_x1.5_siki_marj,0.0027143257396573988,0.0027143257396549407,1.0000000000009055,optimal,False
BSU38390,Mars_bakim_x1.5_siki_marj,0.0027143257396573988,0.0027143257396549407,1.0000000000009055,optimal,False
BSU21900,Mars_bakim_x1.5_siki_marj,0.0027143257396573988,0.0027143257396549407,1.0000000000009055,optimal,False
BSU13550,Mars_bakim_x1.5_siki_marj,0.0027143257396573988,0.0027143257396549407,1.0000000000009055,optimal,False
BSU35680,Mars_bakim_x1.5_siki_marj,-1.2957948714496454e-16,0.0027143257396549407,-4.7739107083528364e-14,optimal,True
BSU33820,Mars_bakim_x1.5_siki_marj,0.0027143257396559047,0.0027143257396549407,1.0000000000003553,optimal,False
BSU15580,Mars_bakim_x1.5_siki_marj,0.0027143257396578533,0.0027143257396549407,1.0000000000010731,optimal,False
BSU02290,Mars_bakim_x1.5_siki_marj,1.357183689540047e-16,0.0027143257396549407,5.000076703073152e-14,optimal,True
BSU36810,Mars_bakim_x1.5_siki_marj,,0.0027143257396549407,,infeasible,False
BSU25710,Mars_bakim_x1.5_siki_marj,0.0027143257396551436,0.0027143257396549407,1.0000000000000748,optimal,False
BSU39360,Mars_bakim_x1.5_siki_marj,0.002714325739655222,0.0027143257396549407,1.0000000000001037,optimal,False
BSU31750,Mars_bakim_x1.5_siki_marj,0.002714325739655222,0.0027143257396549407,1.0000000000001037,optimal,False
BSU17600,Mars_bakim_x1.5_siki_marj,0.002714325739655222,0.0027143257396549407,1.0000000000001037,optimal,False
BSU28510,Mars_bakim_x1.5_siki_marj,0.002714325739655222,0.0027143257396549407,1.0000000000001037,optimal,False
BSU28750,Mars_bakim_x1.5_siki_marj,0.002714325739655222,0.0027143257396549407,1.0000000000001037,optimal,False
BSU11230,Mars_bakim_x1.5_siki_marj,0.002714325739655222,0.0027143257396549407,1.0000000000001037,optimal,False
BSU04560,Mars_bakim_x1.5_siki_marj,-1.166266410609628e-16,0.0027143257396549407,-4.296707626395238e-14,optimal,True
BSU09530,Mars_bakim_x1.5_siki_marj,0.002714325739655482,0.0027143257396549407,1.0000000000001994,optimal,False
BSU00270,Mars_bakim_x1.5_siki_marj,0.002714325739654418,0.0027143257396549407,0.9999999999998075,optimal,False
BSU08790,Mars_bakim_x1.5_siki_marj,0.002714325739654418,0.0027143257396549407,0.9999999999998075,optimal,False
BSU13300,Mars_bakim_x1.5_siki_marj,0.002714325739654418,0.0027143257396549407,0.9999999999998075,optimal,False
BSU27860,Mars_bakim_x1.5_siki_marj,7.772544874208381e-15,0.0027143257396549407,2.8635269380735664e-12,optimal,True
BSU25580,Mars_bakim_x1.5_siki_marj,0.0027143257396559316,0.0027143257396549407,1.000000000000365,optimal,False
BSU18000,Mars_bakim_x1.5_siki_marj,,0.0027143257396549407,,infeasible,False
BSU10220,Mars_bakim_x1.5_siki_marj,0.0027143257396548574,0.0027143257396549407,0.9999999999999694,optimal,False
BSU24950,Mars_bakim_x1.5_siki_marj,0.0027143257396541826,0.0027143257396549407,0.9999999999997207,optimal,False
BSU31180,Mars_bakim_x1.5_siki_marj,0.0027143257396541826,0.0027143257396549407,0.9999999999997207,optimal,False
BSU14180,Mars_bakim_x1.5_siki_marj,1.4602972521386402e-16,0.0027143257396549407,5.3799631739272413e-14,optimal,True
BSU29710,Mars_bakim_x1.5_siki_marj,0.002714325739657163,0.0027143257396549407,1.0000000000008187,optimal,False
BSU20020,Mars_bakim_x1.5_siki_marj,0.002714325739656286,0.0027143257396549407,1.0000000000004956,optimal,False
BSU03300,Mars_bakim_x1.5_siki_marj,0.002714325739656286,0.0027143257396549407,1.0000000000004956,optimal,False
BSU31760,Mars_bakim_x1.5_siki_marj,0.002714325739656286,0.0027143257396549407,1.0000000000004956,optimal,False
BSU01580,Mars_bakim_x1.5_siki_marj,0.002714325739656286,0.0027143257396549407,1.0000000000004956,optimal,False
BSU24960,Mars_bakim_x1.5_siki_marj,0.002714325739656286,0.0027143257396549407,1.0000000000004956,optimal,False
BSU22140,Mars_bakim_x1.5_siki_marj,0.002714325739656286,0.0027143257396549407,1.0000000000004956,optimal,False
BSU27270,Mars_bakim_x1.5_siki_marj,0.002714325739656286,0.0027143257396549407,1.0000000000004956,optimal,False
BSU00730,Mars_bakim_x1.5_siki_marj,0.002714325739656286,0.0027143257396549407,1.0000000000004956,optimal,False
BSU22670,Mars_bakim_x1.5_siki_marj,-7.055191866650835e-17,0.0027143257396549407,-2.599242885103292e-14,optimal,True
BSU15110,Mars_bakim_x1.5_siki_marj,0.0027143257396559026,0.0027143257396549407,1.0000000000003544,optimal,False
BSU35930,Mars_bakim_x1.5_siki_marj,0.002714325739655068,0.0027143257396549407,1.000000000000047,optimal,False
BSU06310,Mars_bakim_x1.5_siki_marj,0.002714325739655068,0.0027143257396549407,1.000000000000047,optimal,False
BSU35960,Mars_bakim_x1.5_siki_marj,0.002714325739655068,0.0027143257396549407,1.000000000000047,optimal,False
BSU38510,Mars_bakim_x1.5_siki_marj,-1.991841716386807e-17,0.0027143257396549407,-7.338256006959653e-15,optimal,True
BSU38280,Mars_bakim_x1.5_siki_marj,0.0027142936160600255,0.0027143257396549407,0.9999881651658657,optimal,False
BSU03320,Mars_bakim_x1.5_siki_marj,0.0027143257396551137,0.0027143257396549407,1.0000000000000637,optimal,False
BSU32000,Mars_bakim_x1.5_siki_marj,0.0027143257396555673,0.0027143257396549407,1.000000000000231,optimal,False
BSU10120,Mars_bakim_x1.5_siki_marj,0.0027143257396555673,0.0027143257396549407,1.000000000000231,optimal,False
BSU05740,Mars_bakim_x1.5_siki_marj,0.0027143257396555673,0.0027143257396549407,1.000000000000231,optimal,False
BSU27430,Mars_bakim_x1.5_siki_marj,0.0027143257396555673,0.0027143257396549407,1.000000000000231,optimal,False
BSU07840,Mars_bakim_x1.5_siki_marj,0.0027143108789059013,0.0027143257396549407,0.9999945250679304,optimal,False
BSU01630,Mars_bakim_x1.5_siki_marj,0.0027143257396567825,0.0027143257396549407,1.0000000000006786,optimal,False
BSU31150,Mars_bakim_x1.5_siki_marj,7.035015423834255e-17,0.0027143257396549407,2.591809568415537e-14,optimal,True
BSU36650,Mars_bakim_x1.5_siki_marj,0.0027143257396559034,0.0027143257396549407,1.0000000000003546,optimal,False
BSU19360,Mars_bakim_x1.5_siki_marj,,0.0027143257396549407,,infeasible,False
BSU02270,Mars_bakim_x1.5_siki_marj,-3.7300421426764815e-30,0.0027143257396549407,-1.3742057882672047e-27,optimal,True
BSU38190,Mars_bakim_x1.5_siki_marj,0.0027143257396561476,0.0027143257396549407,1.0000000000004448,optimal,False
BSU11330,Mars_bakim_x1.5_siki_marj,0.0027143257396543595,0.0027143257396549407,0.999999999999786,optimal,False
BSU22110,Mars_bakim_x1.5_siki_marj,0.0027143257396543595,0.0027143257396549407,0.999999999999786,optimal,False
BSU31640,Mars_bakim_x1.5_siki_marj,0.0027143257396543595,0.0027143257396549407,0.999999999999786,optimal,False
BSU03820,Mars_bakim_x1.5_siki_marj,0.0027143257396543595,0.0027143257396549407,0.999999999999786,optimal,False
BSU39350,Mars_bakim_x1.5_siki_marj,0.0027143257396543595,0.0027143257396549407,0.999999999999786,optimal,False
BSU23070,Mars_bakim_x1.5_siki_marj,-1.4367449435559686e-14,0.0027143257396549407,-5.293192790260373e-12,optimal,True
BSU39780,Mars_bakim_x1.5_siki_marj,0.0027143257396569183,0.0027143257396549407,1.0000000000007285,optimal,False
BSU27220,Mars_bakim_x1.5_siki_marj,0.0027143257396560596,0.0027143257396549407,1.0000000000004121,optimal,False
BSU11670,Mars_bakim_x1.5_siki_marj,0.0027143257396560596,0.0027143257396549407,1.0000000000004121,optimal,False
BSU30440,Mars_bakim_x1.5_siki_marj,0.0027143257396560596,0.0027143257396549407,1.0000000000004121,optimal,False
BSU33910,Mars_bakim_x1.5_siki_marj,,0.0027143257396549407,,infeasible,False
BSU24990,Mars_bakim_x1.5_siki_marj,0.002714325739654675,0.0027143257396549407,0.9999999999999021,optimal,False
BSU00740,Mars_bakim_x1.5_siki_marj,0.0,0.0027143257396549407,0.0,optimal,True
BSU28300,Mars_bakim_x1.5_siki_marj,0.002714325739655598,0.0027143257396549407,1.0000000000002423,optimal,False
BSU39860,Mars_bakim_x1.5_siki_marj,0.0027143257396566776,0.0027143257396549407,1.00000000000064,optimal,False
BSU39450,Mars_bakim_x1.5_siki_marj,0.0027143257396566776,0.0027143257396549407,1.00000000000064,optimal,False
BSU13170,Mars_bakim_x1.5_siki_marj,0.0027143257396566776,0.0027143257396549407,1.00000000000064,optimal,False
BSU29200,Mars_bakim_x1.5_siki_marj,2.431089241742174e-17,0.0027143257396549407,8.9565125004165e-15,optimal,True
BSU26650,Mars_bakim_x1.5_siki_marj,0.002714325739654958,0.0027143257396549407,1.0000000000000064,optimal,False
BSU00120,Mars_bakim_x1.5_siki_marj,0.0027143257396548414,0.0027143257396549407,0.9999999999999634,optimal,False
BSU23800,Mars_bakim_x1.5_siki_marj,0.0027143257396548414,0.0027143257396549407,0.9999999999999634,optimal,False
BSU18450,Mars_bakim_x1.5_siki_marj,0.0027143257396548414,0.0027143257396549407,0.9999999999999634,optimal,False
BSU32130,Mars_bakim_x1.5_siki_marj,0.0027143257396548414,0.0027143257396549407,0.9999999999999634,optimal,False
BSU32500,Mars_bakim_x1.5_siki_marj,0.0027143257396548414,0.0027143257396549407,0.9999999999999634,optimal,False
BSU23250,Mars_bakim_x1.5_siki_marj,0.0027143257396548414,0.0027143257396549407,0.9999999999999634,optimal,False
BSU08080,Mars_bakim_x1.5_siki_marj,0.0027143257396548414,0.0027143257396549407,0.9999999999999634,optimal,False
BSU30820,Mars_bakim_x1.5_siki_marj,5.975622487064768e-17,0.0027143257396549407,2.2015126628922658e-14,optimal,True
BSU04570,Mars_bakim_x1.5_siki_marj,0.0,0.0027143257396549407,0.0,optimal,True
BSU11610,Mars_bakim_x1.5_siki_marj,2.2208834361393335e-13,0.0027143257396549407,8.182081478627778e-11,optimal,True
BSU00770,Mars_bakim_x1.5_siki_marj,0.0,0.0027143257396549407,0.0,optimal,True
BSU23760,Mars_bakim_x1.5_siki_marj,0.002714325739655816,0.0027143257396549407,1.0000000000003224,optimal,False
BSU22600,Mars_bakim_x1.5_siki_marj,-3.68743909551609e-17,0.0027143257396549407,-1.3585101602377528e-14,optimal,True
BSU15590,Mars_bakim_x1.5_siki_marj,-6.6310965881590136e-18,0.0027143257396549407,-2.442999560178799e-15,optimal,True
BSU25640,Mars_bakim_x1.5_siki_marj,5.3445124854792085e-14,0.0027143257396549407,1.969001880429661e-11,optimal,True
BSU33490,Mars_bakim_x1.5_siki_marj,0.0027143257396553206,0.0027143257396549407,1.0000000000001399,optimal,False
BSU38770,Mars_bakim_x1.5_siki_marj,0.0027143257396554242,0.0027143257396549407,1.000000000000178,optimal,False
BSU11240,Mars_bakim_x1.5_siki_marj,0.0027143257396554242,0.0027143257396549407,1.000000000000178,optimal,False
BSU22370,Mars_bakim_x1.5_siki_marj,-2.037816098996324e-15,0.0027143257396549407,-7.507632813648158e-13,optimal,True
BSU15190,Mars_bakim_x1.5_siki_marj,6.26780883283703e-17,0.0027143257396549407,2.3091586765978304e-14,optimal,True
BSU14580,Mars_bakim_x1.5_siki_marj,,0.0027143257396549407,,infeasible,False
BSU29680,Mars_bakim_x1.5_siki_marj,0.002714325739651332,0.0027143257396549407,0.9999999999986705,optimal,False
BSU40040,Mars_bakim_x1.5_siki_marj,0.0027143257396534605,0.0027143257396549407,0.9999999999994547,optimal,False
BSU23490,Mars_bakim_x1.5_siki_marj,0.0027143257396534605,0.0027143257396549407,0.9999999999994547,optimal,False
BSU28260,Mars_bakim_x1.5_siki_marj,7.631851814391185e-17,0.0027143257396549407,2.811693417224635e-14,optimal,True
BSU14910,Mars_bakim_x1.5_siki_marj,,0.0027143257396549407,,infeasible,False
BSU24060,Mars_bakim_x1.5_siki_marj,2.931236775676638e-31,0.0027143257396549407,1.0799134138002435e-28,optimal,True
BSU34150,Mars_bakim_x1.5_siki_marj,0.00271432573965602,0.0027143257396549407,1.0000000000003977,optimal,False
BSU17390,Mars_bakim_x1.5_siki_marj,4.967903539556526e-17,0.0027143257396549407,1.8302532621556587e-14,optimal,True
BSU00280,Mars_bakim_x1.5_siki_marj,0.0,0.0027143257396549407,0.0,optimal,True
BSU39390,Mars_bakim_x1.5_siki_marj,0.0027143257396555387,0.0027143257396549407,1.0000000000002203,optimal,False
BSU06460,Mars_bakim_x1.5_siki_marj,1.7007118754072505e-14,0.0027143257396549407,6.265688198585384e-12,optimal,True
BSU16760,Mars_bakim_x1.5_siki_marj,0.002714325739652727,0.0027143257396549407,0.9999999999991845,optimal,False
BSU06990,Mars_bakim_x1.5_siki_marj,0.002714325739653143,0.0027143257396549407,0.9999999999993378,optimal,False
BSU28130,Mars_bakim_x1.5_siki_marj,0.002714325739653143,0.0027143257396549407,0.9999999999993378,optimal,False
BSU22830,Mars_bakim_x1.5_siki_marj,-1.5982990266606988e-16,0.0027143257396549407,-5.888383267013055e-14,optimal,True
BSU03800,Mars_bakim_x1.5_siki_marj,0.0027143257396562083,0.0027143257396549407,1.000000000000467,optimal,False
BSU24980,Mars_bakim_x1.5_siki_marj,0.0027143257396571993,0.0027143257396549407,1.000000000000832,optimal,False
BSU23280,Mars_bakim_x1.5_siki_marj,0.0027143257396571993,0.0027143257396549407,1.000000000000832,optimal,False
BSU35780,Mars_bakim_x1.5_siki_marj,0.0027143257396571993,0.0027143257396549407,1.000000000000832,optimal,False
BSU34610,Mars_bakim_x1.5_siki_marj,0.0027143257396571993,0.0027143257396549407,1.000000000000832,optimal,False
BSU24130,Mars_bakim_x1.5_siki_marj,0.0027143257396571993,0.0027143257396549407,1.000000000000832,optimal,False
BSU14830,Mars_bakim_x1.5_siki_marj,0.0027143257396571993,0.0027143257396549407,1.000000000000832,optimal,False
BSU24850,Mars_bakim_x1.5_siki_marj,0.0027143257396571993,0.0027143257396549407,1.000000000000832,optimal,False
BSU22410,Mars_bakim_x1.5_siki_marj,0.0027143257396571993,0.0027143257396549407,1.000000000000832,optimal,False
BSU24030,Mars_bakim_x1.5_siki_marj,-1.0942267803352563e-16,0.0027143257396549407,-4.031302375942396e-14,optimal,True
BSU06480,Mars_bakim_x1.5_siki_marj,-9.326103979621707e-15,0.0027143257396549407,-3.435882378954005e-12,optimal,True
BSU28250,Mars_bakim_x1.5_siki_marj,8.718261434010947e-17,0.0027143257396549407,3.2119436907079765e-14,optimal,True
BSU38140,Mars_bakim_x1.5_siki_marj,0.002714325739655403,0.0027143257396549407,1.0000000000001703,optimal,False
BSU07500,Mars_bakim_x1.5_siki_marj,0.002714325739657956,0.0027143257396549407,1.000000000001111,optimal,False
BSU38160,Mars_bakim_x1.5_siki_marj,0.002714325739657956,0.0027143257396549407,1.000000000001111,optimal,False
BSU36890,Mars_bakim_x1.5_siki_marj,0.002714325739657956,0.0027143257396549407,1.000000000001111,optimal,False
BSU30560,Mars_bakim_x1.5_siki_marj,0.002714325739657956,0.0027143257396549407,1.000000000001111,optimal,False
BSU27600,Mars_bakim_x1.5_siki_marj,0.002714325739657956,0.0027143257396549407,1.000000000001111,optimal,False
BSU38060,Mars_bakim_x1.5_siki_marj,0.002714325739657956,0.0027143257396549407,1.000000000001111,optimal,False
BSU12160,Mars_bakim_x1.5_siki_marj,0.002714325739657956,0.0027143257396549407,1.000000000001111,optimal,False
BSU40060,Mars_bakim_x1.5_siki_marj,0.002714325739657956,0.0027143257396549407,1.000000000001111,optimal,False
BSU03290,Mars_bakim_x1.5_siki_marj,0.002714325739657956,0.0027143257396549407,1.000000000001111,optimal,False
BSU30410,Mars_bakim_x1.5_siki_marj,0.002714325739657956,0.0027143257396549407,1.000000000001111,optimal,False
BSU16550,Mars_bakim_x1.5_siki_marj,1.5467111941097938e-16,0.0027143257396549407,5.69832563392491e-14,optimal,True
BSU24090,Mars_bakim_x1.5_siki_marj,0.0027143257396563913,0.0027143257396549407,1.0000000000005345,optimal,False
BSU38550,Mars_bakim_x1.5_siki_marj,0.0027143257396557603,0.0027143257396549407,1.000000000000302,optimal,False
BSU15720,Mars_bakim_x1.5_siki_marj,0.0027143257396557603,0.0027143257396549407,1.000000000000302,optimal,False
BSU06520,Mars_bakim_x1.5_siki_marj,-1.020829388112464e-15,0.0027143257396549407,-3.760894918390441e-13,optimal,True
BSU16530,Mars_bakim_x1.5_siki_marj,0.002714325739655177,0.0027143257396549407,1.000000000000087,optimal,False
BSU05820,Mars_bakim_x1.5_siki_marj,0.002714325739657956,0.0027143257396549407,1.000000000001111,optimal,False
BSU09310,Mars_bakim_x1.5_siki_marj,0.002714325739657956,0.0027143257396549407,1.000000000001111,optimal,False
BSU15700,Mars_bakim_x1.5_siki_marj,0.002714325739657956,0.0027143257396549407,1.000000000001111,optimal,False
BSU30950,Mars_bakim_x1.5_siki_marj,0.002714325739657956,0.0027143257396549407,1.000000000001111,optimal,False
BSU18210,Mars_bakim_x1.5_siki_marj,0.002714325739657956,0.0027143257396549407,1.000000000001111,optimal,False
BSU04340,Mars_bakim_x1.5_siki_marj,0.002714325739657956,0.0027143257396549407,1.000000000001111,optimal,False
BSU27440,Mars_bakim_x1.5_siki_marj,0.002714325739657956,0.0027143257396549407,1.000000000001111,optimal,False
BSU15220,Mars_bakim_x1.5_siki_marj,9.280267164658763e-17,0.0027143257396549407,3.418995380354946e-14,optimal,True
BSU31400,Mars_bakim_x1.5_siki_marj,0.0,0.0027143257396549407,0.0,optimal,True
BSU34660,Mars_bakim_x1.5_siki_marj,0.0027143257396561537,0.0027143257396549407,1.000000000000447,optimal,False
BSU11210,Mars_bakim_x1.5_siki_marj,2.7840801493976296e-16,0.0027143257396549407,1.0256986141064839e-13,optimal,True
BSU02420,Mars_bakim_x1.5_siki_marj,0.0027143257396548557,0.0027143257396549407,0.9999999999999687,optimal,False
BSU22130,Mars_bakim_x1.5_siki_marj,0.0027143257396553357,0.0027143257396549407,1.0000000000001457,optimal,False
BSU33510,Mars_bakim_x1.5_siki_marj,0.0027143257396553357,0.0027143257396549407,1.0000000000001457,optimal,False
BSU39750,Mars_bakim_x1.5_siki_marj,0.0027143257396553357,0.0027143257396549407,1.0000000000001457,optimal,False
BSU07610,Mars_bakim_x1.5_siki_marj,0.0027143257396553357,0.0027143257396549407,1.0000000000001457,optimal,False
BSU29120,Mars_bakim_x1.5_siki_marj,,0.0027143257396549407,,infeasible,False
BSU03910,Mars_bakim_x1.5_siki_marj,0.0027143257396559616,0.0027143257396549407,1.0000000000003761,optimal,False
BSU22550,Mars_bakim_x1.5_siki_marj,,0.0027143257396549407,,infeasible,False
BSU36870,Mars_bakim_x1.5_siki_marj,,0.0027143257396549407,,infeasible,False
BSU34600,Mars_bakim_x1.5_siki_marj,0.002714325739655812,0.0027143257396549407,1.000000000000321,optimal,False
BSU07920,Mars_bakim_x1.5_siki_marj,0.0027143108183828486,0.0027143257396549407,0.9999945027702924,optimal,False
BSU23500,Mars_bakim_x1.5_siki_marj,0.0027138373568761404,0.0027143257396549407,0.9998200721557972,optimal,False
BSU06970,Mars_bakim_x1.5_siki_marj,0.0027143257396581343,0.0027143257396549407,1.0000000000011766,optimal,False
BSU12360,Mars_bakim_x1.5_siki_marj,0.0027143257396560704,0.0027143257396549407,1.0000000000004161,optimal,False
BSU34790,Mars_bakim_x1.5_siki_marj,0.0027143257396560704,0.0027143257396549407,1.0000000000004161,optimal,False
BSU07990,Mars_bakim_x1.5_siki_marj,0.0027143257396560704,0.0027143257396549407,1.0000000000004161,optimal,False
BSU38530,Mars_bakim_x1.5_siki_marj,-5.848085061907443e-17,0.0027143257396549407,-2.154525883341799e-14,optimal,True
BSU15020,Mars_bakim_x1.5_siki_marj,0.002714325739656338,0.0027143257396549407,1.0000000000005147,optimal,False
BSU30220,Mars_bakim_x1.5_siki_marj,0.0027143257396543058,0.0027143257396549407,0.9999999999997661,optimal,False
BSU15610,Mars_bakim_x1.5_siki_marj,0.0027143257396543058,0.0027143257396549407,0.9999999999997661,optimal,False
BSU29020,Mars_bakim_x1.5_siki_marj,0.002714325739657508,0.0027143257396549407,1.000000000000946,optimal,False
BSU24140,Mars_bakim_x1.5_siki_marj,0.0027143257396587237,0.0027143257396549407,1.0000000000013938,optimal,False
BSU37660,Mars_bakim_x1.5_siki_marj,0.0020479114338876675,0.0027143257396549407,0.7544825604269622,optimal,False
BSU39920,Mars_bakim_x1.5_siki_marj,0.0027143257396568723,0.0027143257396549407,1.0000000000007117,optimal,False
BSU12020,Mars_bakim_x1.5_siki_marj,0.002714325739658872,0.0027143257396549407,1.0000000000014484,optimal,False
BSU09240,Mars_bakim_x1.5_siki_marj,0.002714325739658872,0.0027143257396549407,1.0000000000014484,optimal,False
BSU00090,Mars_bakim_x1.5_siki_marj,0.002714325739658872,0.0027143257396549407,1.0000000000014484,optimal,False
BSU33920,Mars_bakim_x1.5_siki_marj,,0.0027143257396549407,,infeasible,False
BSU37240,Mars_bakim_x1.5_siki_marj,0.0027143257396517696,0.0027143257396549407,0.9999999999988317,optimal,False
BSU31200,Mars_bakim_x1.5_siki_marj,0.0027143257396553696,0.0027143257396549407,1.000000000000158,optimal,False
BSU15860,Mars_bakim_x1.5_siki_marj,0.0027143257396553696,0.0027143257396549407,1.000000000000158,optimal,False
BSU33700,Mars_bakim_x1.5_siki_marj,0.0027143257396553696,0.0027143257396549407,1.000000000000158,optimal,False
BSU11010,Mars_bakim_x1.5_siki_marj,-6.730559971237042e-17,0.0027143257396549407,-2.4796434241133736e-14,optimal,True
BSU09850,Mars_bakim_x1.5_siki_marj,0.002714325739655897,0.0027143257396549407,1.0000000000003524,optimal,False
BSU32410,Mars_bakim_x1.5_siki_marj,0.0027143257396585146,0.0027143257396549407,1.0000000000013167,optimal,False
BSU28170,Mars_bakim_x1.5_siki_marj,0.0027143257396585146,0.0027143257396549407,1.0000000000013167,optimal,False
BSU15620,Mars_bakim_x1.5_siki_marj,0.0027143257396585146,0.0027143257396549407,1.0000000000013167,optimal,False
BSU01370,Mars_bakim_x1.5_siki_marj,2.6183282146484034e-14,0.0027143257396549407,9.64633012315338e-12,optimal,True
BSU29700,Mars_bakim_x1.5_siki_marj,0.002714325739655096,0.0027143257396549407,1.0000000000000573,optimal,False
BSU13620,Mars_bakim_x1.5_siki_marj,0.002714325739657287,0.0027143257396549407,1.0000000000008644,optimal,False
BSU08070,Mars_bakim_x1.5_siki_marj,0.002714325739657287,0.0027143257396549407,1.0000000000008644,optimal,False
BSU38020,Mars_bakim_x1.5_siki_marj,0.002714325739657287,0.0027143257396549407,1.0000000000008644,optimal,False
BSU12300,Mars_bakim_x1.5_siki_marj,0.002714325739657287,0.0027143257396549407,1.0000000000008644,optimal,False
BSU27460,Mars_bakim_x1.5_siki_marj,0.002714325739657287,0.0027143257396549407,1.0000000000008644,optimal,False
BSU08450,Mars_bakim_x1.5_siki_marj,0.002714325739657287,0.0027143257396549407,1.0000000000008644,optimal,False
BSU39720,Mars_bakim_x1.5_siki_marj,0.002714325739657287,0.0027143257396549407,1.0000000000008644,optimal,False
BSU28800,Mars_bakim_x1.5_siki_marj,0.002714325739657287,0.0027143257396549407,1.0000000000008644,optimal,False
BSU39380,Mars_bakim_x1.5_siki_marj,0.002714325739657287,0.0027143257396549407,1.0000000000008644,optimal,False
BSU38240,Mars_bakim_x1.5_siki_marj,0.002714325739657287,0.0027143257396549407,1.0000000000008644,optimal,False
BSU02490,Mars_bakim_x1.5_siki_marj,0.002714325739657287,0.0027143257396549407,1.0000000000008644,optimal,False
BSU32200,Mars_bakim_x1.5_siki_marj,0.002714325739657287,0.0027143257396549407,1.0000000000008644,optimal,False
BSU06500,Mars_bakim_x1.5_siki_marj,7.68148799562271e-14,0.0027143257396549407,2.829980161702781e-11,optimal,True
BSU40110,Mars_bakim_x1.5_siki_marj,0.0027143257396523525,0.0027143257396549407,0.9999999999990464,optimal,False
BSU37500,Mars_bakim_x1.5_siki_marj,0.0027143257396546813,0.0027143257396549407,0.9999999999999044,optimal,False
BSU15730,Mars_bakim_x1.5_siki_marj,0.0027143257396546813,0.0027143257396549407,0.9999999999999044,optimal,False
BSU33040,Mars_bakim_x1.5_siki_marj,,0.0027143257396549407,,infeasible,False
BSU33500,Mars_bakim_x1.5_siki_marj,0.0027143257396538708,0.0027143257396549407,0.9999999999996059,optimal,False
BSU33300,Mars_bakim_x1.5_siki_marj,0.002714325739657836,0.0027143257396549407,1.0000000000010667,optimal,False
BSU30710,Mars_bakim_x1.5_siki_marj,0.002714325739657836,0.0027143257396549407,1.0000000000010667,optimal,False
BSU26600,Mars_bakim_x1.5_siki_marj,0.002714325739657836,0.0027143257396549407,1.0000000000010667,optimal,False
BSU29210,Mars_bakim_x1.5_siki_marj,-1.1808807634265596e-17,0.0027143257396549407,-4.3505491849208905e-15,optimal,True
BSU24270,Mars_bakim_x1.5_siki_marj,0.0,0.0027143257396549407,0.0,optimal,True
BSU03050,Mars_bakim_x1.5_siki_marj,0.0027143257396569104,0.0027143257396549407,1.0000000000007256,optimal,False
BSU15500,Mars_bakim_x1.5_siki_marj,0.0,0.0027143257396549407,0.0,optimal,True
BSU35620,Mars_bakim_x1.5_siki_marj,0.002714325739657845,0.0027143257396549407,1.00000000000107,optimal,False
BSU33240,Mars_bakim_x1.5_siki_marj,0.002714325739656249,0.0027143257396549407,1.000000000000482,optimal,False
BSU19690,Mars_bakim_x1.5_siki_marj,0.002714325739656249,0.0027143257396549407,1.000000000000482,optimal,False
BSU36370,Mars_bakim_x1.5_siki_marj,0.002714325739656249,0.0027143257396549407,1.000000000000482,optimal,False
BSU14670,Mars_bakim_x1.5_siki_marj,0.002714325739656249,0.0027143257396549407,1.000000000000482,optimal,False
BSU37260,Mars_bakim_x1.5_siki_marj,0.002714325739656249,0.0027143257396549407,1.000000000000482,optimal,False
BSU03930,Mars_bakim_x1.5_siki_marj,0.002714325739656249,0.0027143257396549407,1.000000000000482,optimal,False
BSU06450,Mars_bakim_x1.5_siki_marj,3.2813416081064266e-14,0.0027143257396549407,1.2088975026717199e-11,optimal,True
BSU28290,Mars_bakim_x1.5_siki_marj,0.0,0.0027143257396549407,0.0,optimal,True
BSU36860,Mars_bakim_x1.5_siki_marj,,0.0027143257396549407,,infeasible,False
BSU18570,Mars_bakim_x1.5_siki_marj,0.0027143257396557,0.0027143257396549407,1.0000000000002798,optimal,False
BSU33900,Mars_bakim_x1.5_siki_marj,,0.0027143257396549407,,infeasible,False
BSU38860,Mars_bakim_x1.5_siki_marj,0.0027143257396563644,0.0027143257396549407,1.0000000000005245,optimal,False
BSU33720,Mars_bakim_x1.5_siki_marj,0.002714325739654152,0.0027143257396549407,0.9999999999997093,optimal,False
BSU35790,Mars_bakim_x1.5_siki_marj,0.002714325739654152,0.0027143257396549407,0.9999999999997093,optimal,False
BSU03000,Mars_bakim_x1.5_siki_marj,0.002714325739654152,0.0027143257396549407,0.9999999999997093,optimal,False
BSU21920,Mars_bakim_x1.5_siki_marj,8.39217802584764e-17,0.0027143257396549407,3.091809469748645e-14,optimal,True
BSU32430,Mars_bakim_x1.5_siki_marj,0.00271432573965592,0.0027143257396549407,1.0000000000003608,optimal,False
BSU10520,Mars_bakim_x1.5_siki_marj,0.0027143257396578377,0.0027143257396549407,1.0000000000010674,optimal,False
BSU21820,Mars_bakim_x1.5_siki_marj,0.0027143257396578377,0.0027143257396549407,1.0000000000010674,optimal,False
BSU25900,Mars_bakim_x1.5_siki_marj,0.0027143257396578377,0.0027143257396549407,1.0000000000010674,optimal,False
BSU14190,Mars_bakim_x1.5_siki_marj,-1.9308821176039128e-16,0.0027143257396549407,-7.113671323211844e-14,optimal,True
BSU23380,Mars_bakim_x1.5_siki_marj,0.0,0.0027143257396549407,0.0,optimal,True
BSU22700,Mars_bakim_x1.5_siki_marj,0.0,0.0027143257396549407,0.0,optimal,True
BSU26970,Mars_bakim_x1.5_siki_marj,0.0027143257396555704,0.0027143257396549407,1.000000000000232,optimal,False
BSU17460,Mars_bakim_x1.5_siki_marj,3.196946202883871e-15,0.0027143257396549407,1.1778049171394895e-12,optimal,True
BSU15850,Mars_bakim_x1.5_siki_marj,0.002714325739649745,0.0027143257396549407,0.9999999999980859,optimal,False
BSU04620,Mars_bakim_x1.5_siki_marj,0.002714325739655074,0.0027143257396549407,1.000000000000049,optimal,False
BSU36640,Mars_bakim_x1.5_siki_marj,0.002714325739655074,0.0027143257396549407,1.000000000000049,optimal,False
BSU01610,Mars_bakim_x1.5_siki_marj,0.002714325739655074,0.0027143257396549407,1.000000000000049,optimal,False
BSU18120,Mars_bakim_x1.5_siki_marj,0.002714325739655074,0.0027143257396549407,1.000000000000049,optimal,False
BSU02510,Mars_bakim_x1.5_siki_marj,0.002714325739655074,0.0027143257396549407,1.000000000000049,optimal,False
BSU29790,Mars_bakim_x1.5_siki_marj,1.55019420240057e-16,0.0027143257396549407,5.711157580510726e-14,optimal,True
BSU25790,Mars_bakim_x1.5_siki_marj,0.0027143257396552095,0.0027143257396549407,1.000000000000099,optimal,False
BSU01770,Mars_bakim_x1.5_siki_marj,-2.471207039676977e-16,0.0027143257396549407,-9.104312734370376e-14,optimal,True
BSU00110,Mars_bakim_x1.5_siki_marj,0.0027143257396558713,0.0027143257396549407,1.0000000000003428,optimal,False
BSU18440,Mars_bakim_x1.5_siki_marj,0.002714325739659095,0.0027143257396549407,1.0000000000015306,optimal,False
BSU29690,Mars_bakim_x1.5_siki_marj,0.002714325739659095,0.0027143257396549407,1.0000000000015306,optimal,False
BSU38260,Mars_bakim_x1.5_siki_marj,0.0027142936160624936,0.0027143257396549407,0.999988165166775,optimal,False
BSU08710,Mars_bakim_x1.5_siki_marj,0.00271432573965492,0.0027143257396549407,0.9999999999999923,optimal,False
BSU02350,Mars_bakim_x1.5_siki_marj,0.002714325739659095,0.0027143257396549407,1.0000000000015306,optimal,False
BSU15520,Mars_bakim_x1.5_siki_marj,0.002714325739659095,0.0027143257396549407,1.0000000000015306,optimal,False
BSU28140,Mars_bakim_x1.5_siki_marj,0.002714325739659095,0.0027143257396549407,1.0000000000015306,optimal,False
BSU29130,Mars_bakim_x1.5_siki_marj,,0.0027143257396549407,,infeasible,False
BSU29450,Mars_bakim_x1.5_siki_marj,7.48755731164356e-31,0.0027143257396549407,2.7585330685459356e-28,optimal,True
BSU37100,Mars_bakim_x1.5_siki_marj,0.0027143257396558974,0.0027143257396549407,1.0000000000003524,optimal,False
BSU22750,Mars_bakim_x1.5_siki_marj,2.7976374967980417e-16,0.0027143257396549407,1.0306933526532788e-13,optimal,True
BSU31610,Mars_bakim_x1.5_siki_marj,0.0027143257396558982,0.0027143257396549407,1.0000000000003528,optimal,False
BSU09440,Mars_bakim_x1.5_siki_marj,0.0027143257396531756,0.0027143257396549407,0.9999999999993497,optimal,False
BSU22690,Mars_bakim_x1.5_siki_marj,0.0027143257396531756,0.0027143257396549407,0.9999999999993497,optimal,False
BSU08850,Mars_bakim_x1.5_siki_marj,0.0027143257396531756,0.0027143257396549407,0.9999999999993497,optimal,False
BSU03070,Mars_bakim_x1.5_siki_marj,0.0027143257396531756,0.0027143257396549407,0.9999999999993497,optimal,False
BSU36900,Mars_bakim_x1.5_siki_marj,-5.018170362421061e-14,0.0027143257396549407,-1.8487723448619683e-11,optimal,True
BSU27050,Mars_bakim_x1.5_siki_marj,0.0027143257396550053,0.0027143257396549407,1.0000000000000238,optimal,False
BSU21810,Mars_bakim_x1.5_siki_marj,8.37104869296308e-15,0.0027143257396549407,3.084025093475793e-12,optimal,True
BSU16770,Mars_bakim_x1.5_siki_marj,7.599170720889367e-17,0.0027143257396549407,2.799653191902978e-14,optimal,True
BSU12950,Mars_bakim_x1.5_siki_marj,0.0027143257396565015,0.0027143257396549407,1.000000000000575,optimal,False
BSU06530,Mars_bakim_x1.5_siki_marj,3.780473791143449e-15,0.0027143257396549407,1.392785595300011e-12,optimal,True
BSU02990,Mars_bakim_x1.5_siki_marj,0.0027143257396536895,0.0027143257396549407,0.999999999999539,optimal,False
BSU23920,Mars_bakim_x2.0_siki_marj,0.0027143257396565457,0.0027143257396557196,1.0000000000003044,optimal,False
BSU03150,Mars_bakim_x2.0_siki_marj,-2.7013826520038473e-17,0.0027143257396557196,-9.952315643392477e-15,optimal,True
BSU09410,Mars_bakim_x2.0_siki_marj,0.0027143257396550226,0.0027143257396557196,0.9999999999997432,optimal,False
BSU27610,Mars_bakim_x2.0_siki_marj,0.0027143257396587735,0.0027143257396557196,1.000000000001125,optimal,False
BSU32100,Mars_bakim_x2.0_siki_marj,0.0027143257396587735,0.0027143257396557196,1.000000000001125,optimal,False
BSU38500,Mars_bakim_x2.0_siki_marj,8.561199133579158e-17,0.0027143257396557196,3.154079485929734e-14,optimal,True
BSU30200,Mars_bakim_x2.0_siki_marj,0.002714325739656052,0.0027143257396557196,1.0000000000001226,optimal,False
BSU30790,Mars_bakim_x2.0_siki_marj,6.695577003578596e-17,0.0027143257396557196,2.466755152396651e-14,optimal,True
BSU28310,Mars_bakim_x2.0_siki_marj,0.002714325739654852,0.0027143257396557196,0.9999999999996805,optimal,False
BSU29440,Mars_bakim_x2.0_siki_marj,-3.737518721941284e-17,0.0027143257396557196,-1.3769602768514232e-14,optimal,True
BSU37320,Mars_bakim_x2.0_siki_marj,0.0027143257396559043,0.0027143257396557196,1.0000000000000682,optimal,False
BSU39740,Mars_bakim_x2.0_siki_marj,0.0027143257396546076,0.0027143257396557196,0.9999999999995903,optimal,False
BSU30420,Mars_bakim_x2.0_siki_marj,0.0027143257396546076,0.0027143257396557196,0.9999999999995903,optimal,False
BSU02230,Mars_bakim_x2.0_siki_marj,0.0027143257396546076,0.0027143257396557196,0.9999999999995903,optimal,False
BSU05340,Mars_bakim_x2.0_siki_marj,0.0027143257396546076,0.0027143257396557196,0.9999999999995903,optimal,False
BSU23860,Mars_bakim_x2.0_siki_marj,0.0027143257396546076,0.0027143257396557196,0.9999999999995903,optimal,False
BSU35740,Mars_bakim_x2.0_siki_marj,6.187412147326405e-17,0.0027143257396557196,2.2795392818664444e-14,optimal,True
BSU14900,Mars_bakim_x2.0_siki_marj,,0.0027143257396557196,,infeasible,False
BSU00380,Mars_bakim_x2.0_siki_marj,0.002714325739655267,0.0027143257396557196,0.9999999999998332,optimal,False
BSU22420,Mars_bakim_x2.0_siki_marj,0.002714325739654264,0.0027143257396557196,0.9999999999994638,optimal,False
BSU39060,Mars_bakim_x2.0_siki_marj,0.002714325739654264,0.0027143257396557196,0.9999999999994638,optimal,False
BSU02130,Mars_bakim_x2.0_siki_marj,0.002714325739654264,0.0027143257396557196,0.9999999999994638,optimal,False
BSU13500,Mars_bakim_x2.0_siki_marj,0.002714325739654264,0.0027143257396557196,0.9999999999994638,optimal,False
BSU34190,Mars_bakim_x2.0_siki_marj,0.002714325739654264,0.0027143257396557196,0.9999999999994638,optimal,False
BSU06430,Mars_bakim_x2.0_siki_marj,-6.77167619597411e-14,0.0027143257396557196,-2.4947912835373318e-11,optimal,True
BSU36660,Mars_bakim_x2.0_siki_marj,0.002714325739657975,0.0027143257396557196,1.000000000000831,optimal,False
BSU30940,Mars_bakim_x2.0_siki_marj,0.0027143257396565947,0.0027143257396557196,1.0000000000003224,optimal,False
BSU33800,Mars_bakim_x2.0_siki_marj,0.002714325739655838,0.0027143257396557196,1.0000000000000435,optimal,False
BSU03790,Mars_bakim_x2.0_siki_marj,0.002714325739655838,0.0027143257396557196,1.0000000000000435,optimal,False
BSU15480,Mars_bakim_x2.0_siki_marj,0.002714325739655838,0.0027143257396557196,1.0000000000000435,optimal,False
BSU31580,Mars_bakim_x2.0_siki_marj,0.002714325739655838,0.0027143257396557196,1.0000000000000435,optimal,False
BSU37760,Mars_bakim_x2.0_siki_marj,0.002714325739655838,0.0027143257396557196,1.0000000000000435,optimal,False
BSU03220,Mars_bakim_x2.0_siki_marj,0.002714325739655838,0.0027143257396557196,1.0000000000000435,optimal,False
BSU00920,Mars_bakim_x2.0_siki_marj,0.002714325739655838,0.0027143257396557196,1.0000000000000435,optimal,False
BSU33710,Mars_bakim_x2.0_siki_marj,0.002714325739655838,0.0027143257396557196,1.0000000000000435,optimal,False
BSU28540,Mars_bakim_x2.0_siki_marj,0.002714325739655838,0.0027143257396557196,1.0000000000000435,optimal,False
BSU18540,Mars_bakim_x2.0_siki_marj,0.002714325739655838,0.0027143257396557196,1.0000000000000435,optimal,False
BSU23970,Mars_bakim_x2.0_siki_marj,0.002714325739655838,0.0027143257396557196,1.0000000000000435,optimal,False
BSU32490,Mars_bakim_x2.0_siki_marj,0.002714325739655838,0.0027143257396557196,1.0000000000000435,optimal,False
BSU17680,Mars_bakim_x2.0_siki_marj,0.002714325739655838,0.0027143257396557196,1.0000000000000435,optimal,False
BSU22960,Mars_bakim_x2.0_siki_marj,0.002714325739655838,0.0027143257396557196,1.0000000000000435,optimal,False
BSU32240,Mars_bakim_x2.0_siki_marj,7.358318039774059e-17,0.0027143257396557196,2.7109193020832404e-14,optimal,True
BSU36920,Mars_bakim_x2.0_siki_marj,0.0026101837591858334,0.0027143257396557196,0.9616324677070279,optimal,False
BSU18800,Mars_bakim_x2.0_siki_marj,0.0027143257396547243,0.0027143257396557196,0.9999999999996333,optimal,False
BSU28790,Mars_bakim_x2.0_siki_marj,0.002714325739655769,0.0027143257396557196,1.0000000000000182,optimal,False
BSU19350,Mars_bakim_x2.0_siki_marj,0.002714325739655769,0.0027143257396557196,1.0000000000000182,optimal,False
BSU06230,Mars_bakim_x2.0_siki_marj,0.002714325739655769,0.0027143257396557196,1.0000000000000182,optimal,False
BSU35609,Mars_bakim_x2.0_siki_marj,0.002714325739655769,0.0027143257396557196,1.0000000000000182,optimal,False
BSU32110,Mars_bakim_x2.0_siki_marj,0.002714325739655769,0.0027143257396557196,1.0000000000000182,optimal,False
BSU38110,Mars_bakim_x2.0_siki_marj,0.002714325739655769,0.0027143257396557196,1.0000000000000182,optimal,False
BSU08650,Mars_bakim_x2.0_siki_marj,0.002714325739655769,0.0027143257396557196,1.0000000000000182,optimal,False
BSU07570,Mars_bakim_x2.0_siki_marj,0.002714325739655769,0.0027143257396557196,1.0000000000000182,optimal,False
BSU22440,Mars_bakim_x2.0_siki_marj,8.602852482373891e-17,0.0027143257396557196,3.1694252302470753e-14,optimal,True
BSU39540,Mars_bakim_x2.0_siki_marj,0.0027143257396551736,0.0027143257396557196,0.9999999999997988,optimal,False
BSU33170,Mars_bakim_x2.0_siki_marj,0.002714325739653796,0.0027143257396557196,0.9999999999992913,optimal,False
BSU29190,Mars_bakim_x2.0_siki_marj,,0.0027143257396557196,,infeasible,False
BSU06360,Mars_bakim_x2.0_siki_marj,-5.031507999477512e-30,0.0027143257396557196,-1.8536861386856613e-27,optimal,True
BSU27870,Mars_bakim_x2.0_siki_marj,3.0318341965228568e-15,0.0027143257396557196,1.1169750749618612e-12,optimal,True
BSU29220,Mars_bakim_x2.0_siki_marj,0.002714325739657405,0.0027143257396557196,1.0000000000006208,optimal,False
BSU02870,Mars_bakim_x2.0_siki_marj,0.002714325739656459,0.0027143257396557196,1.0000000000002724,optimal,False
BSU36010,Mars_bakim_x2.0_siki_marj,0.002714325739656459,0.0027143257396557196,1.0000000000002724,optimal,False
BSU22650,Mars_bakim_x2.0_siki_marj,5.039681615596794e-18,0.0027143257396557196,1.856697426535114e-15,optimal,True
BSU26640,Mars_bakim_x2.0_siki_marj,0.0027143257396555908,0.0027143257396557196,0.9999999999999526,optimal,False
BSU31620,Mars_bakim_x2.0_siki_marj,0.002714325739653088,0.0027143257396557196,0.9999999999990304,optimal,False
BSU38580,Mars_bakim_x2.0_siki_marj,0.002714325739653088,0.0027143257396557196,0.9999999999990304,optimal,False
BSU28560,Mars_bakim_x2.0_siki_marj,0.002714325739653088,0.0027143257396557196,0.9999999999990304,optimal,False
BSU25070,Mars_bakim_x2.0_siki_marj,-2.7013826520038473e-17,0.0027143257396557196,-9.952315643392477e-15,optimal,True
BSU14860,Mars_bakim_x2.0_siki_marj,0.002338318531410903,0.0027143257396557196,0.8614730712856488,optimal,False
BSU12290,Mars_bakim_x2.0_siki_marj,0.0027143257396628462,0.0027143257396557196,1.0000000000026257,optimal,False
BSU40330,Mars_bakim_x2.0_siki_marj,0.0027143257396563163,0.0027143257396557196,1.0000000000002198,optimal,False
BSU36470,Mars_bakim_x2.0_siki_marj,0.0027143257396563163,0.0027143257396557196,1.0000000000002198,optimal,False
BSU08840,Mars_bakim_x2.0_siki_marj,0.0027143257396563163,0.0027143257396557196,1.0000000000002198,optimal,False
BSU06490,Mars_bakim_x2.0_siki_marj,9.820278387927017e-15,0.0027143257396557196,3.617943949930123e-12,optimal,True
BSU12340,Mars_bakim_x2.0_siki_marj,0.0027143257396546315,0.0027143257396557196,0.9999999999995991,optimal,False
BSU23580,Mars_bakim_x2.0_siki_marj,0.0027143257396563163,0.0027143257396557196,1.0000000000002198,optimal,False
BSU30720,Mars_bakim_x2.0_siki_marj,0.0027143257396563163,0.0027143257396557196,1.0000000000002198,optimal,False
BSU22560,Mars_bakim_x2.0_siki_marj,,0.0027143257396557196,,infeasible,False
BSU10140,Mars_bakim_x2.0_siki_marj,0.0027143257396563944,0.0027143257396557196,1.0000000000002487,optimal,False
BSU39410,Mars_bakim_x2.0_siki_marj,0.0027143257396564104,0.0027143257396557196,1.0000000000002545,optimal,False
BSU36820,Mars_bakim_x2.0_siki_marj,,0.0027143257396557196,,infeasible,False
BSU27330,Mars_bakim_x2.0_siki_marj,0.002714323262853202,0.0027143257396557196,0.9999990875072652,optimal,False
BSU04470,Mars_bakim_x2.0_siki_marj,0.0027143257396572223,0.0027143257396557196,1.0000000000005536,optimal,False
BSU18480,Mars_bakim_x2.0_siki_marj,0.0027143257396570115,0.0027143257396557196,1.000000000000476,optimal,False
BSU19370,Mars_bakim_x2.0_siki_marj,,0.0027143257396557196,,infeasible,False
BSU00680,Mars_bakim_x2.0_siki_marj,0.002713837356870761,0.0027143257396557196,0.9998200721535284,optimal,False
BSU34130,Mars_bakim_x2.0_siki_marj,0.002714325739651813,0.0027143257396557196,0.9999999999985607,optimal,False
BSU11190,Mars_bakim_x2.0_siki_marj,-8.847691899081967e-17,0.0027143257396557196,-3.259627895730817e-14,optimal,True
BSU03990,Mars_bakim_x2.0_siki_marj,0.0027143257396561216,0.0027143257396557196,1.000000000000148,optimal,False
BSU16920,Mars_bakim_x2.0_siki_marj,-1.856223644197922e-16,0.0027143257396557196,-6.838617845599335e-14,optimal,True
BSU17660,Mars_bakim_x2.0_siki_marj,0.002714325739656572,0.0027143257396557196,1.0000000000003142,optimal,False
BSU13120,Mars_bakim_x2.0_siki_marj,0.00271432573965545,0.0027143257396557196,0.9999999999999006,optimal,False
BSU33290,Mars_bakim_x2.0_siki_marj,0.00271432573965545,0.0027143257396557196,0.9999999999999006,optimal,False
BSU26710,Mars_bakim_x2.0_siki_marj,0.00271432573965545,0.0027143257396557196,0.9999999999999006,optimal,False
BSU28280,Mars_bakim_x2.0_siki_marj,3.8032980459659695e-17,0.0027143257396557196,1.4011944072889252e-14,optimal,True
BSU21770,Mars_bakim_x2.0_siki_marj,0.0027143257396547377,0.0027143257396557196,0.9999999999996383,optimal,False
BSU29990,Mars_bakim_x2.0_siki_marj,0.002714325739659586,0.0027143257396557196,1.0000000000014244,optimal,False
BSU07520,Mars_bakim_x2.0_siki_marj,0.002714325739659586,0.0027143257396557196,1.0000000000014244,optimal,False
BSU30960,Mars_bakim_x2.0_siki_marj,0.002714325739659586,0.0027143257396557196,1.0000000000014244,optimal,False
BSU32750,Mars_bakim_x2.0_siki_marj,0.002714325739659586,0.0027143257396557196,1.0000000000014244,optimal,False
BSU38830,Mars_bakim_x2.0_siki_marj,0.002714325739659586,0.0027143257396557196,1.0000000000014244,optimal,False
BSU15650,Mars_bakim_x2.0_siki_marj,0.002714325739659586,0.0027143257396557196,1.0000000000014244,optimal,False
BSU00500,Mars_bakim_x2.0_siki_marj,-3.705127261017163e-17,0.0027143257396557196,-1.365026756695427e-14,optimal,True
BSU31650,Mars_bakim_x2.0_siki_marj,0.0027143257396559568,0.0027143257396557196,1.0000000000000875,optimal,False
BSU25660,Mars_bakim_x2.0_siki_marj,-1.865547751073644e-17,0.0027143257396557196,-6.872969311746153e-15,optimal,True
BSU12910,Mars_bakim_x2.0_siki_marj,0.0027143257396552646,0.0027143257396557196,0.9999999999998324,optimal,False
BSU17610,Mars_bakim_x2.0_siki_marj,0.002714325739659586,0.0027143257396557196,1.0000000000014244,optimal,False
BSU32480,Mars_bakim_x2.0_siki_marj,0.002714325739659586,0.0027143257396557196,1.0000000000014244,optimal,False
BSU02140,Mars_bakim_x2.0_siki_marj,0.002714325739659586,0.0027143257396557196,1.0000000000014244,optimal,False
BSU14610,Mars_bakim_x2.0_siki_marj,,0.0027143257396557196,,infeasible,False
BSU38170,Mars_bakim_x2.0_siki_marj,0.0027143257396590806,0.0027143257396557196,1.0000000000012383,optimal,False
BSU30980,Mars_bakim_x2.0_siki_marj,0.0027143257396547034,0.0027143257396557196,0.9999999999996256,optimal,False
BSU30270,Mars_bakim_x2.0_siki_marj,0.0027143257396547034,0.0027143257396557196,0.9999999999996256,optimal,False
BSU13560,Mars_bakim_x2.0_siki_marj,0.0027143257396547034,0.0027143257396557196,0.9999999999996256,optimal,False
BSU14520,Mars_bakim_x2.0_siki_marj,0.0027143257396547034,0.0027143257396557196,0.9999999999996256,optimal,False
BSU15200,Mars_bakim_x2.0_siki_marj,-9.71981127304538e-17,0.0027143257396557196,-3.580930295520914e-14,optimal,True
BSU11710,Mars_bakim_x2.0_siki_marj,0.002714325739654803,0.0027143257396557196,0.9999999999996624,optimal,False
BSU30290,Mars_bakim_x2.0_siki_marj,0.002714325739657942,0.0027143257396557196,1.000000000000819,optimal,False
BSU15790,Mars_bakim_x2.0_siki_marj,0.0027086461368557332,0.0027143257396557196,0.9979075456136275,optimal,False
BSU02860,Mars_bakim_x2.0_siki_marj,0.0027143257396584444,0.0027143257396557196,1.0000000000010039,optimal,False
BSU36850,Mars_bakim_x2.0_siki_marj,,0.0027143257396557196,,infeasible,False
BSU00460,Mars_bakim_x2.0_siki_marj,-3.337477723634726e-29,0.0027143257396557196,-1.2295789244728033e-26,optimal,True
BSU28270,Mars_bakim_x2.0_siki_marj,0.0,0.0027143257396557196,0.0,optimal,True
BSU03860,Mars_bakim_x2.0_siki_marj,0.0027143257396548236,0.0027143257396557196,0.9999999999996699,optimal,False
BSU31350,Mars_bakim_x2.0_siki_marj,0.0012334279493653169,0.0027143257396557196,0.4544141225738672,optimal,False
BSU39710,Mars_bakim_x2.0_siki_marj,0.002714325739655399,0.0027143257396557196,0.9999999999998819,optimal,False
BSU28440,Mars_bakim_x2.0_siki_marj,,0.0027143257396557196,,infeasible,False
BSU05830,Mars_bakim_x2.0_siki_marj,0.002714325739654279,0.0027143257396557196,0.9999999999994692,optimal,False
BSU27910,Mars_bakim_x2.0_siki_marj,0.0027143257396580515,0.0027143257396557196,1.000000000000859,optimal,False
BSU25310,Mars_bakim_x2.0_siki_marj,0.0027143257396580515,0.0027143257396557196,1.000000000000859,optimal,False
BSU02760,Mars_bakim_x2.0_siki_marj,0.0027143257396580515,0.0027143257396557196,1.000000000000859,optimal,False
BSU05900,Mars_bakim_x2.0_siki_marj,0.0027143257396580515,0.0027143257396557196,1.000000000000859,optimal,False
BSU38560,Mars_bakim_x2.0_siki_marj,0.0027143257396580515,0.0027143257396557196,1.000000000000859,optimal,False
BSU27040,Mars_bakim_x2.0_siki_marj,0.0027143257396580515,0.0027143257396557196,1.000000000000859,optimal,False
BSU23960,Mars_bakim_x2.0_siki_marj,0.0027143257396580515,0.0027143257396557196,1.000000000000859,optimal,False
BSU27200,Mars_bakim_x2.0_siki_marj,0.0027143257396580515,0.0027143257396557196,1.000000000000859,optimal,False
BSU32830,Mars_bakim_x2.0_siki_marj,0.0027097647724626376,0.0027143257396557196,0.9983196684441933,optimal,False
BSU39020,Mars_bakim_x2.0_siki_marj,0.0027143257396561728,0.0027143257396557196,1.000000000000167,optimal,False
BSU28720,Mars_bakim_x2.0_siki_marj,0.0027143257396580515,0.0027143257396557196,1.000000000000859,optimal,False
BSU08180,Mars_bakim_x2.0_siki_marj,0.0027143257396580515,0.0027143257396557196,1.000000000000859,optimal,False
BSU16740,Mars_bakim_x2.0_siki_marj,0.0027143257396580515,0.0027143257396557196,1.000000000000859,optimal,False
BSU33310,Mars_bakim_x2.0_siki_marj,0.0027143257396580515,0.0027143257396557196,1.000000000000859,optimal,False
BSU38710,Mars_bakim_x2.0_siki_marj,0.0027143257396580515,0.0027143257396557196,1.000000000000859,optimal,False
BSU17380,Mars_bakim_x2.0_siki_marj,4.085640486403281e-17,0.0027143257396557196,1.5052137725081946e-14,optimal,True
BSU05860,Mars_bakim_x2.0_siki_marj,0.0027143257396556692,0.0027143257396557196,0.9999999999999815,optimal,False
BSU18250,Mars_bakim_x2.0_siki_marj,0.0027143257396573294,0.0027143257396557196,1.000000000000593,optimal,False
BSU14630,Mars_bakim_x2.0_siki_marj,0.0027143257396573294,0.0027143257396557196,1.000000000000593,optimal,False
BSU29470,Mars_bakim_x2.0_siki_marj,0.001589143982892495,0.0027143257396557196,0.5854654655760142,optimal,False
BSU13960,Mars_bakim_x2.0_siki_marj,0.0027143257396579816,0.0027143257396557196,1.0000000000008333,optimal,False
BSU15560,Mars_bakim_x2.0_siki_marj,-1.0805530608015389e-16,0.0027143257396557196,-3.9809262573569906e-14,optimal,True
BSU18410,Mars_bakim_x2.0_siki_marj,0.002714325739656928,0.0027143257396557196,1.0000000000004452,optimal,False
BSU20250,Mars_bakim_x2.0_siki_marj,0.0027143108789054048,0.0027143257396557196,0.9999945250674606,optimal,False
BSU02850,Mars_bakim_x2.0_siki_marj,0.002714325739657189,0.0027143257396557196,1.0000000000005413,optimal,False
BSU07700,Mars_bakim_x2.0_siki_marj,0.00271432573965501,0.0027143257396557196,0.9999999999997387,optimal,False
BSU08090,Mars_bakim_x2.0_siki_marj,0.00271432573965501,0.0027143257396557196,0.9999999999997387,optimal,False
BSU29370,Mars_bakim_x2.0_siki_marj,0.00271432573965501,0.0027143257396557196,0.9999999999997387,optimal,False
BSU11250,Mars_bakim_x2.0_siki_marj,-5.022961277592295e-17,0.0027143257396557196,-1.850537392844161e-14,optimal,True
BSU07510,Mars_bakim_x2.0_siki_marj,0.002714325739656005,0.0027143257396557196,1.000000000000105,optimal,False
BSU23080,Mars_bakim_x2.0_siki_marj,-9.281118220989611e-17,0.0027143257396557196,-3.419308922799668e-14,optimal,True
BSU03950,Mars_bakim_x2.0_siki_marj,0.002714325739656629,0.0027143257396557196,1.000000000000335,optimal,False
BSU35730,Mars_bakim_x2.0_siki_marj,-1.5955879741489694e-16,0.0027143257396557196,-5.878395326094321e-14,optimal,True
BSU16100,Mars_bakim_x2.0_siki_marj,,0.0027143257396557196,,infeasible,False
BSU10360,Mars_bakim_x2.0_siki_marj,0.0027143257396570974,0.0027143257396557196,1.0000000000005076,optimal,False
BSU00180,Mars_bakim_x2.0_siki_marj,0.002714310878907764,0.0027143257396557196,0.9999945250683298,optimal,False
BSU24040,Mars_bakim_x2.0_siki_marj,1.8095613379811499e-16,0.0027143257396557196,6.666706620888734e-14,optimal,True
BSU14880,Mars_bakim_x2.0_siki_marj,0.002714325739653267,0.0027143257396557196,0.9999999999990965,optimal,False
BSU03060,Mars_bakim_x2.0_siki_marj,0.0027143257396564048,0.0027143257396557196,1.0000000000002525,optimal,False
BSU13180,Mars_bakim_x2.0_siki_marj,-7.202484201565401e-18,0.0027143257396557196,-2.6535076819773856e-15,optimal,True
BSU22610,Mars_bakim_x2.0_siki_marj,0.0,0.0027143257396557196,0.0,optimal,True
BSU27260,Mars_bakim_x2.0_siki_marj,0.0027132648527632627,0.0027143257396557196,0.9996091526978662,optimal,False
BSU15510,Mars_bakim_x2.0_siki_marj,0.002714325739652779,0.0027143257396557196,0.9999999999989168,optimal,False
BSU24280,Mars_bakim_x2.0_siki_marj,-3.6908820819851486e-17,0.0027143257396557196,-1.3597786102316864e-14,optimal,True
BSU22890,Mars_bakim_x2.0_siki_marj,0.0027043306333054983,0.0027143257396557196,0.9963176466979645,optimal,False
BSU38300,Mars_bakim_x2.0_siki_marj,0.002714325739656417,0.0027143257396557196,1.000000000000257,optimal,False
BSU02430,Mars_bakim_x2.0_siki_marj,0.0027143257396564048,0.0027143257396557196,1.0000000000002525,optimal,False
BSU03981,Mars_bakim_x2.0_siki_marj,0.0027143257396564048,0.0027143257396557196,1.0000000000002525,optimal,False
BSU02750,Mars_bakim_x2.0_siki_marj,0.0027143257396564048,0.0027143257396557196,1.0000000000002525,optimal,False
BSU37120,Mars_bakim_x2.0_siki_marj,0.0027143257396564048,0.0027143257396557196,1.0000000000002525,optimal,False
BSU38490,Mars_bakim_x2.0_siki_marj,-5.862261021866391e-17,0.0027143257396557196,-2.1597485284172086e-14,optimal,True
BSU06510,Mars_bakim_x2.0_siki_marj,0.0027109378677830434,0.0027143257396557196,0.9987518550838685,optimal,False
BSU17410,Mars_bakim_x2.0_siki_marj,0.0027143257396551406,0.0027143257396557196,0.9999999999997867,optimal,False
BSU38270,Mars_bakim_x2.0_siki_marj,0.0027142936160604926,0.0027143257396557196,0.9999881651657508,optimal,False
BSU35020,Mars_bakim_x2.0_siki_marj,0.0027143257396550747,0.0027143257396557196,0.9999999999997624,optimal,False
BSU26590,Mars_bakim_x2.0_siki_marj,0.002714325739657047,0.0027143257396557196,1.0000000000004892,optimal,False
BSU30430,Mars_bakim_x2.0_siki_marj,0.002714325739657047,0.0027143257396557196,1.0000000000004892,optimal,False
BSU34900,Mars_bakim_x2.0_siki_marj,2.5686451782481412e-17,0.0027143257396557196,9.463290056608842e-15,optimal,True
BSU39610,Mars_bakim_x2.0_siki_marj,0.0027143257396554,0.0027143257396557196,0.9999999999998822,optimal,False
BSU09680,Mars_bakim_x2.0_siki_marj,0.002714325739658247,0.0027143257396557196,1.0000000000009313,optimal,False
BSU33390,Mars_bakim_x2.0_siki_marj,0.002714325739658247,0.0027143257396557196,1.0000000000009313,optimal,False
BSU22070,Mars_bakim_x2.0_siki_marj,0.002714325739658247,0.0027143257396557196,1.0000000000009313,optimal,False
BSU19230,Mars_bakim_x2.0_siki_marj,0.002714325739658247,0.0027143257396557196,1.0000000000009313,optimal,False
BSU09840,Mars_bakim_x2.0_siki_marj,0.002714325739658247,0.0027143257396557196,1.0000000000009313,optimal,False
BSU03610,Mars_bakim_x2.0_siki_marj,0.002714325739658247,0.0027143257396557196,1.0000000000009313,optimal,False
BSU37710,Mars_bakim_x2.0_siki_marj,0.002714325739658247,0.0027143257396557196,1.0000000000009313,optimal,False
BSU02400,Mars_bakim_x2.0_siki_marj,0.002714325739658247,0.0027143257396557196,1.0000000000009313,optimal,False
BSU02980,Mars_bakim_x2.0_siki_marj,0.002714325739658247,0.0027143257396557196,1.0000000000009313,optimal,False
BSU22730,Mars_bakim_x2.0_siki_marj,6.577472219529063e-14,0.0027143257396557196,2.423243505167268e-11,optimal,True
BSU31100,Mars_bakim_x2.0_siki_marj,0.002714325739655379,0.0027143257396557196,0.9999999999998745,optimal,False
BSU14510,Mars_bakim_x2.0_siki_marj,0.002714325739654143,0.0027143257396557196,0.9999999999994192,optimal,False
BSU23770,Mars_bakim_x2.0_siki_marj,0.002714325739654143,0.0027143257396557196,0.9999999999994192,optimal,False
BSU30750,Mars_bakim_x2.0_siki_marj,0.002714325739654143,0.0027143257396557196,0.9999999999994192,optimal,False
BSU37280,Mars_bakim_x2.0_siki_marj,0.002714325739654143,0.0027143257396557196,0.9999999999994192,optimal,False
BSU15540,Mars_bakim_x2.0_siki_marj,2.5686451782481397e-17,0.0027143257396557196,9.463290056608836e-15,optimal,True
BSU24160,Mars_bakim_x2.0_siki_marj,0.0027143257396566693,0.0027143257396557196,1.00000000000035,optimal,False
BSU03900,Mars_bakim_x2.0_siki_marj,0.002714325739656898,0.0027143257396557196,1.000000000000434,optimal,False
BSU30210,Mars_bakim_x2.0_siki_marj,0.002714325739656898,0.0027143257396557196,1.000000000000434,optimal,False
BSU29050,Mars_bakim_x2.0_siki_marj,0.002714325739656898,0.0027143257396557196,1.000000000000434,optimal,False
BSU39700,Mars_bakim_x2.0_siki_marj,0.002714325739656898,0.0027143257396557196,1.000000000000434,optimal,False
BSU07800,Mars_bakim_x2.0_siki_marj,0.002714325739656898,0.0027143257396557196,1.000000000000434,optimal,False
BSU17890,Mars_bakim_x2.0_siki_marj,5.649460087832636e-16,0.0027143257396557196,2.0813493403887491e-13,optimal,True
BSU30550,Mars_bakim_x2.0_siki_marj,0.002714325739656869,0.0027143257396557196,1.0000000000004234,optimal,False
BSU29750,Mars_bakim_x2.0_siki_marj,-4.591232777997141e-17,0.0027143257396557196,-1.6914818700350552e-14,optimal,True
BSU33930,Mars_bakim_x2.0_siki_marj,,0.0027143257396557196,,infeasible,False
BSU39260,Mars_bakim_x2.0_siki_marj,0.0027143257396577873,0.0027143257396557196,1.0000000000007618,optimal,False
BSU30070,Mars_bakim_x2.0_siki_marj,0.002714325739654487,0.0027143257396557196,0.9999999999995459,optimal,False
BSU15630,Mars_bakim_x2.0_siki_marj,0.002714325739654487,0.0027143257396557196,0.9999999999995459,optimal,False
BSU30970,Mars_bakim_x2.0_siki_marj,0.002714325739654487,0.0027143257396557196,0.9999999999995459,optimal,False
BSU08000,Mars_bakim_x2.0_siki_marj,0.002714325739654487,0.0027143257396557196,0.9999999999995459,optimal,False
BSU38520,Mars_bakim_x2.0_siki_marj,5.609900001058027e-17,0.0027143257396557196,2.0667747864961768e-14,optimal,True
BSU39980,Mars_bakim_x2.0_siki_marj,0.002714325739655607,0.0027143257396557196,0.9999999999999585,optimal,False
BSU28680,Mars_bakim_x2.0_siki_marj,0.0027143257396521387,0.0027143257396557196,0.9999999999986807,optimal,False
BSU35920,Mars_bakim_x2.0_siki_marj,0.0027143257396521387,0.0027143257396557196,0.9999999999986807,optimal,False
BSU30450,Mars_bakim_x2.0_siki_marj,0.0027143257396521387,0.0027143257396557196,0.9999999999986807,optimal,False
BSU12330,Mars_bakim_x2.0_siki_marj,0.0027143257396521387,0.0027143257396557196,0.9999999999986807,optimal,False
BSU00900,Mars_bakim_x2.0_siki_marj,-3.0955099706852616e-17,0.0027143257396557196,-1.1404342247728494e-14,optimal,True
BSU04740,Mars_bakim_x2.0_siki_marj,2.866584040303988e-14,0.0027143257396557196,1.0560943362190497e-11,optimal,True
BSU07830,Mars_bakim_x2.0_siki_marj,0.0027143257396629976,0.0027143257396557196,1.0000000000026814,optimal,False
BSU36590,Mars_bakim_x2.0_siki_marj,0.002714325739654066,0.0027143257396557196,0.9999999999993908,optimal,False
BSU36130,Mars_bakim_x2.0_siki_marj,0.002714325739654066,0.0027143257396557196,0.9999999999993908,optimal,False
BSU27060,Mars_bakim_x2.0_siki_marj,0.002714325739654066,0.0027143257396557196,0.9999999999993908,optimal,False
BSU31050,Mars_bakim_x2.0_siki_marj,0.002714325739654066,0.0027143257396557196,0.9999999999993908,optimal,False
BSU03600,Mars_bakim_x2.0_siki_marj,0.002714325739654066,0.0027143257396557196,0.9999999999993908,optimal,False
BSU40320,Mars_bakim_x2.0_siki_marj,0.002714325739654066,0.0027143257396557196,0.9999999999993908,optimal,False
BSU31322,Mars_bakim_x2.0_siki_marj,0.0027110413779667096,0.0027143257396557196,0.9987899898523503,optimal,False
BSU31090,Mars_bakim_x2.0_siki_marj,0.002714325739657144,0.0027143257396557196,1.000000000000525,optimal,False
BSU03330,Mars_bakim_x2.0_siki_marj,0.0027143257396579075,0.0027143257396557196,1.000000000000806,optimal,False
BSU00140,Mars_bakim_x2.0_siki_marj,0.0027143257396579075,0.0027143257396557196,1.000000000000806,optimal,False
BSU33380,Mars_bakim_x2.0_siki_marj,0.0027143257396579075,0.0027143257396557196,1.000000000000806,optimal,False
BSU39760,Mars_bakim_x2.0_siki_marj,0.0027143257396579075,0.0027143257396557196,1.000000000000806,optimal,False
BSU10010,Mars_bakim_x2.0_siki_marj,0.0027143257396579075,0.0027143257396557196,1.000000000000806,optimal,False
BSU25500,Mars_bakim_x2.0_siki_marj,0.0027143257396579075,0.0027143257396557196,1.000000000000806,optimal,False
BSU34860,Mars_bakim_x2.0_siki_marj,-2.4110758555247087e-16,0.0027143257396557196,-8.882780059516827e-14,optimal,True
BSU23570,Mars_bakim_x2.0_siki_marj,0.0027143257396558106,0.0027143257396557196,1.0000000000000335,optimal,False
BSU12940,Mars_bakim_x2.0_siki_marj,0.002714325739658923,0.0027143257396557196,1.0000000000011802,optimal,False
BSU09300,Mars_bakim_x2.0_siki_marj,0.002714325739658923,0.0027143257396557196,1.0000000000011802,optimal,False
BSU31980,Mars_bakim_x2.0_siki_marj,0.002714325739658923,0.0027143257396557196,1.0000000000011802,optimal,False
BSU34570,Mars_bakim_x2.0_siki_marj,0.002714325739658923,0.0027143257396557196,1.0000000000011802,optimal,False
BSU07490,Mars_bakim_x2.0_siki_marj,0.002714325739658923,0.0027143257396557196,1.0000000000011802,optimal,False
BSU35690,Mars_bakim_x2.0_siki_marj,4.4390551690618836e-17,0.0027143257396557196,1.6354172619034757e-14,optimal,True
BSU14590,Mars_bakim_x2.0_siki_marj,,0.0027143257396557196,,infeasible,False
BSU13130,Mars_bakim_x2.0_siki_marj,0.0027143257396567526,0.0027143257396557196,1.0000000000003806,optimal,False
BSU36710,Mars_bakim_x2.0_siki_marj,0.002714307331346615,0.0027143257396557196,0.9999932180913899,optimal,False
BSU12840,Mars_bakim_x2.0_siki_marj,0.0027001097373233187,0.0027143257396557196,0.9947626026881343,optimal,False
BSU36880,Mars_bakim_x2.0_siki_marj,,0.0027143257396557196,,infeasible,False
BSU34550,Mars_bakim_x2.0_siki_marj,0.0027143257396562335,0.0027143257396557196,1.0000000000001894,optimal,False
BSU39270,Mars_bakim_x2.0_siki_marj,0.002714325739657833,0.0027143257396557196,1.0000000000007785,optimal,False
BSU24310,Mars_bakim_x2.0_siki_marj,4.722601313416363e-14,0.0027143257396557196,1.7398800904475708e-11,optimal,True
BSU34890,Mars_bakim_x2.0_siki_marj,0.0027143257396578875,0.0027143257396557196,1.0000000000007987,optimal,False
BSU17150,Mars_bakim_x2.0_siki_marj,0.0027143257396542615,0.0027143257396557196,0.9999999999994629,optimal,False
BSU11880,Mars_bakim_x2.0_siki_marj,0.0027143257396542615,0.0027143257396557196,0.9999999999994629,optimal,False
BSU19580,Mars_bakim_x2.0_siki_marj,0.0027143257396542615,0.0027143257396557196,0.9999999999994629,optimal,False
BSU12930,Mars_bakim_x2.0_siki_marj,0.0027143257396542615,0.0027143257396557196,0.9999999999994629,optimal,False
BSU21690,Mars_bakim_x2.0_siki_marj,0.0027143257396542615,0.0027143257396557196,0.9999999999994629,optimal,False
BSU08830,Mars_bakim_x2.0_siki_marj,0.0027143257396542615,0.0027143257396557196,0.9999999999994629,optimal,False
BSU23260,Mars_bakim_x2.0_siki_marj,0.0027143257396542615,0.0027143257396557196,0.9999999999994629,optimal,False
BSU26810,Mars_bakim_x2.0_siki_marj,0.0027143257396542615,0.0027143257396557196,0.9999999999994629,optimal,False
BSU33810,Mars_bakim_x2.0_siki_marj,0.0027143257396542615,0.0027143257396557196,0.9999999999994629,optimal,False
BSU03830,Mars_bakim_x2.0_siki_marj,0.0027143257396542615,0.0027143257396557196,0.9999999999994629,optimal,False
BSU36760,Mars_bakim_x2.0_siki_marj,0.0027143257396542615,0.0027143257396557196,0.9999999999994629,optimal,False
BSU03590,Mars_bakim_x2.0_siki_marj,0.0027143257396542615,0.0027143257396557196,0.9999999999994629,optimal,False
BSU27850,Mars_bakim_x2.0_siki_marj,2.6363932198873822e-14,0.0027143257396557196,9.71288442418771e-12,optimal,True
BSU30300,Mars_bakim_x2.0_siki_marj,0.002714325739655727,0.0027143257396557196,1.0000000000000027,optimal,False
BSU24050,Mars_bakim_x2.0_siki_marj,-6.828059221110696e-17,0.0027143257396557196,-2.5155636706951597e-14,optimal,True
BSU08060,Mars_bakim_x2.0_siki_marj,0.002714325739654565,0.0027143257396557196,0.9999999999995747,optimal,False
BSU22090,Mars_bakim_x2.0_siki_marj,0.0027143257396565128,0.0027143257396557196,1.0000000000002922,optimal,False
BSU34910,Mars_bakim_x2.0_siki_marj,3.263230045995409e-17,0.0027143257396557196,1.2022249202887901e-14,optimal,True
BSU39730,Mars_bakim_x2.0_siki_marj,0.0027143257396551193,0.0027143257396557196,0.9999999999997788,optimal,False
BSU11870,Mars_bakim_x2.0_siki_marj,2.816638655564888e-16,0.0027143257396557196,1.0376936763389885e-13,optimal,True
BSU38590,Mars_bakim_x2.0_siki_marj,0.002714325739654935,0.0027143257396557196,0.999999999999711,optimal,False
BSU00780,Mars_bakim_x2.0_siki_marj,1.5145711016384366e-14,0.0027143257396557196,5.579916513006807e-12,optimal,True
BSU06440,Mars_bakim_x2.0_siki_marj,-4.267558799760466e-14,0.0027143257396557196,-1.572235320695797e-11,optimal,True
BSU28120,Mars_bakim_x2.0_siki_marj,0.00271432573965755,0.0027143257396557196,1.0000000000006743,optimal,False
BSU08860,Mars_bakim_x2.0_siki_marj,0.002714325739657829,0.0027143257396557196,1.0000000000007772,optimal,False
BSU29600,Mars_bakim_x2.0_siki_marj,0.002714325739657829,0.0027143257396557196,1.0000000000007772,optimal,False
BSU18830,Mars_bakim_x2.0_siki_marj,0.002714325739657829,0.0027143257396557196,1.0000000000007772,optimal,False
BSU13730,Mars_bakim_x2.0_siki_marj,0.002714325739657829,0.0027143257396557196,1.0000000000007772,optimal,False
BSU12080,Mars_bakim_x2.0_siki_marj,0.002714325739657829,0.0027143257396557196,1.0000000000007772,optimal,False
BSU35540,Mars_bakim_x2.0_siki_marj,0.002714325739657829,0.0027143257396557196,1.0000000000007772,optimal,False
BSU33160,Mars_bakim_x2.0_siki_marj,0.002714325739657829,0.0027143257396557196,1.0000000000007772,optimal,False
BSU30740,Mars_bakim_x2.0_siki_marj,0.002714325739657829,0.0027143257396557196,1.0000000000007772,optimal,False
BSU39420,Mars_bakim_x2.0_siki_marj,0.0027138472605673595,0.0027143257396557196,0.9998237208300501,optimal,False
BSU00760,Mars_bakim_x2.0_siki_marj,8.735869525523098e-17,0.0027143257396557196,3.2184307866568516e-14,optimal,True
BSU18220,Mars_bakim_x2.0_siki_marj,0.002714325739656651,0.0027143257396557196,1.0000000000003433,optimal,False
BSU16670,Mars_bakim_x2.0_siki_marj,0.0027143257396544463,0.0027143257396557196,0.9999999999995309,optimal,False
BSU22870,Mars_bakim_x2.0_siki_marj,0.0027143257396544463,0.0027143257396557196,0.9999999999995309,optimal,False
BSU22100,Mars_bakim_x2.0_siki_marj,0.0027143257396544463,0.0027143257396557196,0.9999999999995309,optimal,False
BSU22780,Mars_bakim_x2.0_siki_marj,1.3522352554803812e-14,0.0027143257396557196,4.981845899055198e-12,optimal,True
BSU03130,Mars_bakim_x2.0_siki_marj,-3.330251223509711e-14,0.0027143257396557196,-1.2269165689495008e-11,optimal,True
BSU07810,Mars_bakim_x2.0_siki_marj,0.0027143257396557946,0.0027143257396557196,1.0000000000000275,optimal,False
BSU31990,Mars_bakim_x2.0_siki_marj,0.002714325739659166,0.0027143257396557196,1.0000000000012697,optimal,False
BSU15600,Mars_bakim_x2.0_siki_marj,0.002714325739659166,0.0027143257396557196,1.0000000000012697,optimal,False
BSU36030,Mars_bakim_x2.0_siki_marj,0.002714325739659166,0.0027143257396557196,1.0000000000012697,optimal,False
BSU31970,Mars_bakim_x2.0_siki_marj,0.002714325739659166,0.0027143257396557196,1.0000000000012697,optimal,False
BSU38980,Mars_bakim_x2.0_siki_marj,0.002714325739659166,0.0027143257396557196,1.0000000000012697,optimal,False
BSU08440,Mars_bakim_x2.0_siki_marj,0.002714325739659166,0.0027143257396557196,1.0000000000012697,optimal,False
BSU06370,Mars_bakim_x2.0_siki_marj,0.002714325739659166,0.0027143257396557196,1.0000000000012697,optimal,False
BSU12390,Mars_bakim_x2.0_siki_marj,0.002714325739659166,0.0027143257396557196,1.0000000000012697,optimal,False
BSU34920,Mars_bakim_x2.0_siki_marj,1.758114141780253e-18,0.0027143257396557196,6.477167114081338e-16,optimal,True
BSU33420,Mars_bakim_x2.0_siki_marj,0.002714325739655249,0.0027143257396557196,0.9999999999998267,optimal,False
BSU36510,Mars_bakim_x2.0_siki_marj,8.702360200794338e-15,0.0027143257396557196,3.2060854280142998e-12,optimal,True
BSU17370,Mars_bakim_x2.0_siki_marj,2.574515465392228e-16,0.0027143257396557196,9.484917111380947e-14,optimal,True
BSU11650,Mars_bakim_x2.0_siki_marj,0.002714325739655855,0.0027143257396557196,1.00000000000005,optimal,False
BSU40340,Mars_bakim_x2.0_siki_marj,0.002714325739655468,0.0027143257396557196,0.9999999999999073,optimal,False
BSU03040,Mars_bakim_x2.0_siki_marj,0.002714325739655468,0.0027143257396557196,0.9999999999999073,optimal,False
BSU03010,Mars_bakim_x2.0_siki_marj,0.002714325739655468,0.0027143257396557196,0.9999999999999073,optimal,False
BSU23610,Mars_bakim_x2.0_siki_marj,0.002714325739655468,0.0027143257396557196,0.9999999999999073,optimal,False
BSU01620,Mars_bakim_x2.0_siki_marj,0.002714325739655468,0.0027143257396557196,0.9999999999999073,optimal,False
BSU24080,Mars_bakim_x2.0_siki_marj,0.0025953260107201928,0.0027143257396557196,0.9561586410956628,optimal,False
BSU03270,Mars_bakim_x2.0_siki_marj,0.0027143257396601405,0.0027143257396557196,1.0000000000016287,optimal,False
BSU19520,Mars_bakim_x2.0_siki_marj,0.002714325739657199,0.0027143257396557196,1.000000000000545,optimal,False
BSU22430,Mars_bakim_x2.0_siki_marj,0.002714325739657199,0.0027143257396557196,1.000000000000545,optimal,False
BSU24350,Mars_bakim_x2.0_siki_marj,-9.511473386080742e-18,0.0027143257396557196,-3.50417536374509e-15,optimal,True
BSU14390,Mars_bakim_x2.0_siki_marj,0.002714325739656149,0.0027143257396557196,1.000000000000158,optimal,False
BSU33830,Mars_bakim_x2.0_siki_marj,0.002714325739653323,0.0027143257396557196,0.999999999999117,optimal,False
BSU32460,Mars_bakim_x2.0_siki_marj,0.002714325739653323,0.0027143257396557196,0.999999999999117,optimal,False
BSU34880,Mars_bakim_x2.0_siki_marj,-1.0728104192252336e-16,0.0027143257396557196,-3.952401156396605e-14,optimal,True
BSU06470,Mars_bakim_x2.0_siki_marj,5.957747709032056e-15,0.0027143257396557196,2.194927315462044e-12,optimal,True
BSU28430,Mars_bakim_x2.0_siki_marj,,0.0027143257396557196,,infeasible,False
BSU35700,Mars_bakim_x2.0_siki_marj,-6.01028987674059e-30,0.0027143257396557196,-2.2142846707495487e-27,optimal,True
BSU31930,Mars_bakim_x2.0_siki_marj,0.002714325739655948,0.0027143257396557196,1.0000000000000842,optimal,False
BSU09280,Mars_bakim_x2.0_siki_marj,0.0027143257396591578,0.0027143257396557196,1.0000000000012668,optimal,False
BSU08200,Mars_bakim_x2.0_siki_marj,0.0027143257396591578,0.0027143257396557196,1.0000000000012668,optimal,False
BSU36000,Mars_bakim_x2.0_siki_marj,0.002713847260568829,0.0027143257396557196,0.9998237208305915,optimal,False
BSU33730,Mars_bakim_x2.0_siki_marj,0.0027143257396566485,0.0027143257396557196,1.0000000000003422,optimal,False
BSU03810,Mars_bakim_x2.0_siki_marj,0.002714325739656,0.0027143257396557196,1.0000000000001035,optimal,False
BSU00930,Mars_bakim_x2.0_siki_marj,0.002714325739656,0.0027143257396557196,1.0000000000001035,optimal,False
BSU06660,Mars_bakim_x2.0_siki_marj,0.002714325739656,0.0027143257396557196,1.0000000000001035,optimal,False
BSU14600,Mars_bakim_x2.0_siki_marj,,0.0027143257396557196,,infeasible,False
BSU35720,Mars_bakim_x2.0_siki_marj,-1.4881696549971118e-31,0.0027143257396557196,-5.48264945969922e-29,optimal,True
BSU14870,Mars_bakim_x2.0_siki_marj,0.002714325739655942,0.0027143257396557196,1.000000000000082,optimal,False
BSU33370,Mars_bakim_x2.0_siki_marj,0.0027143257396575727,0.0027143257396557196,1.0000000000006828,optimal,False
BSU19800,Mars_bakim_x2.0_siki_marj,0.0027143257396575727,0.0027143257396557196,1.0000000000006828,optimal,False
BSU24150,Mars_bakim_x2.0_siki_marj,0.0027143257396575727,0.0027143257396557196,1.0000000000006828,optimal,False
BSU23850,Mars_bakim_x2.0_siki_marj,0.0027143257396575727,0.0027143257396557196,1.0000000000006828,optimal,False
BSU10130,Mars_bakim_x2.0_siki_marj,0.0027143257396575727,0.0027143257396557196,1.0000000000006828,optimal,False
BSU23270,Mars_bakim_x2.0_siki_marj,0.0027143257396575727,0.0027143257396557196,1.0000000000006828,optimal,False
BSU29350,Mars_bakim_x2.0_siki_marj,0.0027143257396575727,0.0027143257396557196,1.0000000000006828,optimal,False
BSU36830,Mars_bakim_x2.0_siki_marj,,0.0027143257396557196,,infeasible,False
BSU08820,Mars_bakim_x2.0_siki_marj,0.0027143257396560912,0.0027143257396557196,1.000000000000137,optimal,False
BSU05810,Mars_bakim_x2.0_siki_marj,0.0027143257396531886,0.0027143257396557196,0.9999999999990675,optimal,False
BSU00150,Mars_bakim_x2.0_siki_marj,0.0027138373568707354,0.0027143257396557196,0.999820072153519,optimal,False
BSU12960,Mars_bakim_x2.0_siki_marj,0.0027143257396572552,0.0027143257396557196,1.0000000000005658,optimal,False
BSU02460,Mars_bakim_x2.0_siki_marj,0.0027143257396557235,0.0027143257396557196,1.0000000000000013,optimal,False
BSU11200,Mars_bakim_x2.0_siki_marj,-7.170263867261061e-18,0.0027143257396557196,-2.6416372075410982e-15,optimal,True
BSU35940,Mars_bakim_x2.0_siki_marj,0.0027143257396556385,0.0027143257396557196,0.9999999999999701,optimal,False
BSU10170,Mars_bakim_x2.0_siki_marj,0.002714325739655748,0.0027143257396557196,1.0000000000000104,optimal,False
BSU11340,Mars_bakim_x2.0_siki_marj,2.3685286980899234e-16,0.0027143257396557196,8.726029685701405e-14,optimal,True
BSU37490,Mars_bakim_x2.0_siki_marj,0.0027143257396569087,0.0027143257396557196,1.000000000000438,optimal,False
BSU25020,Mars_bakim_x2.0_siki_marj,0.002714325739655223,0.0027143257396557196,0.999999999999817,optimal,False
BSU24120,Mars_bakim_x2.0_siki_marj,0.002714325739655223,0.0027143257396557196,0.999999999999817,optimal,False
BSU38040,Mars_bakim_x2.0_siki_marj,0.002714325739655223,0.0027143257396557196,0.999999999999817,optimal,False
BSU38390,Mars_bakim_x2.0_siki_marj,0.002714325739655223,0.0027143257396557196,0.999999999999817,optimal,False
BSU21900,Mars_bakim_x2.0_siki_marj,0.002714325739655223,0.0027143257396557196,0.999999999999817,optimal,False
BSU13550,Mars_bakim_x2.0_siki_marj,0.002714325739655223,0.0027143257396557196,0.999999999999817,optimal,False
BSU35680,Mars_bakim_x2.0_siki_marj,-1.439835074826702e-18,0.0027143257396557196,-5.304577316535812e-16,optimal,True
BSU33820,Mars_bakim_x2.0_siki_marj,0.00271432573965556,0.0027143257396557196,0.9999999999999412,optimal,False
BSU15580,Mars_bakim_x2.0_siki_marj,0.002714325739653018,0.0027143257396557196,0.9999999999990048,optimal,False
BSU02290,Mars_bakim_x2.0_siki_marj,1.1330877026691975e-17,0.0027143257396557196,4.174472083858721e-15,optimal,True
BSU36810,Mars_bakim_x2.0_siki_marj,,0.0027143257396557196,,infeasible,False
BSU25710,Mars_bakim_x2.0_siki_marj,0.0027143257396566945,0.0027143257396557196,1.0000000000003593,optimal,False
BSU39360,Mars_bakim_x2.0_siki_marj,0.002714325739655913,0.0027143257396557196,1.0000000000000713,optimal,False
BSU31750,Mars_bakim_x2.0_siki_marj,0.002714325739655913,0.0027143257396557196,1.0000000000000713,optimal,False
BSU17600,Mars_bakim_x2.0_siki_marj,0.002714325739655913,0.0027143257396557196,1.0000000000000713,optimal,False
BSU28510,Mars_bakim_x2.0_siki_marj,0.002714325739655913,0.0027143257396557196,1.0000000000000713,optimal,False
BSU28750,Mars_bakim_x2.0_siki_marj,0.002714325739655913,0.0027143257396557196,1.0000000000000713,optimal,False
BSU11230,Mars_bakim_x2.0_siki_marj,0.002714325739655913,0.0027143257396557196,1.0000000000000713,optimal,False
BSU04560,Mars_bakim_x2.0_siki_marj,-6.76692877312593e-17,0.0027143257396557196,-2.4930422588057672e-14,optimal,True
BSU09530,Mars_bakim_x2.0_siki_marj,0.0027143257396546033,0.0027143257396557196,0.9999999999995888,optimal,False
BSU00270,Mars_bakim_x2.0_siki_marj,0.0027143257396544545,0.0027143257396557196,0.9999999999995339,optimal,False
BSU08790,Mars_bakim_x2.0_siki_marj,0.0027143257396544545,0.0027143257396557196,0.9999999999995339,optimal,False
BSU13300,Mars_bakim_x2.0_siki_marj,0.0027143257396544545,0.0027143257396557196,0.9999999999995339,optimal,False
BSU27860,Mars_bakim_x2.0_siki_marj,6.506905935588366e-14,0.0027143257396557196,2.3972457839248472e-11,optimal,True
BSU25580,Mars_bakim_x2.0_siki_marj,0.0027143257396584114,0.0027143257396557196,1.0000000000009917,optimal,False
BSU18000,Mars_bakim_x2.0_siki_marj,,0.0027143257396557196,,infeasible,False
BSU10220,Mars_bakim_x2.0_siki_marj,0.0027143257396567144,0.0027143257396557196,1.0000000000003666,optimal,False
BSU24950,Mars_bakim_x2.0_siki_marj,0.002714325739658797,0.0027143257396557196,1.0000000000011338,optimal,False
BSU31180,Mars_bakim_x2.0_siki_marj,0.002714325739658797,0.0027143257396557196,1.0000000000011338,optimal,False
BSU14180,Mars_bakim_x2.0_siki_marj,-1.2366871602602546e-16,0.0027143257396557196,-4.5561486677612756e-14,optimal,True
BSU29710,Mars_bakim_x2.0_siki_marj,0.0027143257396543274,0.0027143257396557196,0.9999999999994871,optimal,False
BSU20020,Mars_bakim_x2.0_siki_marj,0.0027143257396565587,0.0027143257396557196,1.000000000000309,optimal,False
BSU03300,Mars_bakim_x2.0_siki_marj,0.0027143257396565587,0.0027143257396557196,1.000000000000309,optimal,False
BSU31760,Mars_bakim_x2.0_siki_marj,0.0027143257396565587,0.0027143257396557196,1.000000000000309,optimal,False
BSU01580,Mars_bakim_x2.0_siki_marj,0.0027143257396565587,0.0027143257396557196,1.000000000000309,optimal,False
BSU24960,Mars_bakim_x2.0_siki_marj,0.0027143257396565587,0.0027143257396557196,1.000000000000309,optimal,False
BSU22140,Mars_bakim_x2.0_siki_marj,0.0027143257396565587,0.0027143257396557196,1.000000000000309,optimal,False
BSU27270,Mars_bakim_x2.0_siki_marj,0.0027143257396565587,0.0027143257396557196,1.000000000000309,optimal,False
BSU00730,Mars_bakim_x2.0_siki_marj,0.0027143257396565587,0.0027143257396557196,1.000000000000309,optimal,False
BSU22670,Mars_bakim_x2.0_siki_marj,-4.737319450582436e-17,0.0027143257396557196,-1.7453024820754598e-14,optimal,True
BSU15110,Mars_bakim_x2.0_siki_marj,0.002714325739656157,0.0027143257396557196,1.0000000000001612,optimal,False
BSU35930,Mars_bakim_x2.0_siki_marj,0.0027143257396558696,0.0027143257396557196,1.0000000000000553,optimal,False
BSU06310,Mars_bakim_x2.0_siki_marj,0.0027143257396558696,0.0027143257396557196,1.0000000000000553,optimal,False
BSU35960,Mars_bakim_x2.0_siki_marj,0.0027143257396558696,0.0027143257396557196,1.0000000000000553,optimal,False
BSU38510,Mars_bakim_x2.0_siki_marj,2.2467567799866915e-17,0.0027143257396557196,8.277402918750887e-15,optimal,True
BSU38280,Mars_bakim_x2.0_siki_marj,0.002714293616057982,0.0027143257396557196,0.9999881651648259,optimal,False
BSU03320,Mars_bakim_x2.0_siki_marj,0.0027143257396556038,0.0027143257396557196,0.9999999999999574,optimal,False
BSU32000,Mars_bakim_x2.0_siki_marj,0.002714325739652987,0.0027143257396557196,0.9999999999989932,optimal,False
BSU10120,Mars_bakim_x2.0_siki_marj,0.002714325739652987,0.0027143257396557196,0.9999999999989932,optimal,False
BSU05740,Mars_bakim_x2.0_siki_marj,0.002714325739652987,0.0027143257396557196,0.9999999999989932,optimal,False
BSU27430,Mars_bakim_x2.0_siki_marj,0.002714325739652987,0.0027143257396557196,0.9999999999989932,optimal,False
BSU07840,Mars_bakim_x2.0_siki_marj,0.0027143108789033105,0.0027143257396557196,0.999994525066689,optimal,False
BSU01630,Mars_bakim_x2.0_siki_marj,0.0027143257396551905,0.0027143257396557196,0.999999999999805,optimal,False
BSU31150,Mars_bakim_x2.0_siki_marj,-1.5606221239498917e-16,0.0027143257396557196,-5.749575672328253e-14,optimal,True
BSU36650,Mars_bakim_x2.0_siki_marj,0.002714325739654276,0.0027143257396557196,0.9999999999994681,optimal,False
BSU19360,Mars_bakim_x2.0_siki_marj,,0.0027143257396557196,,infeasible,False
BSU02270,Mars_bakim_x2.0_siki_marj,-2.3705789931801418e-29,0.0027143257396557196,-8.73358329306792e-27,optimal,True
BSU38190,Mars_bakim_x2.0_siki_marj,0.0027143257396562187,0.0027143257396557196,1.0000000000001839,optimal,False
BSU11330,Mars_bakim_x2.0_siki_marj,0.0027143257396552967,0.0027143257396557196,0.9999999999998442,optimal,False
BSU22110,Mars_bakim_x2.0_siki_marj,0.0027143257396552967,0.0027143257396557196,0.9999999999998442,optimal,False
BSU31640,Mars_bakim_x2.0_siki_marj,0.0027143257396552967,0.0027143257396557196,0.9999999999998442,optimal,False
BSU03820,Mars_bakim_x2.0_siki_marj,0.0027143257396552967,0.0027143257396557196,0.9999999999998442,optimal,False
BSU39350,Mars_bakim_x2.0_siki_marj,0.0027143257396552967,0.0027143257396557196,0.9999999999998442,optimal,False
BSU23070,Mars_bakim_x2.0_siki_marj,-6.521046352214239e-15,0.0027143257396557196,-2.4024553342817864e-12,optimal,True
BSU39780,Mars_bakim_x2.0_siki_marj,0.002714325739655967,0.0027143257396557196,1.0000000000000913,optimal,False
BSU33320,Mars_bakim_x2.0_siki_marj,0.0027143257396565457,0.0027143257396557196,1.0000000000003044,optimal,False
BSU27070,Mars_bakim_x2.0_siki_marj,0.0027143257396565457,0.0027143257396557196,1.0000000000003044,optimal,False
BSU11220,Mars_bakim_x2.0_siki_marj,0.0,0.0027143257396557196,0.0,optimal,True
BSU22740,Mars_bakim_x2.0_siki_marj,0.0,0.0027143257396557196,0.0,optimal,True
BSU35710,Mars_bakim_x2.0_siki_marj,0.0,0.0027143257396557196,0.0,optimal,True
BSU21680,Mars_bakim_x2.0_siki_marj,0.0027143257396551363,0.0027143257396557196,0.9999999999997851,optimal,False
BSU33330,Mars_bakim_x2.0_siki_marj,0.0027143257396575987,0.0027143257396557196,1.0000000000006923,optimal,False
BSU25300,Mars_bakim_x2.0_siki_marj,0.0027143257396575987,0.0027143257396557196,1.0000000000006923,optimal,False
BSU35530,Mars_bakim_x2.0_siki_marj,-6.993418974254652e-18,0.0027143257396557196,-2.576484786657067e-15,optimal,True
BSU32440,Mars_bakim_x2.0_siki_marj,0.0027143257396558744,0.0027143257396557196,1.000000000000057,optimal,False
BSU11720,Mars_bakim_x2.0_siki_marj,0.0027143257396528707,0.0027143257396557196,0.9999999999989504,optimal,False
BSU23560,Mars_bakim_x2.0_siki_marj,0.0027143257396528707,0.0027143257396557196,0.9999999999989504,optimal,False
BSU32510,Mars_bakim_x2.0_siki_marj,0.0027143257396528707,0.0027143257396557196,0.9999999999989504,optimal,False
BSU04030,Mars_bakim_x2.0_siki_marj,0.0027143257396528707,0.0027143257396557196,0.9999999999989504,optimal,False
BSU29010,Mars_bakim_x2.0_siki_marj,0.0027143257396528707,0.0027143257396557196,0.9999999999989504,optimal,False
BSU34160,Mars_bakim_x2.0_siki_marj,0.0027143257396528707,0.0027143257396557196,0.9999999999989504,optimal,False
BSU15230,Mars_bakim_x2.0_siki_marj,2.2464191411588634e-17,0.0027143257396557196,8.276159004570304e-15,optimal,True
BSU32170,Mars_bakim_x2.0_siki_marj,0.0,0.0027143257396557196,0.0,optimal,True
BSU25160,Mars_bakim_x2.0_siki_marj,0.0,0.0027143257396557196,0.0,optimal,True
BSU18670,Mars_bakim_x2.0_siki_marj,0.00271432573965591,0.0027143257396557196,1.0000000000000702,optimal,False
BSU00910,Mars_bakim_x2.0_siki_marj,1.4723069862707777e-16,0.0027143257396557196,5.4242089103775826e-14,optimal,True
BSU33180,Mars_bakim_x2.0_siki_marj,0.0027143257396564585,0.0027143257396557196,1.0000000000002722,optimal,False
BSU35010,Mars_bakim_x2.0_siki_marj,0.002714325739660621,0.0027143257396557196,1.0000000000018057,optimal,False
BSU29300,Mars_bakim_x2.0_siki_marj,0.002714325739660621,0.0027143257396557196,1.0000000000018057,optimal,False
BSU02340,Mars_bakim_x2.0_siki_marj,0.002714325739660621,0.0027143257396557196,1.0000000000018057,optimal,False
BSU15680,Mars_bakim_x2.0_siki_marj,9.287413263028378e-17,0.0027143257396557196,3.42162811461471e-14,optimal,True
BSU04000,Mars_bakim_x2.0_siki_marj,0.002714325739654523,0.0027143257396557196,0.9999999999995591,optimal,False
BSU32820,Mars_bakim_x2.0_siki_marj,0.0027143257396571394,0.0027143257396557196,1.0000000000005231,optimal,False
BSU24740,Mars_bakim_x2.0_siki_marj,0.0027143257396571394,0.0027143257396557196,1.0000000000005231,optimal,False
BSU38200,Mars_bakim_x2.0_siki_marj,0.0027143257396571394,0.0027143257396557196,1.0000000000005231,optimal,False
BSU28390,Mars_bakim_x2.0_siki_marj,0.0027143257396571394,0.0027143257396557196,1.0000000000005231,optimal,False
BSU21910,Mars_bakim_x2.0_siki_marj,0.0,0.0027143257396557196,0.0,optimal,True
BSU27900,Mars_bakim_x2.0_siki_marj,0.0,0.0027143257396557196,0.0,optimal,True
BSU22630,Mars_bakim_x2.0_siki_marj,0.0,0.0027143257396557196,0.0,optimal,True
BSU02090,Mars_bakim_x2.0_siki_marj,0.002714325739652585,0.0027143257396557196,0.9999999999988451,optimal,False
BSU19310,Mars_bakim_x2.0_siki_marj,0.0027143257396534505,0.0027143257396557196,0.9999999999991641,optimal,False
BSU35950,Mars_bakim_x2.0_siki_marj,0.0027143257396534505,0.0027143257396557196,0.9999999999991641,optimal,False
BSU10870,Mars_bakim_x2.0_siki_marj,0.0027143257396534505,0.0027143257396557196,0.9999999999991641,optimal,False
BSU34560,Mars_bakim_x2.0_siki_marj,0.0027143257396534505,0.0027143257396557196,0.9999999999991641,optimal,False
BSU01780,Mars_bakim_x2.0_siki_marj,1.2843225891240702e-16,0.0027143257396557196,4.73164502830442e-14,optimal,True
BSU30760,Mars_bakim_x2.0_siki_marj,0.0027143257396544085,0.0027143257396557196,0.999999999999517,optimal,False
BSU19710,Mars_bakim_x2.0_siki_marj,0.0027143257396509512,0.0027143257396557196,0.9999999999982433,optimal,False
BSU38290,Mars_bakim_x2.0_siki_marj,0.0027143257396509512,0.0027143257396557196,0.9999999999982433,optimal,False
BSU40550,Mars_bakim_x2.0_siki_marj,-1.3914915344241141e-14,0.0027143257396557196,-5.12647216247748e-12,optimal,True
BSU04520,Mars_bakim_x2.0_siki_marj,0.0027143257396572726,0.0027143257396557196,1.0000000000005722,optimal,False
BSU40190,Mars_bakim_x2.0_siki_marj,0.0027143257396568046,0.0027143257396557196,1.0000000000003997,optimal,False
BSU28150,Mars_bakim_x2.0_siki_marj,0.0027143257396568046,0.0027143257396557196,1.0000000000003997,optimal,False
BSU26700,Mars_bakim_x2.0_siki_marj,0.0027143257396568046,0.0027143257396557196,1.0000000000003997,optimal,False
BSU37150,Mars_bakim_x2.0_siki_marj,-1.460423687603542e-16,0.0027143257396557196,-5.380428981927495e-14,optimal,True
BSU22680,Mars_bakim_x2.0_siki_marj,0.0,0.0027143257396557196,0.0,optimal,True
BSU30870,Mars_bakim_x2.0_siki_marj,0.0027143257396560726,0.0027143257396557196,1.0000000000001301,optimal,False
BSU32470,Mars_bakim_x2.0_siki_marj,0.0027143257396570857,0.0027143257396557196,1.0000000000005034,optimal,False
BSU30230,Mars_bakim_x2.0_siki_marj,0.0027143257396570857,0.0027143257396557196,1.0000000000005034,optimal,False
BSU39670,Mars_bakim_x2.0_siki_marj,0.0027143257396570857,0.0027143257396557196,1.0000000000005034,optimal,False
BSU16510,Mars_bakim_x2.0_siki_marj,0.0027143257396570857,0.0027143257396557196,1.0000000000005034,optimal,False
BSU04640,Mars_bakim_x2.0_siki_marj,2.2174599108625894e-16,0.0027143257396557196,8.1694686767545e-14,optimal,True
BSU37780,Mars_bakim_x2.0_siki_marj,0.0027143257396551198,0.0027143257396557196,0.9999999999997791,optimal,False
BSU22480,Mars_bakim_x2.0_siki_marj,0.002714325739654827,0.0027143257396557196,0.9999999999996712,optimal,False
BSU06420,Mars_bakim_x2.0_siki_marj,-3.85711688489491e-14,0.0027143257396557196,-1.4210221081955108e-11,optimal,True
BSU28080,Mars_bakim_x2.0_siki_marj,-6.928778957175876e-17,0.0027143257396557196,-2.552670394694305e-14,optimal,True
BSU29360,Mars_bakim_x2.0_siki_marj,0.0027143257396573858,0.0027143257396557196,1.000000000000614,optimal,False
BSU13850,Mars_bakim_x2.0_siki_marj,0.0027143257396556294,0.0027143257396557196,0.9999999999999668,optimal,False
BSU38760,Mars_bakim_x2.0_siki_marj,0.0027143257396556294,0.0027143257396557196,0.9999999999999668,optimal,False
BSU02480,Mars_bakim_x2.0_siki_marj,0.0027143257396556294,0.0027143257396557196,0.9999999999999668,optimal,False
BSU38150,Mars_bakim_x2.0_siki_marj,0.0027143257396556294,0.0027143257396557196,0.9999999999999668,optimal,False
BSU33960,Mars_bakim_x2.0_siki_marj,0.0027143257396556294,0.0027143257396557196,0.9999999999999668,optimal,False
BSU37060,Mars_bakim_x2.0_siki_marj,0.0027143257396556294,0.0027143257396557196,0.9999999999999668,optimal,False
BSU30780,Mars_bakim_x2.0_siki_marj,-9.176051068123493e-17,0.0027143257396557196,-3.380600542544819e-14,optimal,True
BSU38630,Mars_bakim_x2.0_siki_marj,0.002714325739655524,0.0027143257396557196,0.999999999999928,optimal,False
BSU36120,Mars_bakim_x2.0_siki_marj,0.0027143257396560158,0.0027143257396557196,1.000000000000109,optimal,False
BSU36840,Mars_bakim_x2.0_siki_marj,,0.0027143257396557196,,infeasible,False
BSU13600,Mars_bakim_x2.0_siki_marj,0.0027143257396558184,0.0027143257396557196,1.0000000000000364,optimal,False
BSU22540,Mars_bakim_x2.0_siki_marj,,0.0027143257396557196,,infeasible,False
BSU18470,Mars_bakim_x2.0_siki_marj,0.002714325739656219,0.0027143257396557196,1.000000000000184,optimal,False
BSU06160,Mars_bakim_x2.0_siki_marj,0.0027143257396538847,0.0027143257396557196,0.999999999999324,optimal,False
BSU37190,Mars_bakim_x2.0_siki_marj,0.0027143257396538847,0.0027143257396557196,0.999999999999324,optimal,False
BSU13580,Mars_bakim_x2.0_siki_marj,0.0027143257396538847,0.0027143257396557196,0.999999999999324,optimal,False
BSU00750,Mars_bakim_x2.0_siki_marj,6.407875580007694e-17,0.0027143257396557196,2.360761454084158e-14,optimal,True
BSU32180,Mars_bakim_x2.0_siki_marj,0.0027143257396560535,0.0027143257396557196,1.000000000000123,optimal,False
BSU12380,Mars_bakim_x2.0_siki_marj,0.002714325739653888,0.0027143257396557196,0.9999999999993253,optimal,False
BSU15570,Mars_bakim_x2.0_siki_marj,0.0,0.0027143257396557196,0.0,optimal,True
BSU37270,Mars_bakim_x2.0_siki_marj,0.002714325739655023,0.0027143257396557196,0.9999999999997434,optimal,False
BSU15350,Mars_bakim_x2.0_siki_marj,0.002714325739653398,0.0027143257396557196,0.9999999999991447,optimal,False
BSU09290,Mars_bakim_x2.0_siki_marj,0.002714325739653398,0.0027143257396557196,0.9999999999991447,optimal,False
BSU30830,Mars_bakim_x2.0_siki_marj,0.002714325739653398,0.0027143257396557196,0.9999999999991447,optimal,False
BSU37110,Mars_bakim_x2.0_siki_marj,0.002713407490891717,0.0027143257396557196,0.9996617028123829,optimal,False
BSU10020,Mars_bakim_x2.0_siki_marj,-1.9753964161040697e-14,0.0027143257396557196,-7.277668951975622e-12,optimal,True
BSU24340,Mars_bakim_x2.0_siki_marj,-4.437286981450467e-17,0.0027143257396557196,-1.634765833968507e-14,optimal,True
BSU22760,Mars_bakim_x2.0_siki_marj,-2.3751342534713517e-29,0.0027143257396557196,-8.750365583508079e-27,optimal,True
BSU00790,Mars_bakim_x2.0_siki_marj,0.0,0.0027143257396557196,0.0,optimal,True
BSU32250,Mars_bakim_x2.0_siki_marj,9.652209654687902e-15,0.0027143257396557196,3.556024803387147e-12,optimal,True
BSU02360,Mars_bakim_x2.0_siki_marj,0.002714325739655505,0.0027143257396557196,0.999999999999921,optimal,False
BSU30530,Mars_bakim_x2.0_siki_marj,0.00271432573965714,0.0027143257396557196,1.0000000000005234,optimal,False
BSU06980,Mars_bakim_x2.0_siki_marj,0.00271432573965714,0.0027143257396557196,1.0000000000005234,optimal,False
BSU37170,Mars_bakim_x2.0_siki_marj,0.00271432573965714,0.0027143257396557196,1.0000000000005234,optimal,False
BSU03310,Mars_bakim_x2.0_siki_marj,0.00271432573965714,0.0027143257396557196,1.0000000000005234,optimal,False
BSU22060,Mars_bakim_x2.0_siki_marj,0.00271432573965714,0.0027143257396557196,1.0000000000005234,optimal,False
BSU21870,Mars_bakim_x2.0_siki_marj,0.0,0.0027143257396557196,0.0,optimal,True
BSU15550,Mars_bakim_x2.0_siki_marj,4.662590814574688e-15,0.0027143257396557196,1.7177712853159926e-12,optimal,True
BSU38050,Mars_bakim_x2.0_siki_marj,0.0027143257396552113,0.0027143257396557196,0.9999999999998127,optimal,False
BSU03200,Mars_bakim_x2.0_siki_marj,0.0027143257396548184,0.0027143257396557196,0.999999999999668,optimal,False
BSU27250,Mars_bakim_x2.0_siki_marj,0.0027132648527620346,0.0027143257396557196,0.9996091526974137,optimal,False
BSU33940,Mars_bakim_x2.0_siki_marj,,0.0027143257396557196,,infeasible,False
BSU40070,Mars_bakim_x2.0_siki_marj,0.0027143257396561554,0.0027143257396557196,1.0000000000001605,optimal,False
BSU19630,Mars_bakim_x2.0_siki_marj,0.0027143257396518897,0.0027143257396557196,0.999999999998589,optimal,False
BSU30240,Mars_bakim_x2.0_siki_marj,0.0027143257396518897,0.0027143257396557196,0.999999999998589,optimal,False
BSU40850,Mars_bakim_x2.0_siki_marj,0.0027143257396518897,0.0027143257396557196,0.999999999998589,optimal,False
BSU39370,Mars_bakim_x2.0_siki_marj,0.0027143257396518897,0.0027143257396557196,0.999999999998589,optimal,False
BSU09540,Mars_bakim_x2.0_siki_marj,7.558282521676127e-17,0.0027143257396557196,2.7845893406422205e-14,optimal,True
BSU15910,Mars_bakim_x2.0_siki_marj,0.0,0.0027143257396557196,0.0,optimal,True
BSU16090,Mars_bakim_x2.0_siki_marj,,0.0027143257396557196,,infeasible,False
BSU27450,Mars_bakim_x2.0_siki_marj,0.002714325739652077,0.0027143257396557196,0.9999999999986581,optimal,False
BSU16990,Mars_bakim_x2.0_siki_marj,0.002714325739656523,0.0027143257396557196,1.000000000000296,optimal,False
BSU29060,Mars_bakim_x2.0_siki_marj,0.002714325739656523,0.0027143257396557196,1.000000000000296,optimal,False
BSU32840,Mars_bakim_x2.0_siki_marj,0.0027097647724612785,0.0027143257396557196,0.9983196684436926,optimal,False
BSU22490,Mars_bakim_x2.0_siki_marj,2.312873361165636e-16,0.0027143257396557196,8.520986731161444e-14,optimal,True
BSU13610,Mars_bakim_x2.0_siki_marj,0.002714325739655048,0.0027143257396557196,0.9999999999997525,optimal,False
BSU16540,Mars_bakim_x2.0_siki_marj,-2.193362149883391e-16,0.0027143257396557196,-8.080688761259705e-14,optimal,True
BSU13900,Mars_bakim_x2.0_siki_marj,0.0012328956345436302,0.0027143257396557196,0.45421800947885077,optimal,False
BSU22710,Mars_bakim_x2.0_siki_marj,0.0,0.0027143257396557196,0.0,optimal,True
BSU02390,Mars_bakim_x2.0_siki_marj,0.0027143257396551102,0.0027143257396557196,0.9999999999997755,optimal,False
BSU22620,Mars_bakim_x2.0_siki_marj,0.002714325739655503,0.0027143257396557196,0.9999999999999203,optimal,False
BSU35660,Mars_bakim_x2.0_siki_marj,-9.267921982576238e-17,0.0027143257396557196,-3.414447222444188e-14,optimal,True
BSU14000,Mars_bakim_x2.0_siki_marj,0.0,0.0027143257396557196,0.0,optimal,True
BSU33440,Mars_bakim_x2.0_siki_marj,0.002714325739655763,0.0027143257396557196,1.000000000000016,optimal,False
BSU13910,Mars_bakim_x2.0_siki_marj,0.0012328956345451305,0.0027143257396557196,0.4542180094794035,optimal,False
BSU13890,Mars_bakim_x2.0_siki_marj,0.0012328956345430773,0.0027143257396557196,0.45421800947864704,optimal,False
BSU01530,Mars_bakim_x2.0_siki_marj,0.0027143257396554103,0.0027143257396557196,0.9999999999998861,optimal,False
BSU25420,Mars_bakim_x2.0_siki_marj,0.0027143257396569855,0.0027143257396557196,1.0000000000004663,optimal,False
BSU28450,Mars_bakim_x2.0_siki_marj,,0.0027143257396557196,,infeasible,False
BSU29340,Mars_bakim_x2.0_siki_marj,0.0027143257396546098,0.0027143257396557196,0.9999999999995911,optimal,False
BSU35760,Mars_bakim_x2.0_siki_marj,-3.9163497453955654e-16,0.0027143257396557196,-1.4428444192156202e-13,optimal,True
BSU15180,Mars_bakim_x2.0_siki_marj,0.0,0.0027143257396557196,0.0,optimal,True
BSU03280,Mars_bakim_x2.0_siki_marj,0.0027143257396552074,0.0027143257396557196,0.9999999999998113,optimal,False
BSU32730,Mars_bakim_x2.0_siki_marj,0.002714325739655904,0.0027143257396557196,1.000000000000068,optimal,False
BSU35590,Mars_bakim_x2.0_siki_marj,0.002714325739655904,0.0027143257396557196,1.000000000000068,optimal,False
BSU22640,Mars_bakim_x2.0_siki_marj,1.1307325784364606e-16,0.0027143257396557196,4.165795438317145e-14,optimal,True
BSU32260,Mars_bakim_x2.0_siki_marj,0.0,0.0027143257396557196,0.0,optimal,True
BSU14890,Mars_bakim_x2.0_siki_marj,,0.0027143257396557196,,infeasible,False
BSU08460,Mars_bakim_x2.0_siki_marj,0.002714325739656116,0.0027143257396557196,1.000000000000146,optimal,False
BSU15530,Mars_bakim_x2.0_siki_marj,1.1840541492162487e-16,0.0027143257396557196,4.36224043384871e-14,optimal,True
BSU23980,Mars_bakim_x2.0_siki_marj,0.0027143257396551467,0.0027143257396557196,0.999999999999789,optimal,False
BSU31600,Mars_bakim_x2.0_siki_marj,0.0027143257396539566,0.0027143257396557196,0.9999999999993505,optimal,False
BSU35670,Mars_bakim_x2.0_siki_marj,-2.692223988494818e-16,0.0027143257396557196,-9.918573696450652e-14,optimal,True
BSU28780,Mars_bakim_x2.0_siki_marj,0.0027143257396549376,0.0027143257396557196,0.9999999999997119,optimal,False
BSU16750,Mars_bakim_x2.0_siki_marj,3.0893073275254124e-16,0.0027143257396557196,1.1381490741480627e-13,optimal,True
BSU29180,Mars_bakim_x2.0_siki_marj,,0.0027143257396557196,,infeasible,False
BSU34870,Mars_bakim_x2.0_siki_marj,-2.176785258345135e-29,0.0027143257396557196,-8.019616903538022e-27,optimal,True
BSU35550,Mars_bakim_x2.0_siki_marj,0.002714325739656065,0.0027143257396557196,1.0000000000001272,optimal,False
BSU18260,Mars_bakim_x2.0_siki_marj,0.002714325739654627,0.0027143257396557196,0.9999999999995975,optimal,False
BSU33430,Mars_bakim_x2.0_siki_marj,0.002714325739654627,0.0027143257396557196,0.9999999999995975,optimal,False
BSU29620,Mars_bakim_x2.0_siki_marj,-3.3979096795558445e-16,0.0027143257396557196,-1.251843000975568e-13,optimal,True
BSU14920,Mars_bakim_x2.0_siki_marj,,0.0027143257396557196,,infeasible,False
BSU06240,Mars_bakim_x2.0_siki_marj,0.002714325739655093,0.0027143257396557196,0.9999999999997691,optimal,False
BSU40420,Mars_bakim_x2.0_siki_marj,-8.013966671865875e-15,0.0027143257396557196,-2.952470499315367e-12,optimal,True
BSU35580,Mars_bakim_x2.0_siki_marj,0.0027143257396550014,0.0027143257396557196,0.9999999999997354,optimal,False
BSU13110,Mars_bakim_x2.0_siki_marj,0.0027141151065174425,0.0027143257396557196,0.9999223994617891,optimal,False
BSU35600,Mars_bakim_x2.0_siki_marj,0.002714325739655312,0.0027143257396557196,0.9999999999998498,optimal,False
BSU28740,Mars_bakim_x2.0_siki_marj,0.0027143257396562304,0.0027143257396557196,1.0000000000001883,optimal,False
BSU10790,Mars_bakim_x2.0_siki_marj,0.0027143257396562304,0.0027143257396557196,1.0000000000001883,optimal,False
BSU30540,Mars_bakim_x2.0_siki_marj,0.0027143257396562304,0.0027143257396557196,1.0000000000001883,optimal,False
BSU39400,Mars_bakim_x2.0_siki_marj,0.0027143108789064803,0.0027143257396557196,0.9999945250678568,optimal,False
BSU38990,Mars_bakim_x2.0_siki_marj,0.002714325739659448,0.0027143257396557196,1.0000000000013736,optimal,False
BSU34590,Mars_bakim_x2.0_siki_marj,0.0027143257396562304,0.0027143257396557196,1.0000000000001883,optimal,False
BSU06170,Mars_bakim_x2.0_siki_marj,0.0027143257396562304,0.0027143257396557196,1.0000000000001883,optimal,False
BSU00510,Mars_bakim_x2.0_siki_marj,8.444764815483738e-15,0.0027143257396557196,3.111183264450367e-12,optimal,True
BSU30770,Mars_bakim_x2.0_siki_marj,0.0027143257396557608,0.0027143257396557196,1.000000000000015,optimal,False
BSU16730,Mars_bakim_x2.0_siki_marj,0.0027143257396569183,0.0027143257396557196,1.0000000000004416,optimal,False
BSU35570,Mars_bakim_x2.0_siki_marj,0.0027143257396569183,0.0027143257396557196,1.0000000000004416,optimal,False
BSU11640,Mars_bakim_x2.0_siki_marj,0.0027143257396569183,0.0027143257396557196,1.0000000000004416,optimal,False
BSU28730,Mars_bakim_x2.0_siki_marj,0.0027143257396569183,0.0027143257396557196,1.0000000000004416,optimal,False
BSU38570,Mars_bakim_x2.0_siki_marj,0.0027143257396569183,0.0027143257396557196,1.0000000000004416,optimal,False
BSU15490,Mars_bakim_x2.0_siki_marj,-4.038335982742227e-16,0.0027143257396557196,-1.4877860544675976e-13,optimal,True
BSU06150,Mars_bakim_x2.0_siki_marj,0.002714325739656635,0.0027143257396557196,1.0000000000003373,optimal,False
BSU18230,Mars_bakim_x2.0_siki_marj,0.0027143257396547472,0.0027143257396557196,0.9999999999996417,optimal,False
BSU29380,Mars_bakim_x2.0_siki_marj,0.0027143257396547472,0.0027143257396557196,0.9999999999996417,optimal,False
BSU33400,Mars_bakim_x2.0_siki_marj,0.0027143257396547472,0.0027143257396557196,0.9999999999996417,optimal,False
BSU38750,Mars_bakim_x2.0_siki_marj,0.0027143257396547472,0.0027143257396557196,0.9999999999996417,optimal,False
BSU14400,Mars_bakim_x2.0_siki_marj,0.0027143257396547472,0.0027143257396557196,0.9999999999996417,optimal,False
BSU12920,Mars_bakim_x2.0_siki_marj,0.0027143257396547472,0.0027143257396557196,0.9999999999996417,optimal,False
BSU22660,Mars_bakim_x2.0_siki_marj,0.0,0.0027143257396557196,0.0,optimal,True
BSU27810,Mars_bakim_x2.0_siki_marj,0.0027143257396559095,0.0027143257396557196,1.00000000000007,optimal,False
BSU34140,Mars_bakim_x2.0_siki_marj,0.0027143257396549055,0.0027143257396557196,0.9999999999997001,optimal,False
BSU04360,Mars_bakim_x2.0_siki_marj,0.0027143257396549055,0.0027143257396557196,0.9999999999997001,optimal,False
BSU32740,Mars_bakim_x2.0_siki_marj,0.0027143257396549055,0.0027143257396557196,0.9999999999997001,optimal,False
BSU35750,Mars_bakim_x2.0_siki_marj,3.089008799596223e-17,0.0027143257396557196,1.1380390917959712e-14,optimal,True
BSU09130,Mars_bakim_x2.0_siki_marj,0.002714325739655648,0.0027143257396557196,0.9999999999999737,optimal,False
BSU27010,Mars_bakim_x2.0_siki_marj,0.002714325739657437,0.0027143257396557196,1.0000000000006326,optimal,False
BSU10270,Mars_bakim_x2.0_siki_marj,0.002714325739657437,0.0027143257396557196,1.0000000000006326,optimal,False
BSU01680,Mars_bakim_x2.0_siki_marj,0.002714325739657437,0.0027143257396557196,1.0000000000006326,optimal,False
BSU26690,Mars_bakim_x2.0_siki_marj,0.002714325739657437,0.0027143257396557196,1.0000000000006326,optimal,False
BSU31060,Mars_bakim_x2.0_siki_marj,0.002714325739657437,0.0027143257396557196,1.0000000000006326,optimal,False
BSU30800,Mars_bakim_x2.0_siki_marj,-3.7068105595154655e-16,0.0027143257396557196,-1.3656469101551647e-13,optimal,True
BSU12010,Mars_bakim_x2.0_siki_marj,0.0027143257396552204,0.0027143257396557196,0.9999999999998161,optimal,False
BSU31660,Mars_bakim_x2.0_siki_marj,0.0027143257396549055,0.0027143257396557196,0.9999999999997001,optimal,False
BSU36800,Mars_bakim_x2.0_siki_marj,,0.0027143257396557196,,infeasible,False
BSU28470,Mars_bakim_x2.0_siki_marj,0.002714325739647753,0.0027143257396557196,0.9999999999970649,optimal,False
BG12900,Mars_bakim_x2.0_siki_marj,5.255060112698933e-16,0.0027143257396557196,1.9360462290592563e-13,optimal,True
BSU15900,Mars_bakim_x2.0_siki_marj,0.0,0.0027143257396557196,0.0,optimal,True
BSU24170,Mars_bakim_x2.0_siki_marj,0.0027101642439085064,0.0027143257396557196,0.9984668399645574,optimal,False
BSU39050,Mars_bakim_x2.0_siki_marj,0.0027143257396576304,0.0027143257396557196,1.0000000000007039,optimal,False
BSU31630,Mars_bakim_x2.0_siki_marj,0.002714325739655993,0.0027143257396557196,1.0000000000001008,optimal,False
BSU29140,Mars_bakim_x2.0_siki_marj,0.002714325739655993,0.0027143257396557196,1.0000000000001008,optimal,False
BSU37790,Mars_bakim_x2.0_siki_marj,0.002714325739655993,0.0027143257396557196,1.0000000000001008,optimal,False
BSU24070,Mars_bakim_x2.0_siki_marj,0.002714325739655993,0.0027143257396557196,1.0000000000001008,optimal,False
BSU17000,Mars_bakim_x2.0_siki_marj,0.002714325739655993,0.0027143257396557196,1.0000000000001008,optimal,False
BSU30280,Mars_bakim_x2.0_siki_marj,0.002714325739655993,0.0027143257396557196,1.0000000000001008,optimal,False
BSU13590,Mars_bakim_x2.0_siki_marj,0.002714325739655993,0.0027143257396557196,1.0000000000001008,optimal,False
BSU26860,Mars_bakim_x2.0_siki_marj,0.002714325739655993,0.0027143257396557196,1.0000000000001008,optimal,False
BSU32450,Mars_bakim_x2.0_siki_marj,0.002714325739655993,0.0027143257396557196,1.0000000000001008,optimal,False
BSU24970,Mars_bakim_x2.0_siki_marj,0.002714325739655993,0.0027143257396557196,1.0000000000001008,optimal,False
BSU27220,Mars_bakim_x2.0_siki_marj,0.0027143257396565457,0.0027143257396557196,1.0000000000003044,optimal,False
BSU11670,Mars_bakim_x2.0_siki_marj,0.0027143257396565457,0.0027143257396557196,1.0000000000003044,optimal,False
BSU30440,Mars_bakim_x2.0_siki_marj,0.0027143257396565457,0.0027143257396557196,1.0000000000003044,optimal,False
BSU33910,Mars_bakim_x2.0_siki_marj,,0.0027143257396557196,,infeasible,False
BSU24990,Mars_bakim_x2.0_siki_marj,0.002714325739654719,0.0027143257396557196,0.9999999999996314,optimal,False
BSU00740,Mars_bakim_x2.0_siki_marj,-1.1057264128400122e-16,0.0027143257396557196,-4.073668818320459e-14,optimal,True
BSU28300,Mars_bakim_x2.0_siki_marj,0.002714325739656098,0.0027143257396557196,1.0000000000001394,optimal,False
BSU39860,Mars_bakim_x2.0_siki_marj,0.0027143257396568627,0.0027143257396557196,1.0000000000004212,optimal,False
BSU39450,Mars_bakim_x2.0_siki_marj,0.0027143257396568627,0.0027143257396557196,1.0000000000004212,optimal,False
BSU13170,Mars_bakim_x2.0_siki_marj,0.0027143257396568627,0.0027143257396557196,1.0000000000004212,optimal,False
BSU29200,Mars_bakim_x2.0_siki_marj,8.76254212562125e-17,0.0027143257396557196,3.228257389156497e-14,optimal,True
BSU26650,Mars_bakim_x2.0_siki_marj,0.002714325739654865,0.0027143257396557196,0.9999999999996853,optimal,False
BSU00120,Mars_bakim_x2.0_siki_marj,0.002714325739654003,0.0027143257396557196,0.9999999999993676,optimal,False
BSU23800,Mars_bakim_x2.0_siki_marj,0.002714325739654003,0.0027143257396557196,0.9999999999993676,optimal,False
BSU18450,Mars_bakim_x2.0_siki_marj,0.002714325739654003,0.0027143257396557196,0.9999999999993676,optimal,False
BSU32130,Mars_bakim_x2.0_siki_marj,0.002714325739654003,0.0027143257396557196,0.9999999999993676,optimal,False
BSU32500,Mars_bakim_x2.0_siki_marj,0.002714325739654003,0.0027143257396557196,0.9999999999993676,optimal,False
BSU23250,Mars_bakim_x2.0_siki_marj,0.002714325739654003,0.0027143257396557196,0.9999999999993676,optimal,False
BSU08080,Mars_bakim_x2.0_siki_marj,0.002714325739654003,0.0027143257396557196,0.9999999999993676,optimal,False
BSU30820,Mars_bakim_x2.0_siki_marj,-1.509081664825311e-16,0.0027143257396557196,-5.559692570342425e-14,optimal,True
BSU04570,Mars_bakim_x2.0_siki_marj,0.0,0.0027143257396557196,0.0,optimal,True
BSU11610,Mars_bakim_x2.0_siki_marj,0.0,0.0027143257396557196,0.0,optimal,True
BSU00770,Mars_bakim_x2.0_siki_marj,-5.897102189348198e-17,0.0027143257396557196,-2.1725845587332405e-14,optimal,True
BSU23760,Mars_bakim_x2.0_siki_marj,0.0027143257396563323,0.0027143257396557196,1.0000000000002258,optimal,False
BSU22600,Mars_bakim_x2.0_siki_marj,5.841694750414167e-17,0.0027143257396557196,2.152171592770998e-14,optimal,True
BSU15590,Mars_bakim_x2.0_siki_marj,0.0,0.0027143257396557196,0.0,optimal,True
BSU25640,Mars_bakim_x2.0_siki_marj,7.891306799990197e-14,0.0027143257396557196,2.9072806865807922e-11,optimal,True
BSU33490,Mars_bakim_x2.0_siki_marj,0.00271432573965464,0.0027143257396557196,0.9999999999996023,optimal,False
BSU38770,Mars_bakim_x2.0_siki_marj,0.0027143257396590407,0.0027143257396557196,1.0000000000012235,optimal,False
BSU11240,Mars_bakim_x2.0_siki_marj,0.0027143257396590407,0.0027143257396557196,1.0000000000012235,optimal,False
BSU22370,Mars_bakim_x2.0_siki_marj,1.2223474834620383e-14,0.0027143257396557196,4.5033190585927196e-12,optimal,True
BSU15190,Mars_bakim_x2.0_siki_marj,4.9233290285639976e-17,0.0027143257396557196,1.8138313160558482e-14,optimal,True
BSU14580,Mars_bakim_x2.0_siki_marj,,0.0027143257396557196,,infeasible,False
BSU29680,Mars_bakim_x2.0_siki_marj,0.002714325739657203,0.0027143257396557196,1.0000000000005467,optimal,False
BSU40040,Mars_bakim_x2.0_siki_marj,0.0027143257396582765,0.0027143257396557196,1.0000000000009421,optimal,False
BSU23490,Mars_bakim_x2.0_siki_marj,0.0027143257396582765,0.0027143257396557196,1.0000000000009421,optimal,False
BSU28260,Mars_bakim_x2.0_siki_marj,-2.8924071742065096e-17,0.0027143257396557196,-1.065607982103643e-14,optimal,True
BSU14910,Mars_bakim_x2.0_siki_marj,,0.0027143257396557196,,infeasible,False
BSU24060,Mars_bakim_x2.0_siki_marj,-1.5358516408565184e-31,0.0027143257396557196,-5.658317343486281e-29,optimal,True
BSU34150,Mars_bakim_x2.0_siki_marj,0.0027143257396532354,0.0027143257396557196,0.9999999999990848,optimal,False
BSU17390,Mars_bakim_x2.0_siki_marj,0.0,0.0027143257396557196,0.0,optimal,True
BSU00280,Mars_bakim_x2.0_siki_marj,0.0,0.0027143257396557196,0.0,optimal,True
BSU39390,Mars_bakim_x2.0_siki_marj,0.0027143257396558844,0.0027143257396557196,1.0000000000000606,optimal,False
BSU06460,Mars_bakim_x2.0_siki_marj,-7.375176378360951e-14,0.0027143257396557196,-2.7171301773443027e-11,optimal,True
BSU16760,Mars_bakim_x2.0_siki_marj,0.0027143257396570284,0.0027143257396557196,1.0000000000004823,optimal,False
BSU06990,Mars_bakim_x2.0_siki_marj,0.0027143257396573563,0.0027143257396557196,1.000000000000603,optimal,False
BSU28130,Mars_bakim_x2.0_siki_marj,0.0027143257396573563,0.0027143257396557196,1.000000000000603,optimal,False
BSU22830,Mars_bakim_x2.0_siki_marj,5.4027653040076945e-17,0.0027143257396557196,1.9904631286784953e-14,optimal,True
BSU03800,Mars_bakim_x2.0_siki_marj,0.0027143257396554134,0.0027143257396557196,0.9999999999998872,optimal,False
BSU24980,Mars_bakim_x2.0_siki_marj,0.0027143257396537094,0.0027143257396557196,0.9999999999992595,optimal,False
BSU23280,Mars_bakim_x2.0_siki_marj,0.0027143257396537094,0.0027143257396557196,0.9999999999992595,optimal,False
BSU35780,Mars_bakim_x2.0_siki_marj,0.0027143257396537094,0.0027143257396557196,0.9999999999992595,optimal,False
BSU34610,Mars_bakim_x2.0_siki_marj,0.0027143257396537094,0.0027143257396557196,0.9999999999992595,optimal,False
BSU24130,Mars_bakim_x2.0_siki_marj,0.0027143257396537094,0.0027143257396557196,0.9999999999992595,optimal,False
BSU14830,Mars_bakim_x2.0_siki_marj,0.0027143257396537094,0.0027143257396557196,0.9999999999992595,optimal,False
BSU24850,Mars_bakim_x2.0_siki_marj,0.0027143257396537094,0.0027143257396557196,0.9999999999992595,optimal,False
BSU22410,Mars_bakim_x2.0_siki_marj,0.0027143257396537094,0.0027143257396557196,0.9999999999992595,optimal,False
BSU24030,Mars_bakim_x2.0_siki_marj,-1.4110383733301675e-16,0.0027143257396557196,-5.198485770205094e-14,optimal,True
BSU06480,Mars_bakim_x2.0_siki_marj,-4.7273699482899897e-14,0.0027143257396557196,-1.74163693002064e-11,optimal,True
BSU28250,Mars_bakim_x2.0_siki_marj,0.0,0.0027143257396557196,0.0,optimal,True
BSU38140,Mars_bakim_x2.0_siki_marj,0.0027143257396554446,0.0027143257396557196,0.9999999999998987,optimal,False
BSU07500,Mars_bakim_x2.0_siki_marj,0.0027143257396545868,0.0027143257396557196,0.9999999999995827,optimal,False
BSU38160,Mars_bakim_x2.0_siki_marj,0.0027143257396545868,0.0027143257396557196,0.9999999999995827,optimal,False
BSU36890,Mars_bakim_x2.0_siki_marj,0.0027143257396545868,0.0027143257396557196,0.9999999999995827,optimal,False
BSU30560,Mars_bakim_x2.0_siki_marj,0.0027143257396545868,0.0027143257396557196,0.9999999999995827,optimal,False
BSU27600,Mars_bakim_x2.0_siki_marj,0.0027143257396545868,0.0027143257396557196,0.9999999999995827,optimal,False
BSU38060,Mars_bakim_x2.0_siki_marj,0.0027143257396545868,0.0027143257396557196,0.9999999999995827,optimal,False
BSU12160,Mars_bakim_x2.0_siki_marj,0.0027143257396545868,0.0027143257396557196,0.9999999999995827,optimal,False
BSU40060,Mars_bakim_x2.0_siki_marj,0.0027143257396545868,0.0027143257396557196,0.9999999999995827,optimal,False
BSU03290,Mars_bakim_x2.0_siki_marj,0.0027143257396545868,0.0027143257396557196,0.9999999999995827,optimal,False
BSU30410,Mars_bakim_x2.0_siki_marj,0.0027143257396545868,0.0027143257396557196,0.9999999999995827,optimal,False
BSU16550,Mars_bakim_x2.0_siki_marj,5.5433650380828e-17,0.0027143257396557196,2.0422622668662867e-14,optimal,True
BSU24090,Mars_bakim_x2.0_siki_marj,0.0027143257396559438,0.0027143257396557196,1.0000000000000826,optimal,False
BSU38550,Mars_bakim_x2.0_siki_marj,0.0027143257396537094,0.0027143257396557196,0.9999999999992595,optimal,False
BSU15720,Mars_bakim_x2.0_siki_marj,0.0027143257396537094,0.0027143257396557196,0.9999999999992595,optimal,False
BSU06520,Mars_bakim_x2.0_siki_marj,-6.880251905059393e-14,0.0027143257396557196,-2.534792270706637e-11,optimal,True
BSU16530,Mars_bakim_x2.0_siki_marj,0.0027143257396576863,0.0027143257396557196,1.0000000000007245,optimal,False
BSU05820,Mars_bakim_x2.0_siki_marj,0.0027143257396505015,0.0027143257396557196,0.9999999999980775,optimal,False
BSU09310,Mars_bakim_x2.0_siki_marj,0.0027143257396505015,0.0027143257396557196,0.9999999999980775,optimal,False
BSU15700,Mars_bakim_x2.0_siki_marj,0.0027143257396505015,0.0027143257396557196,0.9999999999980775,optimal,False
BSU30950,Mars_bakim_x2.0_siki_marj,0.0027143257396505015,0.0027143257396557196,0.9999999999980775,optimal,False
BSU18210,Mars_bakim_x2.0_siki_marj,0.0027143257396505015,0.0027143257396557196,0.9999999999980775,optimal,False
BSU04340,Mars_bakim_x2.0_siki_marj,0.0027143257396505015,0.0027143257396557196,0.9999999999980775,optimal,False
BSU27440,Mars_bakim_x2.0_siki_marj,0.0027143257396505015,0.0027143257396557196,0.9999999999980775,optimal,False
BSU15220,Mars_bakim_x2.0_siki_marj,-6.186844776439176e-17,0.0027143257396557196,-2.2793302535693102e-14,optimal,True
BSU31400,Mars_bakim_x2.0_siki_marj,0.0,0.0027143257396557196,0.0,optimal,True
BSU34660,Mars_bakim_x2.0_siki_marj,0.0027143257396559377,0.0027143257396557196,1.0000000000000804,optimal,False
BSU11210,Mars_bakim_x2.0_siki_marj,-8.711002202701544e-17,0.0027143257396557196,-3.2092692765041654e-14,optimal,True
BSU02420,Mars_bakim_x2.0_siki_marj,0.002714325739656025,0.0027143257396557196,1.0000000000001126,optimal,False
BSU22130,Mars_bakim_x2.0_siki_marj,0.002714325739657909,0.0027143257396557196,1.0000000000008067,optimal,False
BSU33510,Mars_bakim_x2.0_siki_marj,0.002714325739657909,0.0027143257396557196,1.0000000000008067,optimal,False
BSU39750,Mars_bakim_x2.0_siki_marj,0.002714325739657909,0.0027143257396557196,1.0000000000008067,optimal,False
BSU07610,Mars_bakim_x2.0_siki_marj,0.002714325739657909,0.0027143257396557196,1.0000000000008067,optimal,False
BSU29120,Mars_bakim_x2.0_siki_marj,,0.0027143257396557196,,infeasible,False
BSU03910,Mars_bakim_x2.0_siki_marj,0.002714325739655534,0.0027143257396557196,0.9999999999999316,optimal,False
BSU22550,Mars_bakim_x2.0_siki_marj,,0.0027143257396557196,,infeasible,False
BSU36870,Mars_bakim_x2.0_siki_marj,,0.0027143257396557196,,infeasible,False
BSU34600,Mars_bakim_x2.0_siki_marj,0.00271432573966711,0.0027143257396557196,1.0000000000041964,optimal,False
BSU07920,Mars_bakim_x2.0_siki_marj,0.002714310818383586,0.0027143257396557196,0.9999945027702771,optimal,False
BSU23500,Mars_bakim_x2.0_siki_marj,0.0027138373568737447,0.0027143257396557196,0.9998200721546276,optimal,False
BSU06970,Mars_bakim_x2.0_siki_marj,0.002714325739657715,0.0027143257396557196,1.0000000000007352,optimal,False
BSU12360,Mars_bakim_x2.0_siki_marj,0.0027143257396573064,0.0027143257396557196,1.0000000000005846,optimal,False
BSU34790,Mars_bakim_x2.0_siki_marj,0.0027143257396573064,0.0027143257396557196,1.0000000000005846,optimal,False
BSU07990,Mars_bakim_x2.0_siki_marj,0.0027143257396573064,0.0027143257396557196,1.0000000000005846,optimal,False
BSU38530,Mars_bakim_x2.0_siki_marj,3.093422388219588e-17,0.0027143257396557196,1.1396651267846551e-14,optimal,True
BSU15020,Mars_bakim_x2.0_siki_marj,0.0027143257396559212,0.0027143257396557196,1.0000000000000744,optimal,False
BSU30220,Mars_bakim_x2.0_siki_marj,0.0027143257396574916,0.0027143257396557196,1.0000000000006528,optimal,False
BSU15610,Mars_bakim_x2.0_siki_marj,0.0027143257396574916,0.0027143257396557196,1.0000000000006528,optimal,False
BSU29020,Mars_bakim_x2.0_siki_marj,0.002714325739659162,0.0027143257396557196,1.0000000000012683,optimal,False
BSU24140,Mars_bakim_x2.0_siki_marj,0.0027143257396549697,0.0027143257396557196,0.9999999999997238,optimal,False
BSU37660,Mars_bakim_x2.0_siki_marj,0.0015891439828900275,0.0027143257396557196,0.5854654655751051,optimal,False
BSU39920,Mars_bakim_x2.0_siki_marj,0.00271432573965504,0.0027143257396557196,0.9999999999997496,optimal,False
BSU12020,Mars_bakim_x2.0_siki_marj,0.0027143257396549415,0.0027143257396557196,0.9999999999997133,optimal,False
BSU09240,Mars_bakim_x2.0_siki_marj,0.0027143257396549415,0.0027143257396557196,0.9999999999997133,optimal,False
BSU00090,Mars_bakim_x2.0_siki_marj,0.0027143257396549415,0.0027143257396557196,0.9999999999997133,optimal,False
BSU33920,Mars_bakim_x2.0_siki_marj,,0.0027143257396557196,,infeasible,False
BSU37240,Mars_bakim_x2.0_siki_marj,0.0027143257396538326,0.0027143257396557196,0.9999999999993048,optimal,False
BSU31200,Mars_bakim_x2.0_siki_marj,0.002714325739656904,0.0027143257396557196,1.0000000000004363,optimal,False
BSU15860,Mars_bakim_x2.0_siki_marj,0.002714325739656904,0.0027143257396557196,1.0000000000004363,optimal,False
BSU33700,Mars_bakim_x2.0_siki_marj,0.002714325739656904,0.0027143257396557196,1.0000000000004363,optimal,False
BSU11010,Mars_bakim_x2.0_siki_marj,-6.104868946031099e-16,0.0027143257396557196,-2.249129077192272e-13,optimal,True
BSU09850,Mars_bakim_x2.0_siki_marj,0.002714325739655868,0.0027143257396557196,1.0000000000000546,optimal,False
BSU32410,Mars_bakim_x2.0_siki_marj,0.0027143257396590936,0.0027143257396557196,1.000000000001243,optimal,False
BSU28170,Mars_bakim_x2.0_siki_marj,0.0027143257396590936,0.0027143257396557196,1.000000000001243,optimal,False
BSU15620,Mars_bakim_x2.0_siki_marj,0.0027143257396590936,0.0027143257396557196,1.000000000001243,optimal,False
BSU01370,Mars_bakim_x2.0_siki_marj,3.012176103462104e-14,0.0027143257396557196,1.1097327264207293e-11,optimal,True
BSU29700,Mars_bakim_x2.0_siki_marj,0.0027143257396515627,0.0027143257396557196,0.9999999999984686,optimal,False
BSU13620,Mars_bakim_x2.0_siki_marj,0.0027143257396527055,0.0027143257396557196,0.9999999999988896,optimal,False
BSU08070,Mars_bakim_x2.0_siki_marj,0.0027143257396527055,0.0027143257396557196,0.9999999999988896,optimal,False
BSU38020,Mars_bakim_x2.0_siki_marj,0.0027143257396527055,0.0027143257396557196,0.9999999999988896,optimal,False
BSU12300,Mars_bakim_x2.0_siki_marj,0.0027143257396527055,0.0027143257396557196,0.9999999999988896,optimal,False
BSU27460,Mars_bakim_x2.0_siki_marj,0.0027143257396527055,0.0027143257396557196,0.9999999999988896,optimal,False
BSU08450,Mars_bakim_x2.0_siki_marj,0.0027143257396527055,0.0027143257396557196,0.9999999999988896,optimal,False
BSU39720,Mars_bakim_x2.0_siki_marj,0.0027143257396527055,0.0027143257396557196,0.9999999999988896,optimal,False
BSU28800,Mars_bakim_x2.0_siki_marj,0.0027143257396527055,0.0027143257396557196,0.9999999999988896,optimal,False
BSU39380,Mars_bakim_x2.0_siki_marj,0.0027143257396527055,0.0027143257396557196,0.9999999999988896,optimal,False
BSU38240,Mars_bakim_x2.0_siki_marj,0.0027143257396527055,0.0027143257396557196,0.9999999999988896,optimal,False
BSU02490,Mars_bakim_x2.0_siki_marj,0.0027143257396527055,0.0027143257396557196,0.9999999999988896,optimal,False
BSU32200,Mars_bakim_x2.0_siki_marj,0.0027143257396527055,0.0027143257396557196,0.9999999999988896,optimal,False
BSU06500,Mars_bakim_x2.0_siki_marj,-1.3762463190028707e-13,0.0027143257396557196,-5.070306407577417e-11,optimal,True
BSU40110,Mars_bakim_x2.0_siki_marj,0.002714325739653812,0.0027143257396557196,0.9999999999992971,optimal,False
BSU37500,Mars_bakim_x2.0_siki_marj,0.0027143257396563137,0.0027143257396557196,1.000000000000219,optimal,False
BSU15730,Mars_bakim_x2.0_siki_marj,0.0027143257396563137,0.0027143257396557196,1.000000000000219,optimal,False
BSU33040,Mars_bakim_x2.0_siki_marj,,0.0027143257396557196,,infeasible,False
BSU33500,Mars_bakim_x2.0_siki_marj,0.0027143257396555686,0.0027143257396557196,0.9999999999999444,optimal,False
BSU33300,Mars_bakim_x2.0_siki_marj,0.0027143257396603448,0.0027143257396557196,1.000000000001704,optimal,False
BSU30710,Mars_bakim_x2.0_siki_marj,0.0027143257396603448,0.0027143257396557196,1.000000000001704,optimal,False
BSU26600,Mars_bakim_x2.0_siki_marj,0.0027143257396603448,0.0027143257396557196,1.000000000001704,optimal,False
BSU29210,Mars_bakim_x2.0_siki_marj,-3.1003884048011403e-16,0.0027143257396557196,-1.1422315161018178e-13,optimal,True
BSU24270,Mars_bakim_x2.0_siki_marj,0.0,0.0027143257396557196,0.0,optimal,True
BSU03050,Mars_bakim_x2.0_siki_marj,0.0027143257396545677,0.0027143257396557196,0.9999999999995757,optimal,False
BSU15500,Mars_bakim_x2.0_siki_marj,-2.0780382655939716e-16,0.0027143257396557196,-7.655817558056044e-14,optimal,True
BSU35620,Mars_bakim_x2.0_siki_marj,0.002714325739655056,0.0027143257396557196,0.9999999999997555,optimal,False
BSU33240,Mars_bakim_x2.0_siki_marj,0.002714325739654983,0.0027143257396557196,0.9999999999997287,optimal,False
BSU19690,Mars_bakim_x2.0_siki_marj,0.002714325739654983,0.0027143257396557196,0.9999999999997287,optimal,False
BSU36370,Mars_bakim_x2.0_siki_marj,0.002714325739654983,0.0027143257396557196,0.9999999999997287,optimal,False
BSU14670,Mars_bakim_x2.0_siki_marj,0.002714325739654983,0.0027143257396557196,0.9999999999997287,optimal,False
BSU37260,Mars_bakim_x2.0_siki_marj,0.002714325739654983,0.0027143257396557196,0.9999999999997287,optimal,False
BSU03930,Mars_bakim_x2.0_siki_marj,0.002714325739654983,0.0027143257396557196,0.9999999999997287,optimal,False
BSU06450,Mars_bakim_x2.0_siki_marj,-3.3346421921457107e-14,0.0027143257396557196,-1.2285342703815169e-11,optimal,True
BSU28290,Mars_bakim_x2.0_siki_marj,2.419277508509064e-16,0.0027143257396557196,8.912996230201617e-14,optimal,True
BSU36860,Mars_bakim_x2.0_siki_marj,,0.0027143257396557196,,infeasible,False
BSU18570,Mars_bakim_x2.0_siki_marj,0.002714325739658946,0.0027143257396557196,1.0000000000011888,optimal,False
BSU33900,Mars_bakim_x2.0_siki_marj,,0.0027143257396557196,,infeasible,False
BSU38860,Mars_bakim_x2.0_siki_marj,0.0027143257396549884,0.0027143257396557196,0.9999999999997307,optimal,False
BSU33720,Mars_bakim_x2.0_siki_marj,0.0027143257396552234,0.0027143257396557196,0.9999999999998173,optimal,False
BSU35790,Mars_bakim_x2.0_siki_marj,0.0027143257396552234,0.0027143257396557196,0.9999999999998173,optimal,False
BSU03000,Mars_bakim_x2.0_siki_marj,0.0027143257396552234,0.0027143257396557196,0.9999999999998173,optimal,False
BSU21920,Mars_bakim_x2.0_siki_marj,1.4546562479515087e-16,0.0027143257396557196,5.359180833380797e-14,optimal,True
BSU32430,Mars_bakim_x2.0_siki_marj,0.002714325739656729,0.0027143257396557196,1.000000000000372,optimal,False
BSU10520,Mars_bakim_x2.0_siki_marj,0.0027143257396589917,0.0027143257396557196,1.0000000000012055,optimal,False
BSU21820,Mars_bakim_x2.0_siki_marj,0.0027143257396589917,0.0027143257396557196,1.0000000000012055,optimal,False
BSU25900,Mars_bakim_x2.0_siki_marj,0.0027143257396589917,0.0027143257396557196,1.0000000000012055,optimal,False
BSU14190,Mars_bakim_x2.0_siki_marj,0.0,0.0027143257396557196,0.0,optimal,True
BSU23380,Mars_bakim_x2.0_siki_marj,0.0,0.0027143257396557196,0.0,optimal,True
BSU22700,Mars_bakim_x2.0_siki_marj,-4.474992463915024e-17,0.0027143257396557196,-1.6486571226645127e-14,optimal,True
BSU26970,Mars_bakim_x2.0_siki_marj,0.0027143257396562153,0.0027143257396557196,1.0000000000001825,optimal,False
BSU17460,Mars_bakim_x2.0_siki_marj,2.809407944051784e-14,0.0027143257396557196,1.0350297692745325e-11,optimal,True
BSU15850,Mars_bakim_x2.0_siki_marj,0.0027143257396551757,0.0027143257396557196,0.9999999999997996,optimal,False
BSU04620,Mars_bakim_x2.0_siki_marj,0.002714325739656637,0.0027143257396557196,1.000000000000338,optimal,False
BSU36640,Mars_bakim_x2.0_siki_marj,0.002714325739656637,0.0027143257396557196,1.000000000000338,optimal,False
BSU01610,Mars_bakim_x2.0_siki_marj,0.002714325739656637,0.0027143257396557196,1.000000000000338,optimal,False
BSU18120,Mars_bakim_x2.0_siki_marj,0.002714325739656637,0.0027143257396557196,1.000000000000338,optimal,False
BSU02510,Mars_bakim_x2.0_siki_marj,0.002714325739656637,0.0027143257396557196,1.000000000000338,optimal,False
BSU29790,Mars_bakim_x2.0_siki_marj,2.6156107777780166e-16,0.0027143257396557196,9.636318661259044e-14,optimal,True
BSU25790,Mars_bakim_x2.0_siki_marj,0.002714325739655635,0.0027143257396557196,0.9999999999999688,optimal,False
BSU01770,Mars_bakim_x2.0_siki_marj,-7.846832333334048e-16,0.0027143257396557196,-2.8908955983777123e-13,optimal,True
BSU00110,Mars_bakim_x2.0_siki_marj,0.002714325739655973,0.0027143257396557196,1.0000000000000933,optimal,False
BSU18440,Mars_bakim_x2.0_siki_marj,0.0027143257396549853,0.0027143257396557196,0.9999999999997295,optimal,False
BSU29690,Mars_bakim_x2.0_siki_marj,0.0027143257396549853,0.0027143257396557196,0.9999999999997295,optimal,False
BSU38260,Mars_bakim_x2.0_siki_marj,0.002714293616058551,0.0027143257396557196,0.9999881651650355,optimal,False
BSU08710,Mars_bakim_x2.0_siki_marj,0.0027143257396549836,0.0027143257396557196,0.9999999999997289,optimal,False
BSU02350,Mars_bakim_x2.0_siki_marj,0.0027143257396549853,0.0027143257396557196,0.9999999999997295,optimal,False
BSU15520,Mars_bakim_x2.0_siki_marj,0.0027143257396549853,0.0027143257396557196,0.9999999999997295,optimal,False
BSU28140,Mars_bakim_x2.0_siki_marj,0.0027143257396549853,0.0027143257396557196,0.9999999999997295,optimal,False
BSU29130,Mars_bakim_x2.0_siki_marj,,0.0027143257396557196,,infeasible,False
BSU29450,Mars_bakim_x2.0_siki_marj,3.758041565154046e-31,0.0027143257396557196,1.384521212855871e-28,optimal,True
BSU37100,Mars_bakim_x2.0_siki_marj,0.002714325739655041,0.0027143257396557196,0.99999999999975,optimal,False
BSU22750,Mars_bakim_x2.0_siki_marj,2.1933621498833925e-16,0.0027143257396557196,8.080688761259712e-14,optimal,True
BSU31610,Mars_bakim_x2.0_siki_marj,0.0027143257396545547,0.0027143257396557196,0.9999999999995709,optimal,False
BSU09440,Mars_bakim_x2.0_siki_marj,0.002714325739661007,0.0027143257396557196,1.000000000001948,optimal,False
BSU22690,Mars_bakim_x2.0_siki_marj,0.002714325739661007,0.0027143257396557196,1.000000000001948,optimal,False
BSU08850,Mars_bakim_x2.0_siki_marj,0.002714325739661007,0.0027143257396557196,1.000000000001948,optimal,False
BSU03070,Mars_bakim_x2.0_siki_marj,0.002714325739661007,0.0027143257396557196,1.000000000001948,optimal,False
BSU36900,Mars_bakim_x2.0_siki_marj,1.0955121480157236e-13,0.0027143257396557196,4.036037871249294e-11,optimal,True
BSU27050,Mars_bakim_x2.0_siki_marj,0.002714325739660012,0.0027143257396557196,1.0000000000015814,optimal,False
BSU21810,Mars_bakim_x2.0_siki_marj,1.2416735224660297e-14,0.0027143257396557196,4.574519204992402e-12,optimal,True
BSU16770,Mars_bakim_x2.0_siki_marj,5.607331729220981e-29,0.0027143257396557196,2.0658285950352463e-26,optimal,True
BSU12950,Mars_bakim_x2.0_siki_marj,0.0027143257396560114,0.0027143257396557196,1.0000000000001075,optimal,False
BSU06530,Mars_bakim_x2.0_siki_marj,9.181790237069921e-14,0.0027143257396557196,3.3827149420299584e-11,optimal,True
BSU02990,Mars_bakim_x2.0_siki_marj,0.0027143257396531964,0.0027143257396557196,0.9999999999990704,optimal,False
BSU23920,Mars_bakim_x3.0_siki_marj,0.0027196429022392386,0.002719642902242641,0.999999999998749,optimal,False
BSU03150,Mars_bakim_x3.0_siki_marj,-1.2757034352511516e-16,0.002719642902242641,-4.6907019822315486e-14,optimal,True
BSU09410,Mars_bakim_x3.0_siki_marj,0.0027196429022459914,0.002719642902242641,1.000000000001232,optimal,False
BSU27610,Mars_bakim_x3.0_siki_marj,0.0027196429022422813,0.002719642902242641,0.9999999999998678,optimal,False
BSU32100,Mars_bakim_x3.0_siki_marj,0.0027196429022422813,0.002719642902242641,0.9999999999998678,optimal,False
BSU38500,Mars_bakim_x3.0_siki_marj,1.2945466237186672e-17,0.002719642902242641,4.759987506636158e-15,optimal,True
BSU30200,Mars_bakim_x3.0_siki_marj,0.0027196429022426044,0.002719642902242641,0.9999999999999866,optimal,False
BSU30790,Mars_bakim_x3.0_siki_marj,-2.3650471440206635e-16,0.002719642902242641,-8.69616794936727e-14,optimal,True
BSU28310,Mars_bakim_x3.0_siki_marj,0.0027196429022404373,0.002719642902242641,0.9999999999991898,optimal,False
BSU29440,Mars_bakim_x3.0_siki_marj,4.5742837093848084e-17,0.002719642902242641,1.6819427674173013e-14,optimal,True
BSU37320,Mars_bakim_x3.0_siki_marj,0.0027196429022422488,0.002719642902242641,0.9999999999998559,optimal,False
BSU39740,Mars_bakim_x3.0_siki_marj,0.002719642902242892,0.002719642902242641,1.0000000000000924,optimal,False
BSU30420,Mars_bakim_x3.0_siki_marj,0.002719642902242892,0.002719642902242641,1.0000000000000924,optimal,False
BSU02230,Mars_bakim_x3.0_siki_marj,0.002719642902242892,0.002719642902242641,1.0000000000000924,optimal,False
BSU05340,Mars_bakim_x3.0_siki_marj,0.002719642902242892,0.002719642902242641,1.0000000000000924,optimal,False
BSU23860,Mars_bakim_x3.0_siki_marj,0.002719642902242892,0.002719642902242641,1.0000000000000924,optimal,False
BSU35740,Mars_bakim_x3.0_siki_marj,4.2545702017000836e-17,0.002719642902242641,1.564385603048006e-14,optimal,True
BSU14900,Mars_bakim_x3.0_siki_marj,,0.002719642902242641,,infeasible,False
BSU00380,Mars_bakim_x3.0_siki_marj,0.002719642902244885,0.002719642902242641,1.0000000000008251,optimal,False
BSU22420,Mars_bakim_x3.0_siki_marj,0.002719642902241255,0.002719642902242641,0.9999999999994905,optimal,False
BSU39060,Mars_bakim_x3.0_siki_marj,0.002719642902241255,0.002719642902242641,0.9999999999994905,optimal,False
BSU02130,Mars_bakim_x3.0_siki_marj,0.002719642902241255,0.002719642902242641,0.9999999999994905,optimal,False
BSU13500,Mars_bakim_x3.0_siki_marj,0.002719642902241255,0.002719642902242641,0.9999999999994905,optimal,False
BSU34190,Mars_bakim_x3.0_siki_marj,0.002719642902241255,0.002719642902242641,0.9999999999994905,optimal,False
BSU06430,Mars_bakim_x3.0_siki_marj,-4.532920090062456e-14,0.002719642902242641,-1.6667335576757416e-11,optimal,True
BSU36660,Mars_bakim_x3.0_siki_marj,0.0027196429022428633,0.002719642902242641,1.0000000000000817,optimal,False
BSU30940,Mars_bakim_x3.0_siki_marj,0.0027196429022431886,0.002719642902242641,1.0000000000002014,optimal,False
BSU33800,Mars_bakim_x3.0_siki_marj,0.0027196429022431886,0.002719642902242641,1.0000000000002014,optimal,False
BSU03790,Mars_bakim_x3.0_siki_marj,0.0027196429022431886,0.002719642902242641,1.0000000000002014,optimal,False
BSU15480,Mars_bakim_x3.0_siki_marj,0.0027196429022431886,0.002719642902242641,1.0000000000002014,optimal,False
BSU31580,Mars_bakim_x3.0_siki_marj,0.0027196429022431886,0.002719642902242641,1.0000000000002014,optimal,False
BSU37760,Mars_bakim_x3.0_siki_marj,0.0027196429022431886,0.002719642902242641,1.0000000000002014,optimal,False
BSU03220,Mars_bakim_x3.0_siki_marj,0.0027196429022431886,0.002719642902242641,1.0000000000002014,optimal,False
BSU00920,Mars_bakim_x3.0_siki_marj,0.0027196429022431886,0.002719642902242641,1.0000000000002014,optimal,False
BSU33710,Mars_bakim_x3.0_siki_marj,0.0027196429022431886,0.002719642902242641,1.0000000000002014,optimal,False
BSU28540,Mars_bakim_x3.0_siki_marj,0.0027196429022431886,0.002719642902242641,1.0000000000002014,optimal,False
BSU18540,Mars_bakim_x3.0_siki_marj,0.0027196429022431886,0.002719642902242641,1.0000000000002014,optimal,False
BSU23970,Mars_bakim_x3.0_siki_marj,0.0027196429022431886,0.002719642902242641,1.0000000000002014,optimal,False
BSU32490,Mars_bakim_x3.0_siki_marj,0.0027196429022431886,0.002719642902242641,1.0000000000002014,optimal,False
BSU17680,Mars_bakim_x3.0_siki_marj,0.0027196429022431886,0.002719642902242641,1.0000000000002014,optimal,False
BSU22960,Mars_bakim_x3.0_siki_marj,0.0027196429022431886,0.002719642902242641,1.0000000000002014,optimal,False
BSU32240,Mars_bakim_x3.0_siki_marj,3.3119356930376835e-17,0.002719642902242641,1.2177832943827416e-14,optimal,True
BSU36920,Mars_bakim_x3.0_siki_marj,0.002615296915365246,0.002719642902242641,0.9616324677069367,optimal,False
BSU18800,Mars_bakim_x3.0_siki_marj,0.0027196429022406533,0.002719642902242641,0.9999999999992691,optimal,False
BSU28790,Mars_bakim_x3.0_siki_marj,0.002719642902240592,0.002719642902242641,0.9999999999992467,optimal,False
BSU19350,Mars_bakim_x3.0_siki_marj,0.002719642902240592,0.002719642902242641,0.9999999999992467,optimal,False
BSU06230,Mars_bakim_x3.0_siki_marj,0.002719642902240592,0.002719642902242641,0.9999999999992467,optimal,False
BSU35609,Mars_bakim_x3.0_siki_marj,0.002719642902240592,0.002719642902242641,0.9999999999992467,optimal,False
BSU32110,Mars_bakim_x3.0_siki_marj,0.002719642902240592,0.002719642902242641,0.9999999999992467,optimal,False
BSU38110,Mars_bakim_x3.0_siki_marj,0.002719642902240592,0.002719642902242641,0.9999999999992467,optimal,False
BSU08650,Mars_bakim_x3.0_siki_marj,0.002719642902240592,0.002719642902242641,0.9999999999992467,optimal,False
BSU07570,Mars_bakim_x3.0_siki_marj,0.002719642902240592,0.002719642902242641,0.9999999999992467,optimal,False
BSU22440,Mars_bakim_x3.0_siki_marj,1.115929500596434e-16,0.002719642902242641,4.1032206826720855e-14,optimal,True
BSU39540,Mars_bakim_x3.0_siki_marj,0.0027196429022427826,0.002719642902242641,1.0000000000000522,optimal,False
BSU33170,Mars_bakim_x3.0_siki_marj,0.0027196429022470353,0.002719642902242641,1.0000000000016158,optimal,False
BSU29190,Mars_bakim_x3.0_siki_marj,,0.002719642902242641,,infeasible,False
BSU06360,Mars_bakim_x3.0_siki_marj,-3.420878136718244e-16,0.002719642902242641,-1.2578409223863024e-13,optimal,True
BSU27870,Mars_bakim_x3.0_siki_marj,3.347798806104532e-15,0.002719642902242641,1.2309699936502356e-12,optimal,True
BSU29220,Mars_bakim_x3.0_siki_marj,0.0027196429022441813,0.002719642902242641,1.0000000000005664,optimal,False
BSU02870,Mars_bakim_x3.0_siki_marj,0.0027196429022406676,0.002719642902242641,0.9999999999992745,optimal,False
BSU36010,Mars_bakim_x3.0_siki_marj,0.0027196429022406676,0.002719642902242641,0.9999999999992745,optimal,False
BSU22650,Mars_bakim_x3.0_siki_marj,5.08586087143317e-17,0.002719642902242641,1.870047301886334e-14,optimal,True
BSU26640,Mars_bakim_x3.0_siki_marj,0.002719642902242527,0.002719642902242641,0.9999999999999583,optimal,False
BSU31620,Mars_bakim_x3.0_siki_marj,0.002719642902242348,0.002719642902242641,0.9999999999998923,optimal,False
BSU38580,Mars_bakim_x3.0_siki_marj,0.002719642902242348,0.002719642902242641,0.9999999999998923,optimal,False
BSU28560,Mars_bakim_x3.0_siki_marj,0.002719642902242348,0.002719642902242641,0.9999999999998923,optimal,False
BSU25070,Mars_bakim_x3.0_siki_marj,-2.2166212207529888e-16,0.002719642902242641,-8.150412757958569e-14,optimal,True
BSU14860,Mars_bakim_x3.0_siki_marj,0.0023428991237981673,0.002719642902242641,0.861473071286746,optimal,False
BSU12290,Mars_bakim_x3.0_siki_marj,0.002719642902245294,0.002719642902242641,1.0000000000009757,optimal,False
BSU40330,Mars_bakim_x3.0_siki_marj,0.0027196429022406914,0.002719642902242641,0.9999999999992832,optimal,False
BSU36470,Mars_bakim_x3.0_siki_marj,0.0027196429022406914,0.002719642902242641,0.9999999999992832,optimal,False
BSU08840,Mars_bakim_x3.0_siki_marj,0.0027196429022406914,0.002719642902242641,0.9999999999992832,optimal,False
BSU06490,Mars_bakim_x3.0_siki_marj,-6.03891425579057e-14,0.002719642902242641,-2.2204805825098692e-11,optimal,True
BSU12340,Mars_bakim_x3.0_siki_marj,0.0027196429022498326,0.002719642902242641,1.0000000000026443,optimal,False
BSU23580,Mars_bakim_x3.0_siki_marj,0.002719642902241807,0.002719642902242641,0.9999999999996934,optimal,False
BSU30720,Mars_bakim_x3.0_siki_marj,0.002719642902241807,0.002719642902242641,0.9999999999996934,optimal,False
BSU22560,Mars_bakim_x3.0_siki_marj,,0.002719642902242641,,infeasible,False
BSU10140,Mars_bakim_x3.0_siki_marj,0.002719642902242478,0.002719642902242641,0.9999999999999402,optimal,False
BSU39410,Mars_bakim_x3.0_siki_marj,0.0027196429022446527,0.002719642902242641,1.0000000000007399,optimal,False
BSU36820,Mars_bakim_x3.0_siki_marj,,0.002719642902242641,,infeasible,False
BSU27330,Mars_bakim_x3.0_siki_marj,0.002719640420587257,0.002719642902242641,0.9999990875068996,optimal,False
BSU04470,Mars_bakim_x3.0_siki_marj,0.0027196429022510456,0.002719642902242641,1.0000000000030904,optimal,False
BSU18480,Mars_bakim_x3.0_siki_marj,0.0027196429022422826,0.002719642902242641,0.9999999999998683,optimal,False
BSU19370,Mars_bakim_x3.0_siki_marj,,0.002719642902242641,,infeasible,False
BSU00680,Mars_bakim_x3.0_siki_marj,0.002719153562754382,0.002719642902242641,0.9998200721543791,optimal,False
BSU34130,Mars_bakim_x3.0_siki_marj,0.002719642902243218,0.002719642902242641,1.0000000000002123,optimal,False
BSU11190,Mars_bakim_x3.0_siki_marj,0.0,0.002719642902242641,0.0,optimal,True
BSU03990,Mars_bakim_x3.0_siki_marj,0.002719642902241683,0.002719642902242641,0.9999999999996477,optimal,False
BSU16920,Mars_bakim_x3.0_siki_marj,2.2426233810781352e-17,0.002719642902242641,8.246021487706525e-15,optimal,True
BSU17660,Mars_bakim_x3.0_siki_marj,0.002719642902243536,0.002719642902242641,1.000000000000329,optimal,False
BSU13120,Mars_bakim_x3.0_siki_marj,0.002719642902244831,0.002719642902242641,1.0000000000008054,optimal,False
BSU33290,Mars_bakim_x3.0_siki_marj,0.002719642902244831,0.002719642902242641,1.0000000000008054,optimal,False
BSU26710,Mars_bakim_x3.0_siki_marj,0.002719642902244831,0.002719642902242641,1.0000000000008054,optimal,False
BSU28280,Mars_bakim_x3.0_siki_marj,5.0396816155967974e-18,0.002719642902242641,1.8530674050777154e-15,optimal,True
BSU21770,Mars_bakim_x3.0_siki_marj,0.002719642902242871,0.002719642902242641,1.0000000000000846,optimal,False
BSU29990,Mars_bakim_x3.0_siki_marj,0.0027196429022480926,0.002719642902242641,1.0000000000020046,optimal,False
BSU07520,Mars_bakim_x3.0_siki_marj,0.0027196429022480926,0.002719642902242641,1.0000000000020046,optimal,False
BSU30960,Mars_bakim_x3.0_siki_marj,0.0027196429022480926,0.002719642902242641,1.0000000000020046,optimal,False
BSU32750,Mars_bakim_x3.0_siki_marj,0.0027196429022480926,0.002719642902242641,1.0000000000020046,optimal,False
BSU38830,Mars_bakim_x3.0_siki_marj,0.0027196429022480926,0.002719642902242641,1.0000000000020046,optimal,False
BSU15650,Mars_bakim_x3.0_siki_marj,0.0027196429022480926,0.002719642902242641,1.0000000000020046,optimal,False
BSU00500,Mars_bakim_x3.0_siki_marj,-2.493228508443028e-16,0.002719642902242641,-9.167484842907465e-14,optimal,True
BSU31650,Mars_bakim_x3.0_siki_marj,0.0027196429022428733,0.002719642902242641,1.0000000000000855,optimal,False
BSU25660,Mars_bakim_x3.0_siki_marj,-2.455044901312154e-16,0.002719642902242641,-9.027085501878585e-14,optimal,True
BSU12910,Mars_bakim_x3.0_siki_marj,0.0027196429022406086,0.002719642902242641,0.9999999999992527,optimal,False
BSU17610,Mars_bakim_x3.0_siki_marj,0.0027196429022480926,0.002719642902242641,1.0000000000020046,optimal,False
BSU32480,Mars_bakim_x3.0_siki_marj,0.0027196429022480926,0.002719642902242641,1.0000000000020046,optimal,False
BSU02140,Mars_bakim_x3.0_siki_marj,0.0027196429022480926,0.002719642902242641,1.0000000000020046,optimal,False
BSU14610,Mars_bakim_x3.0_siki_marj,,0.002719642902242641,,infeasible,False
BSU38170,Mars_bakim_x3.0_siki_marj,0.002719642902242685,0.002719642902242641,1.0000000000000162,optimal,False
BSU30980,Mars_bakim_x3.0_siki_marj,0.00271964290224037,0.002719642902242641,0.999999999999165,optimal,False
BSU30270,Mars_bakim_x3.0_siki_marj,0.00271964290224037,0.002719642902242641,0.999999999999165,optimal,False
BSU13560,Mars_bakim_x3.0_siki_marj,0.00271964290224037,0.002719642902242641,0.999999999999165,optimal,False
BSU14520,Mars_bakim_x3.0_siki_marj,0.00271964290224037,0.002719642902242641,0.999999999999165,optimal,False
BSU15200,Mars_bakim_x3.0_siki_marj,-1.4239902607913335e-16,0.002719642902242641,-5.235945717789269e-14,optimal,True
BSU11710,Mars_bakim_x3.0_siki_marj,0.002719642902242624,0.002719642902242641,0.9999999999999938,optimal,False
BSU30290,Mars_bakim_x3.0_siki_marj,0.0027196429022437797,0.002719642902242641,1.0000000000004188,optimal,False
BSU15790,Mars_bakim_x3.0_siki_marj,0.0027139521735215595,0.002719642902242641,0.9979075456132903,optimal,False
BSU02860,Mars_bakim_x3.0_siki_marj,0.002719642902251397,0.002719642902242641,1.0000000000032196,optimal,False
BSU36850,Mars_bakim_x3.0_siki_marj,,0.002719642902242641,,infeasible,False
BSU00460,Mars_bakim_x3.0_siki_marj,1.9956176511371623e-30,0.002719642902242641,7.337792948815298e-28,optimal,True
BSU28270,Mars_bakim_x3.0_siki_marj,0.0,0.002719642902242641,0.0,optimal,True
BSU03860,Mars_bakim_x3.0_siki_marj,0.0027196429022434587,0.002719642902242641,1.0000000000003006,optimal,False
BSU31350,Mars_bakim_x3.0_siki_marj,0.00047909443998988465,0.002719642902242641,0.17616078919582392,optimal,False
BSU39710,Mars_bakim_x3.0_siki_marj,0.002719642902240869,0.002719642902242641,0.9999999999993484,optimal,False
BSU28440,Mars_bakim_x3.0_siki_marj,,0.002719642902242641,,infeasible,False
BSU05830,Mars_bakim_x3.0_siki_marj,0.002719642902242744,0.002719642902242641,1.000000000000038,optimal,False
BSU27910,Mars_bakim_x3.0_siki_marj,0.002719642902241591,0.002719642902242641,0.999999999999614,optimal,False
BSU25310,Mars_bakim_x3.0_siki_marj,0.002719642902241591,0.002719642902242641,0.999999999999614,optimal,False
BSU02760,Mars_bakim_x3.0_siki_marj,0.002719642902241591,0.002719642902242641,0.999999999999614,optimal,False
BSU05900,Mars_bakim_x3.0_siki_marj,0.002719642902241591,0.002719642902242641,0.999999999999614,optimal,False
BSU38560,Mars_bakim_x3.0_siki_marj,0.002719642902241591,0.002719642902242641,0.999999999999614,optimal,False
BSU27040,Mars_bakim_x3.0_siki_marj,0.002719642902241591,0.002719642902242641,0.999999999999614,optimal,False
BSU23960,Mars_bakim_x3.0_siki_marj,0.002719642902241591,0.002719642902242641,0.999999999999614,optimal,False
BSU27200,Mars_bakim_x3.0_siki_marj,0.002719642902241591,0.002719642902242641,0.999999999999614,optimal,False
BSU32830,Mars_bakim_x3.0_siki_marj,0.0027150730004502272,0.002719642902242641,0.9983196684429985,optimal,False
BSU39020,Mars_bakim_x3.0_siki_marj,0.002719642902240261,0.002719642902242641,0.999999999999125,optimal,False
BSU28720,Mars_bakim_x3.0_siki_marj,0.002719642902241591,0.002719642902242641,0.999999999999614,optimal,False
BSU08180,Mars_bakim_x3.0_siki_marj,0.002719642902241591,0.002719642902242641,0.999999999999614,optimal,False
BSU16740,Mars_bakim_x3.0_siki_marj,0.002719642902241591,0.002719642902242641,0.999999999999614,optimal,False
BSU33310,Mars_bakim_x3.0_siki_marj,0.002719642902241591,0.002719642902242641,0.999999999999614,optimal,False
BSU38710,Mars_bakim_x3.0_siki_marj,0.002719642902241591,0.002719642902242641,0.999999999999614,optimal,False
BSU17380,Mars_bakim_x3.0_siki_marj,-1.1613313933004699e-16,0.002719642902242641,-4.2701613228075866e-14,optimal,True
BSU05860,Mars_bakim_x3.0_siki_marj,0.002719642902242788,0.002719642902242641,1.000000000000054,optimal,False
BSU18250,Mars_bakim_x3.0_siki_marj,0.002719642902238933,0.002719642902242641,0.9999999999986366,optimal,False
BSU14630,Mars_bakim_x3.0_siki_marj,0.002719642902238933,0.002719642902242641,0.9999999999986366,optimal,False
BSU29470,Mars_bakim_x3.0_siki_marj,0.0006763879085196204,0.002719642902242641,0.24870467661834028,optimal,False
BSU13960,Mars_bakim_x3.0_siki_marj,0.002719642902245174,0.002719642902242641,1.0000000000009315,optimal,False
BSU15560,Mars_bakim_x3.0_siki_marj,4.9878119913866295e-17,0.002719642902242641,1.833995186380402e-14,optimal,True
BSU18410,Mars_bakim_x3.0_siki_marj,0.0027196429022442845,0.002719642902242641,1.0000000000006044,optimal,False
BSU20250,Mars_bakim_x3.0_siki_marj,0.0027196280123833656,0.002719642902242641,0.9999945250682496,optimal,False
BSU02850,Mars_bakim_x3.0_siki_marj,0.0027196429022427865,0.002719642902242641,1.0000000000000535,optimal,False
BSU07700,Mars_bakim_x3.0_siki_marj,0.002719642902239682,0.002719642902242641,0.999999999998912,optimal,False
BSU08090,Mars_bakim_x3.0_siki_marj,0.002719642902239682,0.002719642902242641,0.999999999998912,optimal,False
BSU29370,Mars_bakim_x3.0_siki_marj,0.002719642902239682,0.002719642902242641,0.999999999998912,optimal,False
BSU11250,Mars_bakim_x3.0_siki_marj,-1.7525084251242499e-16,0.002719642902242641,-6.44389167298073e-14,optimal,True
BSU07510,Mars_bakim_x3.0_siki_marj,0.002719642902240569,0.002719642902242641,0.9999999999992383,optimal,False
BSU23080,Mars_bakim_x3.0_siki_marj,-6.821343527104527e-17,0.002719642902242641,-2.508176173232004e-14,optimal,True
BSU03950,Mars_bakim_x3.0_siki_marj,0.0027196429022449302,0.002719642902242641,1.0000000000008418,optimal,False
BSU35730,Mars_bakim_x3.0_siki_marj,2.0776825229979008e-16,0.002719642902242641,7.639541651900792e-14,optimal,True
BSU16100,Mars_bakim_x3.0_siki_marj,,0.002719642902242641,,infeasible,False
BSU10360,Mars_bakim_x3.0_siki_marj,0.002719642902244127,0.002719642902242641,1.0000000000005465,optimal,False
BSU00180,Mars_bakim_x3.0_siki_marj,0.0027196280123825928,0.002719642902242641,0.9999945250679655,optimal,False
BSU24040,Mars_bakim_x3.0_siki_marj,-1.459759387568747e-17,0.002719642902242641,-5.36746712726519e-15,optimal,True
BSU14880,Mars_bakim_x3.0_siki_marj,0.002719642902242316,0.002719642902242641,0.9999999999998805,optimal,False
BSU03060,Mars_bakim_x3.0_siki_marj,0.002719642902243724,0.002719642902242641,1.0000000000003983,optimal,False
BSU13180,Mars_bakim_x3.0_siki_marj,-7.91984622248142e-18,0.002719642902242641,-2.9120904865674266e-15,optimal,True
BSU22610,Mars_bakim_x3.0_siki_marj,0.0,0.002719642902242641,0.0,optimal,True
BSU27260,Mars_bakim_x3.0_siki_marj,0.002718579937151619,0.002719642902242641,0.9996091526978982,optimal,False
BSU15510,Mars_bakim_x3.0_siki_marj,0.0027196429022416477,0.002719642902242641,0.9999999999996348,optimal,False
BSU24280,Mars_bakim_x3.0_siki_marj,5.0861228903670175e-17,0.002719642902242641,1.870143645025219e-14,optimal,True
BSU22890,Mars_bakim_x3.0_siki_marj,0.00270962821622218,0.002719642902242641,0.996317646698321,optimal,False
BSU38300,Mars_bakim_x3.0_siki_marj,0.0027196429022411516,0.002719642902242641,0.9999999999994524,optimal,False
BSU02430,Mars_bakim_x3.0_siki_marj,0.0027196429022441552,0.002719642902242641,1.0000000000005569,optimal,False
BSU03981,Mars_bakim_x3.0_siki_marj,0.0027196429022441552,0.002719642902242641,1.0000000000005569,optimal,False
BSU02750,Mars_bakim_x3.0_siki_marj,0.0027196429022441552,0.002719642902242641,1.0000000000005569,optimal,False
BSU37120,Mars_bakim_x3.0_siki_marj,0.0027196429022441552,0.002719642902242641,1.0000000000005569,optimal,False
BSU38490,Mars_bakim_x3.0_siki_marj,-2.0230721914038553e-16,0.002719642902242641,-7.438742011811965e-14,optimal,True
BSU06510,Mars_bakim_x3.0_siki_marj,0.0027162483937789835,0.002719642902242641,0.9987518550833059,optimal,False
BSU17410,Mars_bakim_x3.0_siki_marj,0.0027196429022419717,0.002719642902242641,0.999999999999754,optimal,False
BSU38270,Mars_bakim_x3.0_siki_marj,0.002719610715720285,0.002719642902242641,0.9999881651659748,optimal,False
BSU35020,Mars_bakim_x3.0_siki_marj,0.0027196429022434644,0.002719642902242641,1.0000000000003029,optimal,False
BSU26590,Mars_bakim_x3.0_siki_marj,0.002719642902244521,0.002719642902242641,1.0000000000006912,optimal,False
BSU30430,Mars_bakim_x3.0_siki_marj,0.002719642902244521,0.002719642902242641,1.0000000000006912,optimal,False
BSU34900,Mars_bakim_x3.0_siki_marj,-1.1303780517541657e-16,0.002719642902242641,-4.156347330828052e-14,optimal,True
BSU39610,Mars_bakim_x3.0_siki_marj,0.0027196429022439406,0.002719642902242641,1.0000000000004778,optimal,False
BSU09680,Mars_bakim_x3.0_siki_marj,0.0027196429022436418,0.002719642902242641,1.0000000000003681,optimal,False
BSU33390,Mars_bakim_x3.0_siki_marj,0.0027196429022436418,0.002719642902242641,1.0000000000003681,optimal,False
BSU22070,Mars_bakim_x3.0_siki_marj,0.0027196429022436418,0.002719642902242641,1.0000000000003681,optimal,False
BSU19230,Mars_bakim_x3.0_siki_marj,0.0027196429022436418,0.002719642902242641,1.0000000000003681,optimal,False
BSU09840,Mars_bakim_x3.0_siki_marj,0.0027196429022436418,0.002719642902242641,1.0000000000003681,optimal,False
BSU03610,Mars_bakim_x3.0_siki_marj,0.0027196429022436418,0.002719642902242641,1.0000000000003681,optimal,False
BSU37710,Mars_bakim_x3.0_siki_marj,0.0027196429022436418,0.002719642902242641,1.0000000000003681,optimal,False
BSU02400,Mars_bakim_x3.0_siki_marj,0.0027196429022436418,0.002719642902242641,1.0000000000003681,optimal,False
BSU02980,Mars_bakim_x3.0_siki_marj,0.0027196429022436418,0.002719642902242641,1.0000000000003681,optimal,False
BSU22730,Mars_bakim_x3.0_siki_marj,4.294592972437361e-14,0.002719642902242641,1.5791017890238468e-11,optimal,True
BSU31100,Mars_bakim_x3.0_siki_marj,0.002719642902244932,0.002719642902242641,1.0000000000008424,optimal,False
BSU14510,Mars_bakim_x3.0_siki_marj,0.002719642902245688,0.002719642902242641,1.0000000000011204,optimal,False
BSU23770,Mars_bakim_x3.0_siki_marj,0.002719642902245688,0.002719642902242641,1.0000000000011204,optimal,False
BSU30750,Mars_bakim_x3.0_siki_marj,0.002719642902245688,0.002719642902242641,1.0000000000011204,optimal,False
BSU37280,Mars_bakim_x3.0_siki_marj,0.002719642902245688,0.002719642902242641,1.0000000000011204,optimal,False
BSU15540,Mars_bakim_x3.0_siki_marj,1.2121926222041392e-16,0.002719642902242641,4.457175687310106e-14,optimal,True
BSU24160,Mars_bakim_x3.0_siki_marj,0.002719642902245289,0.002719642902242641,1.0000000000009737,optimal,False
BSU03900,Mars_bakim_x3.0_siki_marj,0.0027196429022422687,0.002719642902242641,0.9999999999998632,optimal,False
BSU30210,Mars_bakim_x3.0_siki_marj,0.0027196429022422687,0.002719642902242641,0.9999999999998632,optimal,False
BSU29050,Mars_bakim_x3.0_siki_marj,0.0027196429022422687,0.002719642902242641,0.9999999999998632,optimal,False
BSU39700,Mars_bakim_x3.0_siki_marj,0.0027196429022422687,0.002719642902242641,0.9999999999998632,optimal,False
BSU07800,Mars_bakim_x3.0_siki_marj,0.0027196429022422687,0.002719642902242641,0.9999999999998632,optimal,False
BSU17890,Mars_bakim_x3.0_siki_marj,-5.192101494468946e-16,0.002719642902242641,-1.909111483050769e-13,optimal,True
BSU30550,Mars_bakim_x3.0_siki_marj,0.002719642902243975,0.002719642902242641,1.0000000000004905,optimal,False
BSU29750,Mars_bakim_x3.0_siki_marj,-2.339852178669939e-16,0.002719642902242641,-8.603527237860813e-14,optimal,True
BSU33320,Mars_bakim_x3.0_siki_marj,0.0027196429022392386,0.002719642902242641,0.999999999998749,optimal,False
BSU27070,Mars_bakim_x3.0_siki_marj,0.0027196429022392386,0.002719642902242641,0.999999999998749,optimal,False
BSU11220,Mars_bakim_x3.0_siki_marj,-2.8650349575740146e-16,0.002719642902242641,-1.0534599800626333e-13,optimal,True
BSU22740,Mars_bakim_x3.0_siki_marj,0.0,0.002719642902242641,0.0,optimal,True
BSU35710,Mars_bakim_x3.0_siki_marj,0.0,0.002719642902242641,0.0,optimal,True
BSU21680,Mars_bakim_x3.0_siki_marj,0.0027196429022423485,0.002719642902242641,0.9999999999998925,optimal,False
BSU33330,Mars_bakim_x3.0_siki_marj,0.002719642902239044,0.002719642902242641,0.9999999999986774,optimal,False
BSU25300,Mars_bakim_x3.0_siki_marj,0.0027196429022411112,0.002719642902242641,0.9999999999994376,optimal,False
BSU35530,Mars_bakim_x3.0_siki_marj,4.4927418864908666e-17,0.002719642902242641,1.651960219772277e-14,optimal,True
BSU32440,Mars_bakim_x3.0_siki_marj,0.0027196429022427583,0.002719642902242641,1.0000000000000433,optimal,False
BSU11720,Mars_bakim_x3.0_siki_marj,0.00271964290224332,0.002719642902242641,1.0000000000002498,optimal,False
BSU23560,Mars_bakim_x3.0_siki_marj,0.00271964290224332,0.002719642902242641,1.0000000000002498,optimal,False
BSU32510,Mars_bakim_x3.0_siki_marj,0.00271964290224332,0.002719642902242641,1.0000000000002498,optimal,False
BSU04030,Mars_bakim_x3.0_siki_marj,0.00271964290224332,0.002719642902242641,1.0000000000002498,optimal,False
BSU29010,Mars_bakim_x3.0_siki_marj,0.00271964290224332,0.002719642902242641,1.0000000000002498,optimal,False
BSU34160,Mars_bakim_x3.0_siki_marj,0.00271964290224332,0.002719642902242641,1.0000000000002498,optimal,False
BSU15230,Mars_bakim_x3.0_siki_marj,2.469443991642429e-16,0.002719642902242641,9.0800302848808e-14,optimal,True
BSU32170,Mars_bakim_x3.0_siki_marj,0.0,0.002719642902242641,0.0,optimal,True
BSU25160,Mars_bakim_x3.0_siki_marj,0.0,0.002719642902242641,0.0,optimal,True
BSU18670,Mars_bakim_x3.0_siki_marj,0.002719642902240744,0.002719642902242641,0.9999999999993026,optimal,False
BSU00910,Mars_bakim_x3.0_siki_marj,-2.1611061216030778e-16,0.002719642902242641,-7.946286329800914e-14,optimal,True
BSU33180,Mars_bakim_x3.0_siki_marj,0.0027196429022407634,0.002719642902242641,0.9999999999993097,optimal,False
BSU35010,Mars_bakim_x3.0_siki_marj,0.0027196429022420636,0.002719642902242641,0.9999999999997877,optimal,False
BSU29300,Mars_bakim_x3.0_siki_marj,0.0027196429022420636,0.002719642902242641,0.9999999999997877,optimal,False
BSU02340,Mars_bakim_x3.0_siki_marj,0.0027196429022420636,0.002719642902242641,0.9999999999997877,optimal,False
BSU15680,Mars_bakim_x3.0_siki_marj,-1.6198976621561125e-16,0.002719642902242641,-5.956288087749796e-14,optimal,True
BSU04000,Mars_bakim_x3.0_siki_marj,0.002719642902245444,0.002719642902242641,1.0000000000010307,optimal,False
BSU32820,Mars_bakim_x3.0_siki_marj,0.002719642902241742,0.002719642902242641,0.9999999999996695,optimal,False
BSU24740,Mars_bakim_x3.0_siki_marj,0.002719642902241742,0.002719642902242641,0.9999999999996695,optimal,False
BSU38200,Mars_bakim_x3.0_siki_marj,0.002719642902241742,0.002719642902242641,0.9999999999996695,optimal,False
BSU28390,Mars_bakim_x3.0_siki_marj,0.002719642902241742,0.002719642902242641,0.9999999999996695,optimal,False
BSU21910,Mars_bakim_x3.0_siki_marj,-5.4027653040076945e-17,0.002719642902242641,-1.9865715824502284e-14,optimal,True
BSU27900,Mars_bakim_x3.0_siki_marj,0.0,0.002719642902242641,0.0,optimal,True
BSU22630,Mars_bakim_x3.0_siki_marj,0.0,0.002719642902242641,0.0,optimal,True
BSU02090,Mars_bakim_x3.0_siki_marj,0.0027196429022408324,0.002719642902242641,0.9999999999993351,optimal,False
BSU19310,Mars_bakim_x3.0_siki_marj,0.0027196429022443972,0.002719642902242641,1.000000000000646,optimal,False
BSU35950,Mars_bakim_x3.0_siki_marj,0.0027196429022443972,0.002719642902242641,1.000000000000646,optimal,False
BSU10870,Mars_bakim_x3.0_siki_marj,0.0027196429022443972,0.002719642902242641,1.000000000000646,optimal,False
BSU34560,Mars_bakim_x3.0_siki_marj,0.0027196429022443972,0.002719642902242641,1.000000000000646,optimal,False
BSU01780,Mars_bakim_x3.0_siki_marj,-2.1598635495414837e-18,0.002719642902242641,-7.941717450333063e-16,optimal,True
BSU30760,Mars_bakim_x3.0_siki_marj,0.0027196429022420046,0.002719642902242641,0.9999999999997661,optimal,False
BSU19710,Mars_bakim_x3.0_siki_marj,0.0027196429022428572,0.002719642902242641,1.0000000000000795,optimal,False
BSU38290,Mars_bakim_x3.0_siki_marj,0.0027196429022428572,0.002719642902242641,1.0000000000000795,optimal,False
BSU40550,Mars_bakim_x3.0_siki_marj,9.760851677342934e-16,0.002719642902242641,3.589019598600262e-13,optimal,True
BSU04520,Mars_bakim_x3.0_siki_marj,0.002719642902239874,0.002719642902242641,0.9999999999989826,optimal,False
BSU40190,Mars_bakim_x3.0_siki_marj,0.0027196429022416243,0.002719642902242641,0.9999999999996262,optimal,False
BSU28150,Mars_bakim_x3.0_siki_marj,0.0027196429022416243,0.002719642902242641,0.9999999999996262,optimal,False
BSU26700,Mars_bakim_x3.0_siki_marj,0.0027196429022416243,0.002719642902242641,0.9999999999996262,optimal,False
BSU37150,Mars_bakim_x3.0_siki_marj,-2.5686451782481404e-16,0.002719642902242641,-9.44478841736911e-14,optimal,True
BSU22680,Mars_bakim_x3.0_siki_marj,0.0,0.002719642902242641,0.0,optimal,True
BSU30870,Mars_bakim_x3.0_siki_marj,0.002719642902242418,0.002719642902242641,0.9999999999999181,optimal,False
BSU32470,Mars_bakim_x3.0_siki_marj,0.0027196429022440694,0.002719642902242641,1.0000000000005254,optimal,False
BSU30230,Mars_bakim_x3.0_siki_marj,0.0027196429022440694,0.002719642902242641,1.0000000000005254,optimal,False
BSU39670,Mars_bakim_x3.0_siki_marj,0.0027196429022440694,0.002719642902242641,1.0000000000005254,optimal,False
BSU16510,Mars_bakim_x3.0_siki_marj,0.0027196429022440694,0.002719642902242641,1.0000000000005254,optimal,False
BSU04640,Mars_bakim_x3.0_siki_marj,-1.0943308651010182e-16,0.002719642902242641,-4.0238035081687513e-14,optimal,True
BSU37780,Mars_bakim_x3.0_siki_marj,0.0027196429022432176,0.002719642902242641,1.000000000000212,optimal,False
BSU22480,Mars_bakim_x3.0_siki_marj,0.0027196429022422397,0.002719642902242641,0.9999999999998525,optimal,False
BSU06420,Mars_bakim_x3.0_siki_marj,-5.626444546555563e-15,0.002719642902242641,-2.068817395811762e-12,optimal,True
BSU28080,Mars_bakim_x3.0_siki_marj,1.6061087522089964e-17,0.002719642902242641,5.905586909533547e-15,optimal,True
BSU29360,Mars_bakim_x3.0_siki_marj,0.0027196429022430333,0.002719642902242641,1.0000000000001443,optimal,False
BSU13850,Mars_bakim_x3.0_siki_marj,0.0027196429022440694,0.002719642902242641,1.0000000000005254,optimal,False
BSU38760,Mars_bakim_x3.0_siki_marj,0.0027196429022440694,0.002719642902242641,1.0000000000005254,optimal,False
BSU02480,Mars_bakim_x3.0_siki_marj,0.0027196429022440694,0.002719642902242641,1.0000000000005254,optimal,False
BSU38150,Mars_bakim_x3.0_siki_marj,0.0027196429022440694,0.002719642902242641,1.0000000000005254,optimal,False
BSU33960,Mars_bakim_x3.0_siki_marj,0.0027196429022440694,0.002719642902242641,1.0000000000005254,optimal,False
BSU37060,Mars_bakim_x3.0_siki_marj,0.0027196429022440694,0.002719642902242641,1.0000000000005254,optimal,False
BSU30780,Mars_bakim_x3.0_siki_marj,-3.815758937523287e-17,0.002719642902242641,-1.4030367495588409e-14,optimal,True
BSU38630,Mars_bakim_x3.0_siki_marj,0.002719642902241542,0.002719642902242641,0.9999999999995959,optimal,False
BSU36120,Mars_bakim_x3.0_siki_marj,0.0027196429022422397,0.002719642902242641,0.9999999999998525,optimal,False
BSU36840,Mars_bakim_x3.0_siki_marj,,0.002719642902242641,,infeasible,False
BSU13600,Mars_bakim_x3.0_siki_marj,0.002719642902240688,0.002719642902242641,0.9999999999992819,optimal,False
BSU22540,Mars_bakim_x3.0_siki_marj,,0.002719642902242641,,infeasible,False
BSU18470,Mars_bakim_x3.0_siki_marj,0.0027196429022426963,0.002719642902242641,1.0000000000000204,optimal,False
BSU06160,Mars_bakim_x3.0_siki_marj,0.0027196429022435767,0.002719642902242641,1.0000000000003442,optimal,False
BSU37190,Mars_bakim_x3.0_siki_marj,0.0027196429022435767,0.002719642902242641,1.0000000000003442,optimal,False
BSU13580,Mars_bakim_x3.0_siki_marj,0.0027196429022435767,0.002719642902242641,1.0000000000003442,optimal,False
BSU00750,Mars_bakim_x3.0_siki_marj,0.0,0.002719642902242641,0.0,optimal,True
BSU32180,Mars_bakim_x3.0_siki_marj,0.0027196429022438044,0.002719642902242641,1.0000000000004279,optimal,False
BSU12380,Mars_bakim_x3.0_siki_marj,0.0027196429022430125,0.002719642902242641,1.0000000000001366,optimal,False
BSU15570,Mars_bakim_x3.0_siki_marj,5.841694750414167e-17,0.002719642902242641,2.147963890993577e-14,optimal,True
BSU37270,Mars_bakim_x3.0_siki_marj,0.0027196429022425315,0.002719642902242641,0.9999999999999598,optimal,False
BSU15350,Mars_bakim_x3.0_siki_marj,0.0027196429022425038,0.002719642902242641,0.9999999999999496,optimal,False
BSU09290,Mars_bakim_x3.0_siki_marj,0.0027196429022425038,0.002719642902242641,0.9999999999999496,optimal,False
BSU30830,Mars_bakim_x3.0_siki_marj,0.0027196429022425038,0.002719642902242641,0.9999999999999496,optimal,False
BSU37110,Mars_bakim_x3.0_siki_marj,0.0027187228546998875,0.002719642902242641,0.9996617028132647,optimal,False
BSU10020,Mars_bakim_x3.0_siki_marj,6.287482154909407e-14,0.002719642902242641,2.311877838713566e-11,optimal,True
BSU24340,Mars_bakim_x3.0_siki_marj,1.0360617571417867e-17,0.002719642902242641,3.809550718174953e-15,optimal,True
BSU22760,Mars_bakim_x3.0_siki_marj,4.222460895063274e-29,0.002719642902242641,1.5525791608822603e-26,optimal,True
BSU00790,Mars_bakim_x3.0_siki_marj,1.4534327102786698e-12,0.002719642902242641,5.344204230195651e-10,optimal,True
BSU32250,Mars_bakim_x3.0_siki_marj,-8.380616050852171e-15,0.002719642902242641,-3.0815134016092494e-12,optimal,True
BSU02360,Mars_bakim_x3.0_siki_marj,0.0027196429022423784,0.002719642902242641,0.9999999999999035,optimal,False
BSU30530,Mars_bakim_x3.0_siki_marj,0.002719642902243705,0.002719642902242641,1.0000000000003912,optimal,False
BSU06980,Mars_bakim_x3.0_siki_marj,0.002719642902243705,0.002719642902242641,1.0000000000003912,optimal,False
BSU37170,Mars_bakim_x3.0_siki_marj,0.002719642902243705,0.002719642902242641,1.0000000000003912,optimal,False
BSU03310,Mars_bakim_x3.0_siki_marj,0.002719642902243705,0.002719642902242641,1.0000000000003912,optimal,False
BSU22060,Mars_bakim_x3.0_siki_marj,0.002719642902243705,0.002719642902242641,1.0000000000003912,optimal,False
BSU21870,Mars_bakim_x3.0_siki_marj,1.2364144186787413e-16,0.002719642902242641,4.546238102286088e-14,optimal,True
BSU15550,Mars_bakim_x3.0_siki_marj,-2.0945652170162067e-15,0.002719642902242641,-7.70161852973054e-13,optimal,True
BSU38050,Mars_bakim_x3.0_siki_marj,0.0027196429022406875,0.002719642902242641,0.9999999999992818,optimal,False
BSU03200,Mars_bakim_x3.0_siki_marj,0.0027196429022484513,0.002719642902242641,1.0000000000021365,optimal,False
BSU27250,Mars_bakim_x3.0_siki_marj,0.002718579937156888,0.002719642902242641,0.9996091526998356,optimal,False
BSU33940,Mars_bakim_x3.0_siki_marj,,0.002719642902242641,,infeasible,False
BSU40070,Mars_bakim_x3.0_siki_marj,0.002719642902240515,0.002719642902242641,0.9999999999992183,optimal,False
BSU19630,Mars_bakim_x3.0_siki_marj,0.0027196429022421052,0.002719642902242641,0.999999999999803,optimal,False
BSU30240,Mars_bakim_x3.0_siki_marj,0.0027196429022421052,0.002719642902242641,0.999999999999803,optimal,False
BSU40850,Mars_bakim_x3.0_siki_marj,0.0027196429022421052,0.002719642902242641,0.999999999999803,optimal,False
BSU39370,Mars_bakim_x3.0_siki_marj,0.0027196429022421052,0.002719642902242641,0.999999999999803,optimal,False
BSU09540,Mars_bakim_x3.0_siki_marj,-5.340315200596829e-16,0.002719642902242641,-1.9636089709399566e-13,optimal,True
BSU15910,Mars_bakim_x3.0_siki_marj,0.0,0.002719642902242641,0.0,optimal,True
BSU16090,Mars_bakim_x3.0_siki_marj,,0.002719642902242641,,infeasible,False
BSU27450,Mars_bakim_x3.0_siki_marj,0.0027196429022403493,0.002719642902242641,0.9999999999991575,optimal,False
BSU16990,Mars_bakim_x3.0_siki_marj,0.0027196429022387147,0.002719642902242641,0.9999999999985564,optimal,False
BSU29060,Mars_bakim_x3.0_siki_marj,0.0027196429022387147,0.002719642902242641,0.9999999999985564,optimal,False
BSU32840,Mars_bakim_x3.0_siki_marj,0.002715073000447337,0.002719642902242641,0.9983196684419358,optimal,False
BSU22490,Mars_bakim_x3.0_siki_marj,1.0390191327969849e-15,0.002719642902242641,3.820424850410327e-13,optimal,True
BSU13610,Mars_bakim_x3.0_siki_marj,0.0027196429022421083,0.002719642902242641,0.9999999999998042,optimal,False
BSU16540,Mars_bakim_x3.0_siki_marj,0.0,0.002719642902242641,0.0,optimal,True
BSU13900,Mars_bakim_x3.0_siki_marj,0.000478887675532045,0.002719642902242641,0.17608476286984226,optimal,False
BSU22710,Mars_bakim_x3.0_siki_marj,-2.2176653269517347e-16,0.002719642902242641,-8.154251887713011e-14,optimal,True
BSU02390,Mars_bakim_x3.0_siki_marj,0.0027196429022409772,0.002719642902242641,0.9999999999993883,optimal,False
BSU22620,Mars_bakim_x3.0_siki_marj,0.002719642902239308,0.002719642902242641,0.9999999999987745,optimal,False
BSU35660,Mars_bakim_x3.0_siki_marj,0.0,0.002719642902242641,0.0,optimal,True
BSU14000,Mars_bakim_x3.0_siki_marj,0.0,0.002719642902242641,0.0,optimal,True
BSU33440,Mars_bakim_x3.0_siki_marj,0.0027196429022439115,0.002719642902242641,1.0000000000004672,optimal,False
BSU13910,Mars_bakim_x3.0_siki_marj,0.00047888767551492134,0.002719642902242641,0.17608476286354596,optimal,False
BSU13890,Mars_bakim_x3.0_siki_marj,0.00047888767552350334,0.002719642902242641,0.17608476286670152,optimal,False
BSU01530,Mars_bakim_x3.0_siki_marj,0.002719642902245014,0.002719642902242641,1.0000000000008726,optimal,False
BSU25420,Mars_bakim_x3.0_siki_marj,0.0027196429022469572,0.002719642902242641,1.0000000000015872,optimal,False
BSU28450,Mars_bakim_x3.0_siki_marj,,0.002719642902242641,,infeasible,False
BSU29340,Mars_bakim_x3.0_siki_marj,0.002719642902242329,0.002719642902242641,0.9999999999998853,optimal,False
BSU35760,Mars_bakim_x3.0_siki_marj,-1.55019420240057e-16,0.002719642902242641,-5.699991719950684e-14,optimal,True
BSU15180,Mars_bakim_x3.0_siki_marj,0.0,0.002719642902242641,0.0,optimal,True
BSU03280,Mars_bakim_x3.0_siki_marj,0.002719642902240768,0.002719642902242641,0.9999999999993114,optimal,False
BSU32730,Mars_bakim_x3.0_siki_marj,0.0027196429022383617,0.002719642902242641,0.9999999999984266,optimal,False
BSU35590,Mars_bakim_x3.0_siki_marj,0.0027196429022383617,0.002719642902242641,0.9999999999984266,optimal,False
BSU22640,Mars_bakim_x3.0_siki_marj,-4.736216596864995e-16,0.002719642902242641,-1.7414847342492906e-13,optimal,True
BSU32260,Mars_bakim_x3.0_siki_marj,0.0,0.002719642902242641,0.0,optimal,True
BSU14890,Mars_bakim_x3.0_siki_marj,,0.002719642902242641,,infeasible,False
BSU08460,Mars_bakim_x3.0_siki_marj,0.002719642902242861,0.002719642902242641,1.000000000000081,optimal,False
BSU15530,Mars_bakim_x3.0_siki_marj,1.568732523373968e-16,0.002719642902242641,5.768156260810482e-14,optimal,True
BSU23980,Mars_bakim_x3.0_siki_marj,0.0027196429022442593,0.002719642902242641,1.000000000000595,optimal,False
BSU31600,Mars_bakim_x3.0_siki_marj,0.002719642902243603,0.002719642902242641,1.000000000000354,optimal,False
BSU35670,Mars_bakim_x3.0_siki_marj,-3.1541283683887324e-16,0.002719642902242641,-1.1597582777458803e-13,optimal,True
BSU28780,Mars_bakim_x3.0_siki_marj,0.002719642902242335,0.002719642902242641,0.9999999999998875,optimal,False
BSU16750,Mars_bakim_x3.0_siki_marj,8.010796919135676e-16,0.002719642902242641,2.9455326331739743e-13,optimal,True
BSU29180,Mars_bakim_x3.0_siki_marj,,0.002719642902242641,,infeasible,False
BSU34870,Mars_bakim_x3.0_siki_marj,2.7572613272371793e-29,0.002719642902242641,1.013832119269599e-26,optimal,True
BSU35550,Mars_bakim_x3.0_siki_marj,0.0027196429022430272,0.002719642902242641,1.000000000000142,optimal,False
BSU18260,Mars_bakim_x3.0_siki_marj,0.002719642902244626,0.002719642902242641,1.00000000000073,optimal,False
BSU33430,Mars_bakim_x3.0_siki_marj,0.002719642902244626,0.002719642902242641,1.00000000000073,optimal,False
BSU29620,Mars_bakim_x3.0_siki_marj,-1.3078053888890083e-16,0.002719642902242641,-4.8087393672550934e-14,optimal,True
BSU14920,Mars_bakim_x3.0_siki_marj,,0.002719642902242641,,infeasible,False
BSU06240,Mars_bakim_x3.0_siki_marj,0.0027196429022421998,0.002719642902242641,0.9999999999998378,optimal,False
BSU40420,Mars_bakim_x3.0_siki_marj,1.1120346099908801e-13,0.002719642902242641,4.0888993517269745e-11,optimal,True
BSU35580,Mars_bakim_x3.0_siki_marj,0.0027196429022445247,0.002719642902242641,1.0000000000006928,optimal,False
BSU13110,Mars_bakim_x3.0_siki_marj,0.002719431856488751,0.002719642902242641,0.9999223994614456,optimal,False
BSU35600,Mars_bakim_x3.0_siki_marj,0.0027196429022420835,0.002719642902242641,0.999999999999795,optimal,False
BSU28740,Mars_bakim_x3.0_siki_marj,0.0027196429022421516,0.002719642902242641,0.9999999999998201,optimal,False
BSU10790,Mars_bakim_x3.0_siki_marj,0.0027196429022421516,0.002719642902242641,0.9999999999998201,optimal,False
BSU30540,Mars_bakim_x3.0_siki_marj,0.0027196429022421516,0.002719642902242641,0.9999999999998201,optimal,False
BSU39400,Mars_bakim_x3.0_siki_marj,0.0027196280123814153,0.002719642902242641,0.9999945250675325,optimal,False
BSU38990,Mars_bakim_x3.0_siki_marj,0.0027196429022411338,0.002719642902242641,0.9999999999994459,optimal,False
BSU34590,Mars_bakim_x3.0_siki_marj,0.0027196429022421516,0.002719642902242641,0.9999999999998201,optimal,False
BSU06170,Mars_bakim_x3.0_siki_marj,0.0027196429022421516,0.002719642902242641,0.9999999999998201,optimal,False
BSU00510,Mars_bakim_x3.0_siki_marj,-7.484437747157374e-15,0.002719642902242641,-2.751992822655372e-12,optimal,True
BSU30770,Mars_bakim_x3.0_siki_marj,0.0027196429022445204,0.002719642902242641,1.000000000000691,optimal,False
BSU16730,Mars_bakim_x3.0_siki_marj,0.002719642902239912,0.002719642902242641,0.9999999999989967,optimal,False
BSU35570,Mars_bakim_x3.0_siki_marj,0.002719642902239912,0.002719642902242641,0.9999999999989967,optimal,False
BSU11640,Mars_bakim_x3.0_siki_marj,0.002719642902239912,0.002719642902242641,0.9999999999989967,optimal,False
BSU28730,Mars_bakim_x3.0_siki_marj,0.002719642902239912,0.002719642902242641,0.9999999999989967,optimal,False
BSU38570,Mars_bakim_x3.0_siki_marj,0.002719642902239912,0.002719642902242641,0.9999999999989967,optimal,False
BSU15490,Mars_bakim_x3.0_siki_marj,6.657984806739936e-16,0.002719642902242641,2.448109934304134e-13,optimal,True
BSU06150,Mars_bakim_x3.0_siki_marj,0.002719642902243955,0.002719642902242641,1.0000000000004832,optimal,False
BSU18230,Mars_bakim_x3.0_siki_marj,0.002719642902238347,0.002719642902242641,0.9999999999984212,optimal,False
BSU29380,Mars_bakim_x3.0_siki_marj,0.002719642902238347,0.002719642902242641,0.9999999999984212,optimal,False
BSU33400,Mars_bakim_x3.0_siki_marj,0.002719642902238347,0.002719642902242641,0.9999999999984212,optimal,False
BSU38750,Mars_bakim_x3.0_siki_marj,0.002719642902238347,0.002719642902242641,0.9999999999984212,optimal,False
BSU14400,Mars_bakim_x3.0_siki_marj,0.002719642902238347,0.002719642902242641,0.9999999999984212,optimal,False
BSU12920,Mars_bakim_x3.0_siki_marj,0.002719642902238347,0.002719642902242641,0.9999999999984212,optimal,False
BSU22660,Mars_bakim_x3.0_siki_marj,-1.0513761227962444e-16,0.002719642902242641,-3.865860925819602e-14,optimal,True
BSU27810,Mars_bakim_x3.0_siki_marj,0.0027196429022429457,0.002719642902242641,1.0000000000001121,optimal,False
BSU34140,Mars_bakim_x3.0_siki_marj,0.0027196429022404655,0.002719642902242641,0.9999999999992001,optimal,False
BSU04360,Mars_bakim_x3.0_siki_marj,0.0027196429022404655,0.002719642902242641,0.9999999999992001,optimal,False
BSU32740,Mars_bakim_x3.0_siki_marj,0.0027196429022404655,0.002719642902242641,0.9999999999992001,optimal,False
BSU35750,Mars_bakim_x3.0_siki_marj,4.0055605318029956e-16,0.002719642902242641,1.4728259097913098e-13,optimal,True
BSU09130,Mars_bakim_x3.0_siki_marj,0.002719642902243223,0.002719642902242641,1.000000000000214,optimal,False
BSU27010,Mars_bakim_x3.0_siki_marj,0.0027196429022369162,0.002719642902242641,0.9999999999978951,optimal,False
BSU10270,Mars_bakim_x3.0_siki_marj,0.0027196429022369162,0.002719642902242641,0.9999999999978951,optimal,False
BSU01680,Mars_bakim_x3.0_siki_marj,0.0027196429022369162,0.002719642902242641,0.9999999999978951,optimal,False
BSU26690,Mars_bakim_x3.0_siki_marj,0.0027196429022369162,0.002719642902242641,0.9999999999978951,optimal,False
BSU31060,Mars_bakim_x3.0_siki_marj,0.0027196429022369162,0.002719642902242641,0.9999999999978951,optimal,False
BSU30800,Mars_bakim_x3.0_siki_marj,3.328992403369968e-16,0.002719642902242641,1.224054967152067e-13,optimal,True
BSU12010,Mars_bakim_x3.0_siki_marj,0.0027196429022403974,0.002719642902242641,0.9999999999991751,optimal,False
BSU31660,Mars_bakim_x3.0_siki_marj,0.002719642902241501,0.002719642902242641,0.9999999999995809,optimal,False
BSU36800,Mars_bakim_x3.0_siki_marj,,0.002719642902242641,,infeasible,False
BSU28470,Mars_bakim_x3.0_siki_marj,0.002719642902242342,0.002719642902242641,0.9999999999998901,optimal,False
BG12900,Mars_bakim_x3.0_siki_marj,1.3350788001492072e-16,0.002719642902242641,4.9090224273498915e-14,optimal,True
BSU15900,Mars_bakim_x3.0_siki_marj,0.0,0.002719642902242641,0.0,optimal,True
BSU24170,Mars_bakim_x3.0_siki_marj,0.002715473254433568,0.002719642902242641,0.9984668399643076,optimal,False
BSU39050,Mars_bakim_x3.0_siki_marj,0.0027196429022426066,0.002719642902242641,0.9999999999999875,optimal,False
BSU31630,Mars_bakim_x3.0_siki_marj,0.002719642902241576,0.002719642902242641,0.9999999999996085,optimal,False
BSU29140,Mars_bakim_x3.0_siki_marj,0.002719642902241576,0.002719642902242641,0.9999999999996085,optimal,False
BSU37790,Mars_bakim_x3.0_siki_marj,0.002719642902241576,0.002719642902242641,0.9999999999996085,optimal,False
BSU24070,Mars_bakim_x3.0_siki_marj,0.002719642902241576,0.002719642902242641,0.9999999999996085,optimal,False
BSU17000,Mars_bakim_x3.0_siki_marj,0.002719642902241576,0.002719642902242641,0.9999999999996085,optimal,False
BSU30280,Mars_bakim_x3.0_siki_marj,0.002719642902241576,0.002719642902242641,0.9999999999996085,optimal,False
BSU13590,Mars_bakim_x3.0_siki_marj,0.002719642902241576,0.002719642902242641,0.9999999999996085,optimal,False
BSU26860,Mars_bakim_x3.0_siki_marj,0.002719642902241576,0.002719642902242641,0.9999999999996085,optimal,False
BSU32450,Mars_bakim_x3.0_siki_marj,0.002719642902241576,0.002719642902242641,0.9999999999996085,optimal,False
BSU24970,Mars_bakim_x3.0_siki_marj,0.002719642902241576,0.002719642902242641,0.9999999999996085,optimal,False
BSU27220,Mars_bakim_x3.0_siki_marj,0.0027196429022392386,0.002719642902242641,0.999999999998749,optimal,False
BSU11670,Mars_bakim_x3.0_siki_marj,0.0027196429022392386,0.002719642902242641,0.999999999998749,optimal,False
BSU30440,Mars_bakim_x3.0_siki_marj,0.0027196429022392386,0.002719642902242641,0.999999999998749,optimal,False
BSU33910,Mars_bakim_x3.0_siki_marj,,0.002719642902242641,,infeasible,False
BSU24990,Mars_bakim_x3.0_siki_marj,0.0027196429022392113,0.002719642902242641,0.999999999998739,optimal,False
BSU00740,Mars_bakim_x3.0_siki_marj,8.137377394293063e-17,0.002719642902242641,2.9920756830181316e-14,optimal,True
BSU28300,Mars_bakim_x3.0_siki_marj,0.0027196429022409755,0.002719642902242641,0.9999999999993877,optimal,False
BSU39860,Mars_bakim_x3.0_siki_marj,0.002719642902243724,0.002719642902242641,1.0000000000003983,optimal,False
BSU39450,Mars_bakim_x3.0_siki_marj,0.002719642902243724,0.002719642902242641,1.0000000000003983,optimal,False
BSU13170,Mars_bakim_x3.0_siki_marj,0.002719642902243724,0.002719642902242641,1.0000000000003983,optimal,False
BSU29200,Mars_bakim_x3.0_siki_marj,-2.474964858930563e-16,0.002719642902242641,-9.100330256187993e-14,optimal,True
BSU26650,Mars_bakim_x3.0_siki_marj,0.00271964290224096,0.002719642902242641,0.9999999999993819,optimal,False
BSU00120,Mars_bakim_x3.0_siki_marj,0.002719642902238885,0.002719642902242641,0.9999999999986191,optimal,False
BSU23800,Mars_bakim_x3.0_siki_marj,0.002719642902238885,0.002719642902242641,0.9999999999986191,optimal,False
BSU18450,Mars_bakim_x3.0_siki_marj,0.002719642902238885,0.002719642902242641,0.9999999999986191,optimal,False
BSU32130,Mars_bakim_x3.0_siki_marj,0.002719642902238885,0.002719642902242641,0.9999999999986191,optimal,False
BSU32500,Mars_bakim_x3.0_siki_marj,0.002719642902238885,0.002719642902242641,0.9999999999986191,optimal,False
BSU23250,Mars_bakim_x3.0_siki_marj,0.002719642902238885,0.002719642902242641,0.9999999999986191,optimal,False
BSU08080,Mars_bakim_x3.0_siki_marj,0.002719642902238885,0.002719642902242641,0.9999999999986191,optimal,False
BSU30820,Mars_bakim_x3.0_siki_marj,-1.0109440657995604e-16,0.002719642902242641,-3.717194139590633e-14,optimal,True
BSU04570,Mars_bakim_x3.0_siki_marj,0.0,0.002719642902242641,0.0,optimal,True
BSU11610,Mars_bakim_x3.0_siki_marj,4.815484937539691e-13,0.002719642902242641,1.7706313330947975e-10,optimal,True
BSU00770,Mars_bakim_x3.0_siki_marj,1.249921338476293e-16,0.002719642902242641,4.595902415885546e-14,optimal,True
BSU23760,Mars_bakim_x3.0_siki_marj,0.002719642902242519,0.002719642902242641,0.9999999999999551,optimal,False
BSU22600,Mars_bakim_x3.0_siki_marj,-3.892409535325722e-17,0.002719642902242641,-1.4312208165697076e-14,optimal,True
BSU15590,Mars_bakim_x3.0_siki_marj,0.0,0.002719642902242641,0.0,optimal,True
BSU25640,Mars_bakim_x3.0_siki_marj,4.8577862468125384e-14,0.002719642902242641,1.786185327054065e-11,optimal,True
BSU33490,Mars_bakim_x3.0_siki_marj,0.0027196429022419756,0.002719642902242641,0.9999999999997554,optimal,False
BSU38770,Mars_bakim_x3.0_siki_marj,0.0027196429022440572,0.002719642902242641,1.0000000000005207,optimal,False
BSU11240,Mars_bakim_x3.0_siki_marj,0.0027196429022440572,0.002719642902242641,1.0000000000005207,optimal,False
BSU22370,Mars_bakim_x3.0_siki_marj,1.1903654848559674e-14,0.002719642902242641,4.376918322160537e-12,optimal,True
BSU15190,Mars_bakim_x3.0_siki_marj,2.0280887168706256e-16,0.002719642902242641,7.457187541784424e-14,optimal,True
BSU14580,Mars_bakim_x3.0_siki_marj,,0.002719642902242641,,infeasible,False
BSU29680,Mars_bakim_x3.0_siki_marj,0.00271964290224319,0.002719642902242641,1.0000000000002018,optimal,False
BSU40040,Mars_bakim_x3.0_siki_marj,0.0027196429022481364,0.002719642902242641,1.0000000000020206,optimal,False
BSU23490,Mars_bakim_x3.0_siki_marj,0.0027196429022481364,0.002719642902242641,1.0000000000020206,optimal,False
BSU28260,Mars_bakim_x3.0_siki_marj,-5.813977028049462e-17,0.002719642902242641,-2.1377722138649918e-14,optimal,True
BSU14910,Mars_bakim_x3.0_siki_marj,,0.002719642902242641,,infeasible,False
BSU24060,Mars_bakim_x3.0_siki_marj,2.0866489496510924e-31,0.002719642902242641,7.672510784156346e-29,optimal,True
BSU34150,Mars_bakim_x3.0_siki_marj,0.0027196429022411607,0.002719642902242641,0.9999999999994558,optimal,False
BSU17390,Mars_bakim_x3.0_siki_marj,-5.759888161804667e-17,0.002719642902242641,-2.117883990230855e-14,optimal,True
BSU00280,Mars_bakim_x3.0_siki_marj,0.0,0.002719642902242641,0.0,optimal,True
BSU39390,Mars_bakim_x3.0_siki_marj,0.0027196429022427215,0.002719642902242641,1.0000000000000298,optimal,False
BSU06460,Mars_bakim_x3.0_siki_marj,-4.9888073168537005e-14,0.002719642902242641,-1.8343611629085152e-11,optimal,True
BSU16760,Mars_bakim_x3.0_siki_marj,0.0027196429022435923,0.002719642902242641,1.00000000000035,optimal,False
BSU06990,Mars_bakim_x3.0_siki_marj,0.0027196429022448556,0.002719642902242641,1.0000000000008145,optimal,False
BSU28130,Mars_bakim_x3.0_siki_marj,0.0027196429022448556,0.002719642902242641,1.0000000000008145,optimal,False
BSU22830,Mars_bakim_x3.0_siki_marj,-1.134411481387322e-16,0.002719642902242641,-4.171178063310726e-14,optimal,True
BSU03800,Mars_bakim_x3.0_siki_marj,0.002719642902242297,0.002719642902242641,0.9999999999998735,optimal,False
BSU24980,Mars_bakim_x3.0_siki_marj,0.002719642902244488,0.002719642902242641,1.0000000000006792,optimal,False
BSU23280,Mars_bakim_x3.0_siki_marj,0.002719642902244488,0.002719642902242641,1.0000000000006792,optimal,False
BSU35780,Mars_bakim_x3.0_siki_marj,0.002719642902244488,0.002719642902242641,1.0000000000006792,optimal,False
BSU34610,Mars_bakim_x3.0_siki_marj,0.002719642902244488,0.002719642902242641,1.0000000000006792,optimal,False
BSU24130,Mars_bakim_x3.0_siki_marj,0.002719642902244488,0.002719642902242641,1.0000000000006792,optimal,False
BSU14830,Mars_bakim_x3.0_siki_marj,0.002719642902244488,0.002719642902242641,1.0000000000006792,optimal,False
BSU24850,Mars_bakim_x3.0_siki_marj,0.002719642902244488,0.002719642902242641,1.0000000000006792,optimal,False
BSU22410,Mars_bakim_x3.0_siki_marj,0.002719642902244488,0.002719642902242641,1.0000000000006792,optimal,False
BSU24030,Mars_bakim_x3.0_siki_marj,-3.4381003587106292e-18,0.002719642902242641,-1.264173453020447e-15,optimal,True
BSU06480,Mars_bakim_x3.0_siki_marj,-6.496113806495132e-14,0.002719642902242641,-2.388590723119708e-11,optimal,True
BSU28250,Mars_bakim_x3.0_siki_marj,1.690785623237526e-16,0.002719642902242641,6.216939811632217e-14,optimal,True
BSU38140,Mars_bakim_x3.0_siki_marj,0.002719642902243879,0.002719642902242641,1.0000000000004552,optimal,False
BSU07500,Mars_bakim_x3.0_siki_marj,0.002719642902243506,0.002719642902242641,1.0000000000003182,optimal,False
BSU38160,Mars_bakim_x3.0_siki_marj,0.002719642902243506,0.002719642902242641,1.0000000000003182,optimal,False
BSU36890,Mars_bakim_x3.0_siki_marj,0.002719642902243506,0.002719642902242641,1.0000000000003182,optimal,False
BSU30560,Mars_bakim_x3.0_siki_marj,0.002719642902243506,0.002719642902242641,1.0000000000003182,optimal,False
BSU27600,Mars_bakim_x3.0_siki_marj,0.002719642902243506,0.002719642902242641,1.0000000000003182,optimal,False
BSU38060,Mars_bakim_x3.0_siki_marj,0.002719642902243506,0.002719642902242641,1.0000000000003182,optimal,False
BSU12160,Mars_bakim_x3.0_siki_marj,0.002719642902243506,0.002719642902242641,1.0000000000003182,optimal,False
BSU40060,Mars_bakim_x3.0_siki_marj,0.002719642902243506,0.002719642902242641,1.0000000000003182,optimal,False
BSU03290,Mars_bakim_x3.0_siki_marj,0.002719642902243506,0.002719642902242641,1.0000000000003182,optimal,False
BSU30410,Mars_bakim_x3.0_siki_marj,0.002719642902243506,0.002719642902242641,1.0000000000003182,optimal,False
BSU16550,Mars_bakim_x3.0_siki_marj,8.063076419029526e-17,0.002719642902242641,2.964755561246899e-14,optimal,True
BSU24090,Mars_bakim_x3.0_siki_marj,0.002719642902241895,0.002719642902242641,0.9999999999997258,optimal,False
BSU38550,Mars_bakim_x3.0_siki_marj,0.002719642902247853,0.002719642902242641,1.0000000000019165,optimal,False
BSU15720,Mars_bakim_x3.0_siki_marj,0.002719642902247853,0.002719642902242641,1.0000000000019165,optimal,False
BSU06520,Mars_bakim_x3.0_siki_marj,1.5584292274823574e-13,0.002719642902242641,5.7302715227696374e-11,optimal,True
BSU16530,Mars_bakim_x3.0_siki_marj,0.002719642902228024,0.002719642902242641,0.9999999999946255,optimal,False
BSU05820,Mars_bakim_x3.0_siki_marj,0.0027196429022444024,0.002719642902242641,1.0000000000006477,optimal,False
BSU09310,Mars_bakim_x3.0_siki_marj,0.0027196429022444024,0.002719642902242641,1.0000000000006477,optimal,False
BSU15700,Mars_bakim_x3.0_siki_marj,0.0027196429022444024,0.002719642902242641,1.0000000000006477,optimal,False
BSU30950,Mars_bakim_x3.0_siki_marj,0.0027196429022444024,0.002719642902242641,1.0000000000006477,optimal,False
BSU18210,Mars_bakim_x3.0_siki_marj,0.0027196429022444024,0.002719642902242641,1.0000000000006477,optimal,False
BSU04340,Mars_bakim_x3.0_siki_marj,0.0027196429022444024,0.002719642902242641,1.0000000000006477,optimal,False
BSU27440,Mars_bakim_x3.0_siki_marj,0.0027196429022444024,0.002719642902242641,1.0000000000006477,optimal,False
BSU15220,Mars_bakim_x3.0_siki_marj,-1.6702714588900906e-16,0.002719642902242641,-6.141510186917446e-14,optimal,True
BSU31400,Mars_bakim_x3.0_siki_marj,0.0,0.002719642902242641,0.0,optimal,True
BSU34660,Mars_bakim_x3.0_siki_marj,0.0027196429022422136,0.002719642902242641,0.9999999999998429,optimal,False
BSU11210,Mars_bakim_x3.0_siki_marj,5.841189008554562e-17,0.002719642902242641,2.1477779320725774e-14,optimal,True
BSU02420,Mars_bakim_x3.0_siki_marj,0.0027196429022423546,0.002719642902242641,0.9999999999998948,optimal,False
BSU22130,Mars_bakim_x3.0_siki_marj,0.0027196429022414694,0.002719642902242641,0.9999999999995693,optimal,False
BSU33510,Mars_bakim_x3.0_siki_marj,0.0027196429022414694,0.002719642902242641,0.9999999999995693,optimal,False
BSU39750,Mars_bakim_x3.0_siki_marj,0.0027196429022414694,0.002719642902242641,0.9999999999995693,optimal,False
BSU07610,Mars_bakim_x3.0_siki_marj,0.0027196429022414694,0.002719642902242641,0.9999999999995693,optimal,False
BSU29120,Mars_bakim_x3.0_siki_marj,,0.002719642902242641,,infeasible,False
BSU03910,Mars_bakim_x3.0_siki_marj,0.002719642902242212,0.002719642902242641,0.9999999999998422,optimal,False
BSU22550,Mars_bakim_x3.0_siki_marj,,0.002719642902242641,,infeasible,False
BSU36870,Mars_bakim_x3.0_siki_marj,,0.002719642902242641,,infeasible,False
BSU34600,Mars_bakim_x3.0_siki_marj,0.002719642902242748,0.002719642902242641,1.0000000000000393,optimal,False
BSU07920,Mars_bakim_x3.0_siki_marj,0.002719627951744055,0.002719642902242641,0.9999945027714582,optimal,False
BSU23500,Mars_bakim_x3.0_siki_marj,0.0027191535627580877,0.002719642902242641,0.9998200721557416,optimal,False
BSU06970,Mars_bakim_x3.0_siki_marj,0.0027196429022450738,0.002719642902242641,1.0000000000008946,optimal,False
BSU12360,Mars_bakim_x3.0_siki_marj,0.0027196429022450764,0.002719642902242641,1.0000000000008955,optimal,False
BSU34790,Mars_bakim_x3.0_siki_marj,0.0027196429022450764,0.002719642902242641,1.0000000000008955,optimal,False
BSU07990,Mars_bakim_x3.0_siki_marj,0.0027196429022450764,0.002719642902242641,1.0000000000008955,optimal,False
BSU38530,Mars_bakim_x3.0_siki_marj,2.788578402941531e-16,0.002719642902242641,1.0253472618195741e-13,optimal,True
BSU15020,Mars_bakim_x3.0_siki_marj,0.002719642902242294,0.002719642902242641,0.9999999999998724,optimal,False
BSU30220,Mars_bakim_x3.0_siki_marj,0.002719642902244755,0.002719642902242641,1.0000000000007774,optimal,False
BSU15610,Mars_bakim_x3.0_siki_marj,0.002719642902244755,0.002719642902242641,1.0000000000007774,optimal,False
BSU29020,Mars_bakim_x3.0_siki_marj,0.002719642902243663,0.002719642902242641,1.000000000000376,optimal,False
BSU24140,Mars_bakim_x3.0_siki_marj,0.0027196429022385304,0.002719642902242641,0.9999999999984887,optimal,False
BSU37660,Mars_bakim_x3.0_siki_marj,0.000676387908516502,0.002719642902242641,0.24870467661719367,optimal,False
BSU39920,Mars_bakim_x3.0_siki_marj,0.0027196429022425398,0.002719642902242641,0.9999999999999628,optimal,False
BSU12020,Mars_bakim_x3.0_siki_marj,0.0027196429022419096,0.002719642902242641,0.9999999999997311,optimal,False
BSU09240,Mars_bakim_x3.0_siki_marj,0.0027196429022419096,0.002719642902242641,0.9999999999997311,optimal,False
BSU00090,Mars_bakim_x3.0_siki_marj,0.0027196429022419096,0.002719642902242641,0.9999999999997311,optimal,False
BSU33920,Mars_bakim_x3.0_siki_marj,,0.002719642902242641,,infeasible,False
BSU37240,Mars_bakim_x3.0_siki_marj,0.0027196429022421586,0.002719642902242641,0.9999999999998227,optimal,False
BSU31200,Mars_bakim_x3.0_siki_marj,0.00271964290224344,0.002719642902242641,1.000000000000294,optimal,False
BSU15860,Mars_bakim_x3.0_siki_marj,0.00271964290224344,0.002719642902242641,1.000000000000294,optimal,False
BSU33700,Mars_bakim_x3.0_siki_marj,0.00271964290224344,0.002719642902242641,1.000000000000294,optimal,False
BSU11010,Mars_bakim_x3.0_siki_marj,-6.675394000746037e-16,0.002719642902242641,-2.4545112136749457e-13,optimal,True
BSU09850,Mars_bakim_x3.0_siki_marj,0.0027196429022407435,0.002719642902242641,0.9999999999993023,optimal,False
BSU32410,Mars_bakim_x3.0_siki_marj,0.002719642902241163,0.002719642902242641,0.9999999999994565,optimal,False
BSU28170,Mars_bakim_x3.0_siki_marj,0.002719642902241163,0.002719642902242641,0.9999999999994565,optimal,False
BSU15620,Mars_bakim_x3.0_siki_marj,0.002719642902241163,0.002719642902242641,0.9999999999994565,optimal,False
BSU01370,Mars_bakim_x3.0_siki_marj,-1.2282828039346995e-14,0.002719642902242641,-4.516338534451883e-12,optimal,True
BSU29700,Mars_bakim_x3.0_siki_marj,0.002719642902243661,0.002719642902242641,1.000000000000375,optimal,False
BSU13620,Mars_bakim_x3.0_siki_marj,0.002719642902245407,0.002719642902242641,1.000000000001017,optimal,False
BSU08070,Mars_bakim_x3.0_siki_marj,0.002719642902245407,0.002719642902242641,1.000000000001017,optimal,False
BSU38020,Mars_bakim_x3.0_siki_marj,0.002719642902245407,0.002719642902242641,1.000000000001017,optimal,False
BSU12300,Mars_bakim_x3.0_siki_marj,0.002719642902245407,0.002719642902242641,1.000000000001017,optimal,False
BSU27460,Mars_bakim_x3.0_siki_marj,0.002719642902245407,0.002719642902242641,1.000000000001017,optimal,False
BSU08450,Mars_bakim_x3.0_siki_marj,0.002719642902245407,0.002719642902242641,1.000000000001017,optimal,False
BSU39720,Mars_bakim_x3.0_siki_marj,0.002719642902245407,0.002719642902242641,1.000000000001017,optimal,False
BSU28800,Mars_bakim_x3.0_siki_marj,0.002719642902245407,0.002719642902242641,1.000000000001017,optimal,False
BSU39380,Mars_bakim_x3.0_siki_marj,0.002719642902245407,0.002719642902242641,1.000000000001017,optimal,False
BSU38240,Mars_bakim_x3.0_siki_marj,0.002719642902245407,0.002719642902242641,1.000000000001017,optimal,False
BSU02490,Mars_bakim_x3.0_siki_marj,0.002719642902245407,0.002719642902242641,1.000000000001017,optimal,False
BSU32200,Mars_bakim_x3.0_siki_marj,0.002719642902245407,0.002719642902242641,1.000000000001017,optimal,False
BSU06500,Mars_bakim_x3.0_siki_marj,1.2666753581445367e-13,0.002719642902242641,4.657506164136569e-11,optimal,True
BSU40110,Mars_bakim_x3.0_siki_marj,0.0027196429022462295,0.002719642902242641,1.0000000000013196,optimal,False
BSU37500,Mars_bakim_x3.0_siki_marj,0.002719642902243052,0.002719642902242641,1.0000000000001512,optimal,False
BSU15730,Mars_bakim_x3.0_siki_marj,0.002719642902243052,0.002719642902242641,1.0000000000001512,optimal,False
BSU33040,Mars_bakim_x3.0_siki_marj,,0.002719642902242641,,infeasible,False
BSU33500,Mars_bakim_x3.0_siki_marj,0.0027196429022438833,0.002719642902242641,1.000000000000457,optimal,False
BSU33300,Mars_bakim_x3.0_siki_marj,0.0027196429022435602,0.002719642902242641,1.000000000000338,optimal,False
BSU30710,Mars_bakim_x3.0_siki_marj,0.0027196429022435602,0.002719642902242641,1.000000000000338,optimal,False
BSU26600,Mars_bakim_x3.0_siki_marj,0.0027196429022435602,0.002719642902242641,1.000000000000338,optimal,False
BSU29210,Mars_bakim_x3.0_siki_marj,-1.0188011155308562e-15,0.002719642902242641,-3.7460841446895254e-13,optimal,True
BSU24270,Mars_bakim_x3.0_siki_marj,0.0,0.002719642902242641,0.0,optimal,True
BSU03050,Mars_bakim_x3.0_siki_marj,0.002719642902242375,0.002719642902242641,0.9999999999999023,optimal,False
BSU15500,Mars_bakim_x3.0_siki_marj,1.0508672592539767e-16,0.002719642902242641,3.8639898583281746e-14,optimal,True
BSU35620,Mars_bakim_x3.0_siki_marj,0.0027196429022438495,0.002719642902242641,1.0000000000004443,optimal,False
BSU33240,Mars_bakim_x3.0_siki_marj,0.0027196429022448587,0.002719642902242641,1.0000000000008156,optimal,False
BSU19690,Mars_bakim_x3.0_siki_marj,0.0027196429022448587,0.002719642902242641,1.0000000000008156,optimal,False
BSU36370,Mars_bakim_x3.0_siki_marj,0.0027196429022448587,0.002719642902242641,1.0000000000008156,optimal,False
BSU14670,Mars_bakim_x3.0_siki_marj,0.0027196429022448587,0.002719642902242641,1.0000000000008156,optimal,False
BSU37260,Mars_bakim_x3.0_siki_marj,0.0027196429022448587,0.002719642902242641,1.0000000000008156,optimal,False
BSU03930,Mars_bakim_x3.0_siki_marj,0.0027196429022448587,0.002719642902242641,1.0000000000008156,optimal,False
BSU06450,Mars_bakim_x3.0_siki_marj,1.0669626615853242e-13,0.002719642902242641,3.923171901375352e-11,optimal,True
BSU28290,Mars_bakim_x3.0_siki_marj,2.260935609983481e-16,0.002719642902242641,8.313354698585958e-14,optimal,True
BSU36860,Mars_bakim_x3.0_siki_marj,,0.002719642902242641,,infeasible,False
BSU18570,Mars_bakim_x3.0_siki_marj,0.0027196429022420627,0.002719642902242641,0.9999999999997874,optimal,False
BSU33900,Mars_bakim_x3.0_siki_marj,,0.002719642902242641,,infeasible,False
BSU38860,Mars_bakim_x3.0_siki_marj,0.0027196429022407595,0.002719642902242641,0.9999999999993082,optimal,False
BSU33720,Mars_bakim_x3.0_siki_marj,0.0027196429022449875,0.002719642902242641,1.0000000000008629,optimal,False
BSU35790,Mars_bakim_x3.0_siki_marj,0.0027196429022449875,0.002719642902242641,1.0000000000008629,optimal,False
BSU03000,Mars_bakim_x3.0_siki_marj,0.0027196429022449875,0.002719642902242641,1.0000000000008629,optimal,False
BSU21920,Mars_bakim_x3.0_siki_marj,3.2263763579840465e-17,0.002719642902242641,1.1863235262701397e-14,optimal,True
BSU32430,Mars_bakim_x3.0_siki_marj,0.002719642902242177,0.002719642902242641,0.9999999999998296,optimal,False
BSU10520,Mars_bakim_x3.0_siki_marj,0.0027196429022441665,0.002719642902242641,1.0000000000005609,optimal,False
BSU21820,Mars_bakim_x3.0_siki_marj,0.0027196429022441665,0.002719642902242641,1.0000000000005609,optimal,False
BSU25900,Mars_bakim_x3.0_siki_marj,0.0027196429022441665,0.002719642902242641,1.0000000000005609,optimal,False
BSU14190,Mars_bakim_x3.0_siki_marj,-7.6858898143308e-17,0.002719642902242641,-2.8260658073870468e-14,optimal,True
BSU23380,Mars_bakim_x3.0_siki_marj,0.0,0.002719642902242641,0.0,optimal,True
BSU22700,Mars_bakim_x3.0_siki_marj,-1.0749257284320181e-15,0.002719642902242641,-3.952451726458739e-13,optimal,True
BSU26970,Mars_bakim_x3.0_siki_marj,0.0027196429022415276,0.002719642902242641,0.9999999999995907,optimal,False
BSU17460,Mars_bakim_x3.0_siki_marj,3.146083053176204e-14,0.002719642902242641,1.1568000528973553e-11,optimal,True
BSU15850,Mars_bakim_x3.0_siki_marj,0.0027196429022520365,0.002719642902242641,1.0000000000034548,optimal,False
BSU04620,Mars_bakim_x3.0_siki_marj,0.0027196429022489322,0.002719642902242641,1.0000000000023133,optimal,False
BSU36640,Mars_bakim_x3.0_siki_marj,0.0027196429022489322,0.002719642902242641,1.0000000000023133,optimal,False
BSU01610,Mars_bakim_x3.0_siki_marj,0.0027196429022489322,0.002719642902242641,1.0000000000023133,optimal,False
BSU18120,Mars_bakim_x3.0_siki_marj,0.0027196429022489322,0.002719642902242641,1.0000000000023133,optimal,False
BSU02510,Mars_bakim_x3.0_siki_marj,0.0027196429022489322,0.002719642902242641,1.0000000000023133,optimal,False
BSU29790,Mars_bakim_x3.0_siki_marj,-1.746062389280609e-16,0.002719642902242641,-6.420189900081335e-14,optimal,True
BSU25790,Mars_bakim_x3.0_siki_marj,0.00271964290224291,0.002719642902242641,1.000000000000099,optimal,False
BSU01770,Mars_bakim_x3.0_siki_marj,-4.945831243035128e-16,0.002719642902242641,-1.818559061175551e-13,optimal,True
BSU00110,Mars_bakim_x3.0_siki_marj,0.002719642902242345,0.002719642902242641,0.9999999999998912,optimal,False
BSU18440,Mars_bakim_x3.0_siki_marj,0.002719642902243374,0.002719642902242641,1.0000000000002696,optimal,False
BSU29690,Mars_bakim_x3.0_siki_marj,0.002719642902243374,0.002719642902242641,1.0000000000002696,optimal,False
BSU38260,Mars_bakim_x3.0_siki_marj,0.002719610715719438,0.002719642902242641,0.9999881651656634,optimal,False
BSU08710,Mars_bakim_x3.0_siki_marj,0.0027196429022460526,0.002719642902242641,1.0000000000012546,optimal,False
BSU02350,Mars_bakim_x3.0_siki_marj,0.002719642902239787,0.002719642902242641,0.9999999999989507,optimal,False
BSU15520,Mars_bakim_x3.0_siki_marj,0.002719642902239787,0.002719642902242641,0.9999999999989507,optimal,False
BSU28140,Mars_bakim_x3.0_siki_marj,0.002719642902239787,0.002719642902242641,0.9999999999989507,optimal,False
BSU29130,Mars_bakim_x3.0_siki_marj,,0.002719642902242641,,infeasible,False
BSU29450,Mars_bakim_x3.0_siki_marj,4.720476534807662e-31,0.002719642902242641,1.7356971869046176e-28,optimal,True
BSU37100,Mars_bakim_x3.0_siki_marj,0.002719642902243083,0.002719642902242641,1.0000000000001628,optimal,False
BSU22750,Mars_bakim_x3.0_siki_marj,1.3078053888890083e-16,0.002719642902242641,4.8087393672550934e-14,optimal,True
BSU31610,Mars_bakim_x3.0_siki_marj,0.00271964290224361,0.002719642902242641,1.0000000000003564,optimal,False
BSU09440,Mars_bakim_x3.0_siki_marj,0.002719642902242959,0.002719642902242641,1.000000000000117,optimal,False
BSU22690,Mars_bakim_x3.0_siki_marj,0.002719642902242959,0.002719642902242641,1.000000000000117,optimal,False
BSU08850,Mars_bakim_x3.0_siki_marj,0.002719642902242959,0.002719642902242641,1.000000000000117,optimal,False
BSU03070,Mars_bakim_x3.0_siki_marj,0.002719642902242959,0.002719642902242641,1.000000000000117,optimal,False
BSU36900,Mars_bakim_x3.0_siki_marj,3.6410599339776773e-14,0.002719642902242641,1.3388007414411753e-11,optimal,True
BSU27050,Mars_bakim_x3.0_siki_marj,0.002719642902239045,0.002719642902242641,0.999999999998678,optimal,False
BSU21810,Mars_bakim_x3.0_siki_marj,4.335424592976623e-15,0.002719642902242641,1.5941153852962073e-12,optimal,True
BSU16770,Mars_bakim_x3.0_siki_marj,-1.2459388333928269e-16,0.002719642902242641,-4.581258930594951e-14,optimal,True
BSU12950,Mars_bakim_x3.0_siki_marj,0.0027196429022385924,0.002719642902242641,0.9999999999985114,optimal,False
BSU06530,Mars_bakim_x3.0_siki_marj,1.4517933887673812e-13,0.002719642902242641,5.338176521521336e-11,optimal,True
BSU02990,Mars_bakim_x3.0_siki_marj,0.0027196429022403584,0.002719642902242641,0.9999999999991608,optimal,False
BSU33930,Mars_bakim_x3.0_siki_marj,,0.002719642902242641,,infeasible,False
BSU39260,Mars_bakim_x3.0_siki_marj,0.0027196429022439982,0.002719642902242641,1.0000000000004992,optimal,False
BSU30070,Mars_bakim_x3.0_siki_marj,0.0027196429022404898,0.002719642902242641,0.9999999999992091,optimal,False
BSU15630,Mars_bakim_x3.0_siki_marj,0.0027196429022404898,0.002719642902242641,0.9999999999992091,optimal,False
BSU30970,Mars_bakim_x3.0_siki_marj,0.0027196429022404898,0.002719642902242641,0.9999999999992091,optimal,False
BSU08000,Mars_bakim_x3.0_siki_marj,0.0027196429022404898,0.002719642902242641,0.9999999999992091,optimal,False
BSU38520,Mars_bakim_x3.0_siki_marj,-6.839758808301475e-17,0.002719642902242641,-2.5149473861665265e-14,optimal,True
BSU39980,Mars_bakim_x3.0_siki_marj,0.0027196429022433182,0.002719642902242641,1.0000000000002491,optimal,False
BSU28680,Mars_bakim_x3.0_siki_marj,0.0027196429022431573,0.002719642902242641,1.0000000000001898,optimal,False
BSU35920,Mars_bakim_x3.0_siki_marj,0.0027196429022431573,0.002719642902242641,1.0000000000001898,optimal,False
BSU30450,Mars_bakim_x3.0_siki_marj,0.0027196429022431573,0.002719642902242641,1.0000000000001898,optimal,False
BSU12330,Mars_bakim_x3.0_siki_marj,0.0027196429022431573,0.002719642902242641,1.0000000000001898,optimal,False
BSU00900,Mars_bakim_x3.0_siki_marj,-1.237368955287835e-16,0.002719642902242641,-4.549747888840443e-14,optimal,True
BSU04740,Mars_bakim_x3.0_siki_marj,4.51042652105864e-14,0.002719642902242641,1.6584627773518735e-11,optimal,True
BSU07830,Mars_bakim_x3.0_siki_marj,0.0027196429022454307,0.002719642902242641,1.0000000000010258,optimal,False
BSU36590,Mars_bakim_x3.0_siki_marj,0.002719642902241864,0.002719642902242641,0.9999999999997145,optimal,False
BSU36130,Mars_bakim_x3.0_siki_marj,0.002719642902241864,0.002719642902242641,0.9999999999997145,optimal,False
BSU27060,Mars_bakim_x3.0_siki_marj,0.002719642902241864,0.002719642902242641,0.9999999999997145,optimal,False
BSU31050,Mars_bakim_x3.0_siki_marj,0.002719642902241864,0.002719642902242641,0.9999999999997145,optimal,False
BSU03600,Mars_bakim_x3.0_siki_marj,0.002719642902241864,0.002719642902242641,0.9999999999997145,optimal,False
BSU40320,Mars_bakim_x3.0_siki_marj,0.002719642902241864,0.002719642902242641,0.9999999999997145,optimal,False
BSU31322,Mars_bakim_x3.0_siki_marj,0.002716352106733729,0.002719642902242641,0.998789989852639,optimal,False
BSU31090,Mars_bakim_x3.0_siki_marj,0.002719642902244965,0.002719642902242641,1.0000000000008546,optimal,False
BSU03330,Mars_bakim_x3.0_siki_marj,0.002719642902242311,0.002719642902242641,0.9999999999998787,optimal,False
BSU00140,Mars_bakim_x3.0_siki_marj,0.002719642902242311,0.002719642902242641,0.9999999999998787,optimal,False
BSU33380,Mars_bakim_x3.0_siki_marj,0.002719642902242311,0.002719642902242641,0.9999999999998787,optimal,False
BSU39760,Mars_bakim_x3.0_siki_marj,0.002719642902242311,0.002719642902242641,0.9999999999998787,optimal,False
BSU10010,Mars_bakim_x3.0_siki_marj,0.002719642902242311,0.002719642902242641,0.9999999999998787,optimal,False
BSU25500,Mars_bakim_x3.0_siki_marj,0.002719642902242311,0.002719642902242641,0.9999999999998787,optimal,False
BSU34860,Mars_bakim_x3.0_siki_marj,1.8911591199702012e-16,0.002719642902242641,6.95370380578544e-14,optimal,True
BSU23570,Mars_bakim_x3.0_siki_marj,0.0027196429022420744,0.002719642902242641,0.9999999999997917,optimal,False
BSU12940,Mars_bakim_x3.0_siki_marj,0.0027196429022413337,0.002719642902242641,0.9999999999995194,optimal,False
BSU09300,Mars_bakim_x3.0_siki_marj,0.0027196429022413337,0.002719642902242641,0.9999999999995194,optimal,False
BSU31980,Mars_bakim_x3.0_siki_marj,0.0027196429022413337,0.002719642902242641,0.9999999999995194,optimal,False
BSU34570,Mars_bakim_x3.0_siki_marj,0.0027196429022413337,0.002719642902242641,0.9999999999995194,optimal,False
BSU07490,Mars_bakim_x3.0_siki_marj,0.0027196429022413337,0.002719642902242641,0.9999999999995194,optimal,False
BSU35690,Mars_bakim_x3.0_siki_marj,2.1515030154413416e-16,0.002719642902242641,7.910976156712316e-14,optimal,True
BSU14590,Mars_bakim_x3.0_siki_marj,,0.002719642902242641,,infeasible,False
BSU13130,Mars_bakim_x3.0_siki_marj,0.0027196429022429925,0.002719642902242641,1.0000000000001292,optimal,False
BSU36710,Mars_bakim_x3.0_siki_marj,0.0027196244578654646,0.002719642902242641,0.9999932180886097,optimal,False
BSU12840,Mars_bakim_x3.0_siki_marj,0.002705399051817658,0.002719642902242641,0.9947626026883025,optimal,False
BSU36880,Mars_bakim_x3.0_siki_marj,,0.002719642902242641,,infeasible,False
BSU34550,Mars_bakim_x3.0_siki_marj,0.002719642902242722,0.002719642902242641,1.0000000000000298,optimal,False
BSU39270,Mars_bakim_x3.0_siki_marj,0.0027196429022433607,0.002719642902242641,1.0000000000002647,optimal,False
BSU24310,Mars_bakim_x3.0_siki_marj,2.7673710763465155e-14,0.002719642902242641,1.0175494268253077e-11,optimal,True
BSU34890,Mars_bakim_x3.0_siki_marj,0.002719642902240654,0.002719642902242641,0.9999999999992695,optimal,False
BSU17150,Mars_bakim_x3.0_siki_marj,0.002719642902242087,0.002719642902242641,0.9999999999997964,optimal,False
BSU11880,Mars_bakim_x3.0_siki_marj,0.002719642902242087,0.002719642902242641,0.9999999999997964,optimal,False
BSU19580,Mars_bakim_x3.0_siki_marj,0.002719642902242087,0.002719642902242641,0.9999999999997964,optimal,False
BSU12930,Mars_bakim_x3.0_siki_marj,0.002719642902242087,0.002719642902242641,0.9999999999997964,optimal,False
BSU21690,Mars_bakim_x3.0_siki_marj,0.002719642902242087,0.002719642902242641,0.9999999999997964,optimal,False
BSU08830,Mars_bakim_x3.0_siki_marj,0.002719642902242087,0.002719642902242641,0.9999999999997964,optimal,False
BSU23260,Mars_bakim_x3.0_siki_marj,0.002719642902242087,0.002719642902242641,0.9999999999997964,optimal,False
BSU26810,Mars_bakim_x3.0_siki_marj,0.002719642902242087,0.002719642902242641,0.9999999999997964,optimal,False
BSU33810,Mars_bakim_x3.0_siki_marj,0.002719642902242087,0.002719642902242641,0.9999999999997964,optimal,False
BSU03830,Mars_bakim_x3.0_siki_marj,0.002719642902242087,0.002719642902242641,0.9999999999997964,optimal,False
BSU36760,Mars_bakim_x3.0_siki_marj,0.002719642902242087,0.002719642902242641,0.9999999999997964,optimal,False
BSU03590,Mars_bakim_x3.0_siki_marj,0.002719642902242087,0.002719642902242641,0.9999999999997964,optimal,False
BSU27850,Mars_bakim_x3.0_siki_marj,6.432377355599782e-14,0.002719642902242641,2.3651551276439965e-11,optimal,True
BSU30300,Mars_bakim_x3.0_siki_marj,0.0027196429022483797,0.002719642902242641,1.00000000000211,optimal,False
BSU24050,Mars_bakim_x3.0_siki_marj,-2.040465813985796e-16,0.002719642902242641,-7.502697550120313e-14,optimal,True
BSU08060,Mars_bakim_x3.0_siki_marj,0.002719642902243304,0.002719642902242641,1.0000000000002438,optimal,False
BSU22090,Mars_bakim_x3.0_siki_marj,0.0027196429022411073,0.002719642902242641,0.9999999999994361,optimal,False
BSU34910,Mars_bakim_x3.0_siki_marj,-3.475128100930175e-17,0.002719642902242641,-1.2777883809909583e-14,optimal,True
BSU39730,Mars_bakim_x3.0_siki_marj,0.002719642902241425,0.002719642902242641,0.999999999999553,optimal,False
BSU11870,Mars_bakim_x3.0_siki_marj,1.2027248077860252e-18,0.002719642902242641,4.4223629756474575e-16,optimal,True
BSU38590,Mars_bakim_x3.0_siki_marj,0.002719642902242159,0.002719642902242641,0.9999999999998228,optimal,False
BSU00780,Mars_bakim_x3.0_siki_marj,1.8112507186731242e-16,0.002719642902242641,6.659884344299582e-14,optimal,True
BSU06440,Mars_bakim_x3.0_siki_marj,-3.0701861868779e-14,0.002719642902242641,-1.1288931294421773e-11,optimal,True
BSU28120,Mars_bakim_x3.0_siki_marj,0.002719642902240517,0.002719642902242641,0.9999999999992191,optimal,False
BSU08860,Mars_bakim_x3.0_siki_marj,0.0027196429022405873,0.002719642902242641,0.9999999999992449,optimal,False
BSU29600,Mars_bakim_x3.0_siki_marj,0.0027196429022405873,0.002719642902242641,0.9999999999992449,optimal,False
BSU18830,Mars_bakim_x3.0_siki_marj,0.0027196429022405873,0.002719642902242641,0.9999999999992449,optimal,False
BSU13730,Mars_bakim_x3.0_siki_marj,0.0027196429022405873,0.002719642902242641,0.9999999999992449,optimal,False
BSU12080,Mars_bakim_x3.0_siki_marj,0.0027196429022405873,0.002719642902242641,0.9999999999992449,optimal,False
BSU35540,Mars_bakim_x3.0_siki_marj,0.0027196429022405873,0.002719642902242641,0.9999999999992449,optimal,False
BSU33160,Mars_bakim_x3.0_siki_marj,0.0027196429022405873,0.002719642902242641,0.9999999999992449,optimal,False
BSU30740,Mars_bakim_x3.0_siki_marj,0.0027196429022405873,0.002719642902242641,0.9999999999992449,optimal,False
BSU39420,Mars_bakim_x3.0_siki_marj,0.0027191634858452344,0.002719642902242641,0.999823720828565,optimal,False
BSU00760,Mars_bakim_x3.0_siki_marj,-8.522408889672996e-15,0.002719642902242641,-3.1336499665619133e-12,optimal,True
BSU18220,Mars_bakim_x3.0_siki_marj,0.002719642902241723,0.002719642902242641,0.9999999999996626,optimal,False
BSU16670,Mars_bakim_x3.0_siki_marj,0.0027196429022448725,0.002719642902242641,1.0000000000008207,optimal,False
BSU22870,Mars_bakim_x3.0_siki_marj,0.0027196429022448725,0.002719642902242641,1.0000000000008207,optimal,False
BSU22100,Mars_bakim_x3.0_siki_marj,0.0027196429022448725,0.002719642902242641,1.0000000000008207,optimal,False
BSU22780,Mars_bakim_x3.0_siki_marj,5.373893887870195e-15,0.002719642902242641,1.9759556975067705e-12,optimal,True
BSU03130,Mars_bakim_x3.0_siki_marj,4.306190479705518e-14,0.002719642902242641,1.5833661383097746e-11,optimal,True
BSU07810,Mars_bakim_x3.0_siki_marj,0.002719642902239471,0.002719642902242641,0.9999999999988345,optimal,False
BSU31990,Mars_bakim_x3.0_siki_marj,0.0027196429022402,0.002719642902242641,0.9999999999991025,optimal,False
BSU15600,Mars_bakim_x3.0_siki_marj,0.0027196429022402,0.002719642902242641,0.9999999999991025,optimal,False
BSU36030,Mars_bakim_x3.0_siki_marj,0.0027196429022402,0.002719642902242641,0.9999999999991025,optimal,False
BSU31970,Mars_bakim_x3.0_siki_marj,0.0027196429022402,0.002719642902242641,0.9999999999991025,optimal,False
BSU38980,Mars_bakim_x3.0_siki_marj,0.0027196429022402,0.002719642902242641,0.9999999999991025,optimal,False
BSU08440,Mars_bakim_x3.0_siki_marj,0.0027196429022402,0.002719642902242641,0.9999999999991025,optimal,False
BSU06370,Mars_bakim_x3.0_siki_marj,0.0027196429022402,0.002719642902242641,0.9999999999991025,optimal,False
BSU12390,Mars_bakim_x3.0_siki_marj,0.0027196429022402,0.002719642902242641,0.9999999999991025,optimal,False
BSU34920,Mars_bakim_x3.0_siki_marj,1.752356702566368e-16,0.002719642902242641,6.44333379621773e-14,optimal,True
BSU33420,Mars_bakim_x3.0_siki_marj,0.002719642902245579,0.002719642902242641,1.0000000000010802,optimal,False
BSU36510,Mars_bakim_x3.0_siki_marj,-2.283904902344833e-14,0.002719642902242641,-8.397811714403775e-12,optimal,True
BSU17370,Mars_bakim_x3.0_siki_marj,-3.87746889003923e-18,0.002719642902242641,-1.4257272110400363e-15,optimal,True
BSU11650,Mars_bakim_x3.0_siki_marj,0.0027196429022419066,0.002719642902242641,0.99999999999973,optimal,False
BSU40340,Mars_bakim_x3.0_siki_marj,0.002719642902239946,0.002719642902242641,0.9999999999990091,optimal,False
BSU03040,Mars_bakim_x3.0_siki_marj,0.0027196429022462933,0.002719642902242641,1.000000000001343,optimal,False
BSU03010,Mars_bakim_x3.0_siki_marj,0.0027196429022462933,0.002719642902242641,1.000000000001343,optimal,False
BSU23610,Mars_bakim_x3.0_siki_marj,0.0027196429022462933,0.002719642902242641,1.000000000001343,optimal,False
BSU01620,Mars_bakim_x3.0_siki_marj,0.0027196429022462933,0.002719642902242641,1.000000000001343,optimal,False
BSU24080,Mars_bakim_x3.0_siki_marj,0.0026004100616780486,0.002719642902242641,0.9561586410972294,optimal,False
BSU03270,Mars_bakim_x3.0_siki_marj,0.002719642902239966,0.002719642902242641,0.9999999999990165,optimal,False
BSU19520,Mars_bakim_x3.0_siki_marj,0.002719642902243396,0.002719642902242641,1.0000000000002776,optimal,False
BSU22430,Mars_bakim_x3.0_siki_marj,0.002719642902243396,0.002719642902242641,1.0000000000002776,optimal,False
BSU24350,Mars_bakim_x3.0_siki_marj,-2.070642003530991e-16,0.002719642902242641,-7.61365399046883e-14,optimal,True
BSU14390,Mars_bakim_x3.0_siki_marj,0.002719642902241622,0.002719642902242641,0.9999999999996254,optimal,False
BSU33830,Mars_bakim_x3.0_siki_marj,0.0027196429022420684,0.002719642902242641,0.9999999999997895,optimal,False
BSU32460,Mars_bakim_x3.0_siki_marj,0.0027196429022420684,0.002719642902242641,0.9999999999997895,optimal,False
BSU34880,Mars_bakim_x3.0_siki_marj,-1.1682378017109116e-16,0.002719642902242641,-4.295555864145152e-14,optimal,True
BSU06470,Mars_bakim_x3.0_siki_marj,6.436921481593369e-14,0.002719642902242641,2.3668259815600896e-11,optimal,True
BSU28430,Mars_bakim_x3.0_siki_marj,,0.002719642902242641,,infeasible,False
BSU35700,Mars_bakim_x3.0_siki_marj,1.4277504931681895e-29,0.002719642902242641,5.249771916713236e-27,optimal,True
BSU31930,Mars_bakim_x3.0_siki_marj,0.002719642902240931,0.002719642902242641,0.9999999999993713,optimal,False
BSU09280,Mars_bakim_x3.0_siki_marj,0.002719642902244792,0.002719642902242641,1.000000000000791,optimal,False
BSU08200,Mars_bakim_x3.0_siki_marj,0.002719642902244792,0.002719642902242641,1.000000000000791,optimal,False
BSU36000,Mars_bakim_x3.0_siki_marj,0.002719163485849277,0.002719642902242641,0.9998237208300516,optimal,False
BSU33730,Mars_bakim_x3.0_siki_marj,0.0027196429022504623,0.002719642902242641,1.000000000002876,optimal,False
BSU03810,Mars_bakim_x3.0_siki_marj,0.002719642902245125,0.002719642902242641,1.0000000000009135,optimal,False
BSU00930,Mars_bakim_x3.0_siki_marj,0.002719642902245125,0.002719642902242641,1.0000000000009135,optimal,False
BSU06660,Mars_bakim_x3.0_siki_marj,0.002719642902245125,0.002719642902242641,1.0000000000009135,optimal,False
BSU14600,Mars_bakim_x3.0_siki_marj,,0.002719642902242641,,infeasible,False
BSU35720,Mars_bakim_x3.0_siki_marj,5.437396675733263e-31,0.002719642902242641,1.9993053761762398e-28,optimal,True
BSU14870,Mars_bakim_x3.0_siki_marj,0.002719642902243555,0.002719642902242641,1.0000000000003362,optimal,False
BSU33370,Mars_bakim_x3.0_siki_marj,0.0027196429022421833,0.002719642902242641,0.9999999999998318,optimal,False
BSU19800,Mars_bakim_x3.0_siki_marj,0.0027196429022421833,0.002719642902242641,0.9999999999998318,optimal,False
BSU24150,Mars_bakim_x3.0_siki_marj,0.0027196429022421833,0.002719642902242641,0.9999999999998318,optimal,False
BSU23850,Mars_bakim_x3.0_siki_marj,0.0027196429022421833,0.002719642902242641,0.9999999999998318,optimal,False
BSU10130,Mars_bakim_x3.0_siki_marj,0.0027196429022421833,0.002719642902242641,0.9999999999998318,optimal,False
BSU23270,Mars_bakim_x3.0_siki_marj,0.0027196429022421833,0.002719642902242641,0.9999999999998318,optimal,False
BSU29350,Mars_bakim_x3.0_siki_marj,0.0027196429022421833,0.002719642902242641,0.9999999999998318,optimal,False
BSU36830,Mars_bakim_x3.0_siki_marj,,0.002719642902242641,,infeasible,False
BSU08820,Mars_bakim_x3.0_siki_marj,0.0027196429022420853,0.002719642902242641,0.9999999999997957,optimal,False
BSU05810,Mars_bakim_x3.0_siki_marj,0.0027196429022433434,0.002719642902242641,1.0000000000002582,optimal,False
BSU00150,Mars_bakim_x3.0_siki_marj,0.0027191535627554275,0.002719642902242641,0.9998200721547635,optimal,False
BSU12960,Mars_bakim_x3.0_siki_marj,0.0027196429022420163,0.002719642902242641,0.9999999999997704,optimal,False
BSU02460,Mars_bakim_x3.0_siki_marj,0.0027196429022405544,0.002719642902242641,0.9999999999992328,optimal,False
BSU11200,Mars_bakim_x3.0_siki_marj,1.4037777774037823e-16,0.002719642902242641,5.161625359881678e-14,optimal,True
BSU35940,Mars_bakim_x3.0_siki_marj,0.0027196429022430823,0.002719642902242641,1.0000000000001623,optimal,False
BSU10170,Mars_bakim_x3.0_siki_marj,0.0027196429022417184,0.002719642902242641,0.9999999999996608,optimal,False
BSU11340,Mars_bakim_x3.0_siki_marj,2.336475603421824e-16,0.002719642902242641,8.591111728290306e-14,optimal,True
BSU37490,Mars_bakim_x3.0_siki_marj,0.0027196429022436326,0.002719642902242641,1.0000000000003646,optimal,False
BSU25020,Mars_bakim_x3.0_siki_marj,0.002719642902240174,0.002719642902242641,0.999999999999093,optimal,False
BSU24120,Mars_bakim_x3.0_siki_marj,0.002719642902240174,0.002719642902242641,0.999999999999093,optimal,False
BSU38040,Mars_bakim_x3.0_siki_marj,0.002719642902240174,0.002719642902242641,0.999999999999093,optimal,False
BSU38390,Mars_bakim_x3.0_siki_marj,0.002719642902240174,0.002719642902242641,0.999999999999093,optimal,False
BSU21900,Mars_bakim_x3.0_siki_marj,0.002719642902240174,0.002719642902242641,0.999999999999093,optimal,False
BSU13550,Mars_bakim_x3.0_siki_marj,0.002719642902240174,0.002719642902242641,0.999999999999093,optimal,False
BSU35680,Mars_bakim_x3.0_siki_marj,-3.932804264923292e-17,0.002719642902242641,-1.446073770082193e-14,optimal,True
BSU33820,Mars_bakim_x3.0_siki_marj,0.00271964290224197,0.002719642902242641,0.9999999999997533,optimal,False
BSU15580,Mars_bakim_x3.0_siki_marj,0.002719642902240174,0.002719642902242641,0.999999999999093,optimal,False
BSU02290,Mars_bakim_x3.0_siki_marj,-1.1860953446093792e-17,0.002719642902242641,-4.361217215801805e-15,optimal,True
BSU36810,Mars_bakim_x3.0_siki_marj,,0.002719642902242641,,infeasible,False
BSU25710,Mars_bakim_x3.0_siki_marj,0.002719642902249377,0.002719642902242641,1.000000000002477,optimal,False
BSU39360,Mars_bakim_x3.0_siki_marj,0.0027196429022403024,0.002719642902242641,0.9999999999991401,optimal,False
BSU31750,Mars_bakim_x3.0_siki_marj,0.0027196429022403024,0.002719642902242641,0.9999999999991401,optimal,False
BSU17600,Mars_bakim_x3.0_siki_marj,0.0027196429022403024,0.002719642902242641,0.9999999999991401,optimal,False
BSU28510,Mars_bakim_x3.0_siki_marj,0.0027196429022403024,0.002719642902242641,0.9999999999991401,optimal,False
BSU28750,Mars_bakim_x3.0_siki_marj,0.0027196429022403024,0.002719642902242641,0.9999999999991401,optimal,False
BSU11230,Mars_bakim_x3.0_siki_marj,0.0027196429022403024,0.002719642902242641,0.9999999999991401,optimal,False
BSU04560,Mars_bakim_x3.0_siki_marj,3.8436327182246744e-16,0.002719642902242641,1.4132858086093517e-13,optimal,True
BSU09530,Mars_bakim_x3.0_siki_marj,0.002719642902242369,0.002719642902242641,0.9999999999999,optimal,False
BSU00270,Mars_bakim_x3.0_siki_marj,0.002719642902251123,0.002719642902242641,1.0000000000031188,optimal,False
BSU08790,Mars_bakim_x3.0_siki_marj,0.002719642902251123,0.002719642902242641,1.0000000000031188,optimal,False
BSU13300,Mars_bakim_x3.0_siki_marj,0.002719642902251123,0.002719642902242641,1.0000000000031188,optimal,False
BSU27860,Mars_bakim_x3.0_siki_marj,5.388658361194728e-14,0.002719642902242641,1.9813845254283916e-11,optimal,True
BSU25580,Mars_bakim_x3.0_siki_marj,0.0027196429022429665,0.002719642902242641,1.0000000000001197,optimal,False
BSU18000,Mars_bakim_x3.0_siki_marj,,0.002719642902242641,,infeasible,False
BSU10220,Mars_bakim_x3.0_siki_marj,0.0027196429022437164,0.002719642902242641,1.0000000000003955,optimal,False
BSU24950,Mars_bakim_x3.0_siki_marj,0.0027196429022475006,0.002719642902242641,1.000000000001787,optimal,False
BSU31180,Mars_bakim_x3.0_siki_marj,0.0027196429022475006,0.002719642902242641,1.000000000001787,optimal,False
BSU14180,Mars_bakim_x3.0_siki_marj,2.3364756034218233e-16,0.002719642902242641,8.591111728290304e-14,optimal,True
BSU29710,Mars_bakim_x3.0_siki_marj,0.002719642902245448,0.002719642902242641,1.0000000000010323,optimal,False
BSU20020,Mars_bakim_x3.0_siki_marj,0.0027196429022430034,0.002719642902242641,1.0000000000001332,optimal,False
BSU03300,Mars_bakim_x3.0_siki_marj,0.0027196429022430034,0.002719642902242641,1.0000000000001332,optimal,False
BSU31760,Mars_bakim_x3.0_siki_marj,0.0027196429022430034,0.002719642902242641,1.0000000000001332,optimal,False
BSU01580,Mars_bakim_x3.0_siki_marj,0.0027196429022430034,0.002719642902242641,1.0000000000001332,optimal,False
BSU24960,Mars_bakim_x3.0_siki_marj,0.0027196429022430034,0.002719642902242641,1.0000000000001332,optimal,False
BSU22140,Mars_bakim_x3.0_siki_marj,0.0027196429022430034,0.002719642902242641,1.0000000000001332,optimal,False
BSU27270,Mars_bakim_x3.0_siki_marj,0.0027196429022430034,0.002719642902242641,1.0000000000001332,optimal,False
BSU00730,Mars_bakim_x3.0_siki_marj,0.0027196429022430034,0.002719642902242641,1.0000000000001332,optimal,False
BSU22670,Mars_bakim_x3.0_siki_marj,-5.136899223963484e-17,0.002719642902242641,-1.8888138658672994e-14,optimal,True
BSU15110,Mars_bakim_x3.0_siki_marj,0.0027196429022444926,0.002719642902242641,1.000000000000681,optimal,False
BSU35930,Mars_bakim_x3.0_siki_marj,0.0027196429022430034,0.002719642902242641,1.0000000000001332,optimal,False
BSU06310,Mars_bakim_x3.0_siki_marj,0.0027196429022430034,0.002719642902242641,1.0000000000001332,optimal,False
BSU35960,Mars_bakim_x3.0_siki_marj,0.0027196429022430034,0.002719642902242641,1.0000000000001332,optimal,False
BSU38510,Mars_bakim_x3.0_siki_marj,1.0273798447926967e-16,0.002719642902242641,3.777627731734599e-14,optimal,True
BSU38280,Mars_bakim_x3.0_siki_marj,0.002719610715717954,0.002719642902242641,0.9999881651651177,optimal,False
BSU03320,Mars_bakim_x3.0_siki_marj,0.002719642902242594,0.002719642902242641,0.9999999999999828,optimal,False
BSU32000,Mars_bakim_x3.0_siki_marj,0.0027196429022445586,0.002719642902242641,1.0000000000007052,optimal,False
BSU10120,Mars_bakim_x3.0_siki_marj,0.0027196429022445586,0.002719642902242641,1.0000000000007052,optimal,False
BSU05740,Mars_bakim_x3.0_siki_marj,0.0027196429022445586,0.002719642902242641,1.0000000000007052,optimal,False
BSU27430,Mars_bakim_x3.0_siki_marj,0.0027196429022445586,0.002719642902242641,1.0000000000007052,optimal,False
BSU07840,Mars_bakim_x3.0_siki_marj,0.002719628012383798,0.002719642902242641,0.9999945250684086,optimal,False
BSU01630,Mars_bakim_x3.0_siki_marj,0.0027196429022434783,0.002719642902242641,1.000000000000308,optimal,False
BSU31150,Mars_bakim_x3.0_siki_marj,1.052804933663814e-17,0.002719642902242641,3.871114596683491e-15,optimal,True
BSU36650,Mars_bakim_x3.0_siki_marj,0.0027196429022424175,0.002719642902242641,0.9999999999999178,optimal,False
BSU19360,Mars_bakim_x3.0_siki_marj,,0.002719642902242641,,infeasible,False
BSU02270,Mars_bakim_x3.0_siki_marj,2.5715789132998012e-28,0.002719642902242641,9.455575624208807e-26,optimal,True
BSU38190,Mars_bakim_x3.0_siki_marj,0.002719642902240442,0.002719642902242641,0.9999999999991915,optimal,False
BSU11330,Mars_bakim_x3.0_siki_marj,0.0027196429022419925,0.002719642902242641,0.9999999999997616,optimal,False
BSU22110,Mars_bakim_x3.0_siki_marj,0.0027196429022419925,0.002719642902242641,0.9999999999997616,optimal,False
BSU31640,Mars_bakim_x3.0_siki_marj,0.0027196429022419925,0.002719642902242641,0.9999999999997616,optimal,False
BSU03820,Mars_bakim_x3.0_siki_marj,0.0027196429022419925,0.002719642902242641,0.9999999999997616,optimal,False
BSU39350,Mars_bakim_x3.0_siki_marj,0.0027196429022419925,0.002719642902242641,0.9999999999997616,optimal,False
BSU23070,Mars_bakim_x3.0_siki_marj,-1.993027224033837e-15,0.002719642902242641,-7.32826806927619e-13,optimal,True
BSU39780,Mars_bakim_x3.0_siki_marj,0.0027196429022482683,0.002719642902242641,1.0000000000020692,optimal,False
